codigo_bo,narrativa_original,contexto_completo,relatorio_ia
1997,comunicante começou receber ligações mensagens      pessoas perguntando agiota  realiza emprestimos valores  comunicante negou perguntava pessoas aonde indicou ele  pessoas vendo anuncio facebook comentario  marketplace  onde consta nome telefone  diante desses contatos recebidos preocupado alguma fraude relacionado nome pede facebook retire imediatamente anuncios  registrase ,CODIGO: 1997 | NATUREZA: OUTRAS FRAUDES | DATA: 2025-03-15 00:00:00.000 | HORA: 1970-01-01 16:35:00 | LOCAL: CUIABA/JARDIM MARIANA | TIPO LOCAL: INTERNET | NARRATIVA: comunicante começou receber ligações mensagens      pessoas perguntando agiota  realiza emprestimos valores  comunicante negou perguntava pessoas aonde indicou ele  pessoas vendo anuncio facebook comentario  marketplace  onde consta nome telefone  diante desses contatos recebidos preocupado alguma fraude relacionado nome pede facebook retire imediatamente anuncios  registrase ,"**RELATÓRIO TÉCNICO RESUMIDO – BOLETIM DE OCORRÊNCIA**  
**DATA DOS FATOS:** 2025-03-15 00:00:00.000  
**HORA INICIAL DOS FATOS:** 1970-01-01 16:35:00  
**LOCAL:** CUIABA/JARDIM MARIANA – TIPO LOCAL: INTERNET  
**NATUREZA DA OCORRÊNCIA:** OUTRAS FRAUDES  
**RELATO SUCINTO DOS ACONTECIMENTOS:** O comunicante relatou ter recebido ligações e mensagens de pessoas que perguntavam sobre agiotagem e empréstimos de valores. Após negar o contato, o comunicante foi questionado sobre a origem de um anúncio publicado em redes sociais (Facebook) e marketplace, onde constavam seu nome e telefone. Preocupado com possíveis fraudes, solicitou a remoção imediata dos anúncios e registro de ocorrência."
1578, ligação mulher dizendo editora globo iriam cancelar assinatura revista comunicante possuia  comunicante possuia assinatura queria cancelar acreditou própria editora pediu dinheiro cancelar fez diversos pix dias valores 052024 2394    2  pix renata campos cruz  2340  48  30  78  4  77  50 lara  3  5  7 thabata santana oliveira  5  58 adrieli fatima  588  48 9  ria silva nascimento    5779 andreia evangelista alves 1599900ted   valor estornado  ficaram 1213 ás 1437 contato comunicantedados bancarios vitima vilma vinha bitar ag  46965 conta corrente 10 0110  banco brasilobs                   orientado comparecer delegacia especializadaestelionato  efeitos representação                  versão  nada declarar ,CODIGO: 1578 | NATUREZA: ESTELIONATO | DATA: 2024-05-15 00:00:00.000 | HORA: 1970-01-01 12:13:00 | LOCAL: CUIABA/DUQUE DE CAXIAS | TIPO LOCAL: EM BANCO | NARRATIVA:  ligação mulher dizendo editora globo iriam cancelar assinatura revista comunicante possuia  comunicante possuia assinatura queria cancelar acreditou própria editora pediu dinheiro cancelar fez diversos pix dias valores 052024 2394    2  pix renata campos cruz  2340  48  30  78  4  77  50 lara  3  5  7 thabata santana oliveira  5  58 adrieli fatima  588  48 9  ria silva nascimento    5779 andreia evangelista alves 1599900ted   valor estornado  ficaram 1213 ás 1437 contato comunicantedados bancarios vitima vilma vinha bitar ag  46965 conta corrente 10 0110  banco brasilobs                   orientado comparecer delegacia especializadaestelionato  efeitos representação                  versão  nada declarar ,"**RELATÓRIO TÉCNICO RESUMIDO – BOLETIM DE OCORRÊNCIA**  
**DATA DOS FATOS:** 2024-05-15  
**HORA INICIAL DOS FATOS:** 12:13  
**LOCAL:** CUIABÁ/DUQUE DE CAXIAS  
**NATUREZA DA OCORRÊNCIA:** ESTELIONATO  
**RELATO SUCINTO DOS ACONTECIMENTOS:** A vítima, Vilma Vinha Bitar, recebeu uma ligação de uma mulher que afirmava representar a Editora Globo, informando que sua assinatura de revista seria cancelada. A vítima acreditou no comunicado e, para evitar o cancelamento, realizou diversos PIXs em dias diferentes, com valores variados e nomes fictícios (ex.: Renata Campos Cruz, Lara, Thabata Santana Oliveira, Adrieli Fatima, Ria Silva Nascimento, Andreia Evangelista Alves). O total dos valores transferidos foi de R$ 1.213,00, com o último PIX realizado às 14:37. A vítima também forneceu dados bancários (agência 46965, conta corrente 10 0110, Banco do Brasil) ao suposto fraudador. Após o contato, foi orientada a comparecer à delegacia especializada em estelionato para registrar a ocorrência e prestar informações. A vítima não declarou outros detalhes."
11656,narra comuncante numero celular conta gmail clonados sairam pedindo pix pessoas conhecidas pix sai nome bruna silva  pix cpf 499313 79861 ,CODIGO: 11656 | NATUREZA: ESTELIONATO | DATA: 2024-09-25 00:00:00.000 | HORA: 1970-01-01 08:00:00 | LOCAL: CUIABA/RESIDENCIAL COXIPO | TIPO LOCAL: RESIDÊNCIA PARTICULAR | NARRATIVA: narra comuncante numero celular conta gmail clonados sairam pedindo pix pessoas conhecidas pix sai nome bruna silva  pix cpf 499313 79861 ,"**RELATÓRIO TÉCNICO RESUMIDO – BOLETIM DE OCORRÊNCIA**  
**DATA DOS FATOS:** 2024-09-25  
**HORA INICIAL DOS FATOS:** 1970-01-01 08:00:00  
**LOCAL:** CUIABA/RESIDENCIAL COXIPO  
**NATUREZA DA OCORRÊNCIA:** ESTELIONATO  
**RELATO SUCINTO DOS ACONTECIMENTOS:** O comunicante relatou que seu número celular, conta Gmail e WhatsApp foram clonados. Após o clonagem, pessoas conhecidas receberam solicitações de PIX, sendo realizado o pagamento sob o nome de Bruna Silva, CPF 49931379861."
7703,tecnica enfermagem  acordo comunicante mesma precisando trabalhar amiga suzy enfermeira indicou assessor deputado estadual poderia arrumar vaga comunicante unidade comunicante senhor solicitou vários documentos comunicante supostamente contrato junto prefeitura documentos entregues  comunicante informa senhor passou solicitar valor r 0 reais comunicante poder arrumar vaga unidade comunicante senhor disse valor pagar outro servidor nome gonçalo  comunicante informa valor pagou r  reais benificiário  972421   coop sicredi sudeste  comunicante informa disse iria interar valor r 25000 reais pagar tal gonçalo  após comunicante pagar valor senhor passou enrolar comunicante arrumou vaga esperado  ocorrência tomadas medidas cabíveis ,CODIGO: 7703 | NATUREZA: ESTELIONATO | DATA: 2024-02-09 00:00:00.000 | HORA: 1970-01-01 13:45:00 | LOCAL: CUIABA/PREJUDICADO | TIPO LOCAL: OUTRO | NARRATIVA: tecnica enfermagem  acordo comunicante mesma precisando trabalhar amiga suzy enfermeira indicou assessor deputado estadual poderia arrumar vaga comunicante unidade comunicante senhor solicitou vários documentos comunicante supostamente contrato junto prefeitura documentos entregues  comunicante informa senhor passou solicitar valor r 0 reais comunicante poder arrumar vaga unidade comunicante senhor disse valor pagar outro servidor nome gonçalo  comunicante informa valor pagou r  reais benificiário  972421   coop sicredi sudeste  comunicante informa disse iria interar valor r 25000 reais pagar tal gonçalo  após comunicante pagar valor senhor passou enrolar comunicante arrumou vaga esperado  ocorrência tomadas medidas cabíveis ,"**RELATÓRIO TÉCNICO RESUMIDO – BOLETIM DE OCORRÊNCIA**  
**DATA DOS FATOS:** 2024-02-09  
**HORA INICIAL DOS FATOS:** 1970-01-01 13:45:00  
**LOCAL:** CUIABA/PREJUDICADO  
**NATUREZA DA OCORRÊNCIA:** ESTELIONATO  
**RELATO SUCINTO DOS ACONTECIMENTOS:** A vítima, comunicante, relatou que foi contactada por uma enfermeira (amiga Suzy) que indicou um assessor do deputado estadual, que prometia arrumar uma vaga em uma unidade. Para isso, solicitou vários documentos, incluindo supostamente um contrato junto à prefeitura. Após entregar os documentos, o comunicante foi informado de que precisaria pagar R$ 25.000,00 para um servidor chamado Gonçalo. A vítima efetivamente transferiu o valor, mas o assessor passou a enrolar, evitando arrumar a vaga. A ocorrência foi registrada e medidas cabíveis foram tomadas."
13564,redes sociais contas google hackeadas tereciros passaram causar prejuizos vitima após usar redes vendas compras  disse redes sociais contas clonadas hackeadas são  gmail  instagran  facebook   conta mercado livre spotfy  disse após perceber fraude redes  conseguiu ter acesso contas  constatou pessoa hackeou contas passou usar contas causar prejuizos  vez suspeito passou fazer vendas compras inclusive produtros vitima comercializava contas  disse ainda suspeito passou modificar conta netflix spotfy  além realizar compras contas mercado livre  resolve rgeistrar perante autoridades competentes ,CODIGO: 13564 | NATUREZA: ESTELIONATO | DATA: 2024-01-27 00:00:00.000 | HORA: 1970-01-01 08:00:00 | LOCAL: CUIABA/COOPHAMIL | TIPO LOCAL: INTERNET | NARRATIVA: redes sociais contas google hackeadas tereciros passaram causar prejuizos vitima após usar redes vendas compras  disse redes sociais contas clonadas hackeadas são  gmail  instagran  facebook   conta mercado livre spotfy  disse após perceber fraude redes  conseguiu ter acesso contas  constatou pessoa hackeou contas passou usar contas causar prejuizos  vez suspeito passou fazer vendas compras inclusive produtros vitima comercializava contas  disse ainda suspeito passou modificar conta netflix spotfy  além realizar compras contas mercado livre  resolve rgeistrar perante autoridades competentes ,"**RELATÓRIO TÉCNICO RESUMIDO – BOLETIM DE OCORRÊNCIA**  
**DATA DOS FATOS:** 2024-01-27  
**HORA INICIAL DOS FATOS:** 1970-01-01 08:00:00  
**LOCAL:** CUIABA/COOPHAMIL  
**NATUREZA DA OCORRÊNCIA:** ESTELIONATO  
**RELATO SUCINTO DOS ACONTECIMENTOS:** A vítima relatou que suas contas de redes sociais (Google, Instagram, Facebook) e outras plataformas (Mercado Livre, Spotify, Netflix) foram hackeadas. O suspeito utilizou as contas clonadas para realizar compras e vendas, incluindo produtos comercializados pela vítima, além de modificar perfis e realizar transações fraudulentas. Após perceber a fraude, a vítima conseguiu acessar as contas e constatou a manipulação, registrando o caso perante autoridades competentes."
2881,estelionato internet empresa entrou contato comigo  ofereceu venda veículo seriae ntregue procedimento financiamento  mas veio contrato percebi tratava consórcio  enviarem contrato induziada fazer depósito r 128371 com contrato mãos percebi havia sido enganada assinei mesmo  entrei contato empresa solicitando reembolso valor  mandaram ficha solicitação cancelamento informaram feito reembolsoate momento feito  suspeita motivo comportamento suspeito  ,CODIGO: 2881 | NATUREZA: ESTELIONATO | DATA: 2025-02-12 00:00:00.000 | HORA: 1970-01-01 17:00:00 | LOCAL: CUIABA/SAO JOAO DEL REI | TIPO LOCAL: OUTRO | NARRATIVA: estelionato internet empresa entrou contato comigo  ofereceu venda veículo seriae ntregue procedimento financiamento  mas veio contrato percebi tratava consórcio  enviarem contrato induziada fazer depósito r 128371 com contrato mãos percebi havia sido enganada assinei mesmo  entrei contato empresa solicitando reembolso valor  mandaram ficha solicitação cancelamento informaram feito reembolsoate momento feito  suspeita motivo comportamento suspeito  ,"**RELATÓRIO TÉCNICO RESUMIDO – BOLETIM DE OCORRÊNCIA**  
**DATA DOS FATOS:** 2025-02-12  
**HORA INICIAL DOS FATOS:** 1970-01-01 17:00:00  
**LOCAL:** CUIABA/SAO JOAO DEL REI  
**NATUREZA DA OCORRÊNCIA:** ESTELIONATO  
**RELATO SUCINTO DOS ACONTECIMENTOS:** A vítima foi contactada por uma empresa via internet, que ofereceu a venda de veículo com procedimento de financiamento. Ao analisar o contrato, percebeu-se que tratava-se de um consórcio. Foi induzida a realizar depósito de R$ 128.371, assinando o contrato. Posteriormente, solicitou reembolso, sendo informada de que o valor já havia sido reembolsado. Suspeita de comportamento suspeito por parte da empresa."
5417,dia 14 recebi email ferramoscagmailcom pesquisa satisfação operadora vivo querendo saber experiência atendimento representante vendas vivo  dia reencaminhei mensagem operadora  meio endereço fale_conoscovivocombr  informando tratava fraude  vez busquei atendimento operadora  dia seguinte 15 compareci loja vivo  localizada shopping pantanal  cidade cuiabámt  onde solicitei pesquisa cpf  ocasião informaram havia linha nome  sendo   imediatamente informei reconhecia sendo solicitei cancelamento  atendente abriu protocolo nº 3 orientou contatar ouvidoria vivo solicitar cancelamento  dia entrei contato ouvidoria vivo meio telefone  ocasião falei atendente nome katiucia  informou procedimento cancelamento deveria ter sido realizado loja vivo  vez meios  canal ouvidoria  verificar dados  documentos realizar biometria  final ligação ouvidoria informaou protocolo nº  dia seguinte  retornei mesma loja vivo shopping pantanal  ocorrido solicitei novamente cancelamento linha   reconheço sendo minha  loja realizou então desativação serviço forneceu protocolo atendimento nº  data 162024  132910  diante exposto  fins resguardo idoneidade  informo reconheço sendo qualquer ligação sido linha   aberta forma fraudulenta nome cpf ,CODIGO: 5417 | NATUREZA: OUTRAS FRAUDES | DATA: 2024-02-14 11:00:00.000 | HORA: 1970-01-01 11:00:00 | LOCAL: CUIABA/CENTRO SUL | TIPO LOCAL: NAO ESPECIFICADO | NARRATIVA: dia 14 recebi email ferramoscagmailcom pesquisa satisfação operadora vivo querendo saber experiência atendimento representante vendas vivo  dia reencaminhei mensagem operadora  meio endereço fale_conoscovivocombr  informando tratava fraude  vez busquei atendimento operadora  dia seguinte 15 compareci loja vivo  localizada shopping pantanal  cidade cuiabámt  onde solicitei pesquisa cpf  ocasião informaram havia linha nome  sendo   imediatamente informei reconhecia sendo solicitei cancelamento  atendente abriu protocolo nº 3 orientou contatar ouvidoria vivo solicitar cancelamento  dia entrei contato ouvidoria vivo meio telefone  ocasião falei atendente nome katiucia  informou procedimento cancelamento deveria ter sido realizado loja vivo  vez meios  canal ouvidoria  verificar dados  documentos realizar biometria  final ligação ouvidoria informaou protocolo nº  dia seguinte  retornei mesma loja vivo shopping pantanal  ocorrido solicitei novamente cancelamento linha   reconheço sendo minha  loja realizou então desativação serviço forneceu protocolo atendimento nº  data 162024  132910  diante exposto  fins resguardo idoneidade  informo reconheço sendo qualquer ligação sido linha   aberta forma fraudulenta nome cpf ,"**RELATÓRIO TÉCNICO RESUMIDO – BOLETIM DE OCORRÊNCIA**  
**DATA DOS FATOS:** 2024-02-14  
**HORA INICIAL DOS FATOS:** 1970-01-01 11:00:00  
**LOCAL:** CUIABA/CENTRO SUL  
**NATUREZA DA OCORRÊNCIA:** OUTRAS FRAUDES  
**RELATO SUCINTO DOS ACONTECIMENTOS:**  
No dia 14/02/2024, o autor recebeu um e-mail de origem suspeita (ferramoscagmailcom) solicitando feedback sobre atendimento da operadora Vivo. Após identificar a possível fraude, encaminhou a mensagem à operadora via e-mail (fale_conoscovivocombr) e compareceu à loja Vivo no Shopping Pantanal, Cuiabá, no dia 15/02/2024. Solicitou pesquisa de CPF e informou que a linha estava sob seu nome, solicitando cancelamento. O atendente abriu protocolo nº 3 e orientou contato com a Ombudsman Vivo. No dia seguinte, após contato com a Ombudsman (atendente Katiucia), foi informado que o cancelamento deveria ser realizado via canal ouvidoria, com verificação de dados e biometria. Retornou à loja no dia 16/02/2024, onde a linha foi desativada com protocolo nº 132910/2024. O autor informa que a linha foi fraudulenta e não reconhece as chamadas como originais."
12917,que  utilizando nome aplicar golpe clientes  golpistas entrando contato clientes falando solicitando dinheiro  utilizando  65  998110392  contudo  nunca  clientes idosos correm risco cometer algum erro transferir valor delinquentes ocorrência confeccionado comunicante   ,CODIGO: 12917 | NATUREZA: OUTRAS FRAUDES | DATA: 2024-07-16 16:30:00.000 | HORA: 1970-01-01 16:30:00 | LOCAL: CUIABA/JARDIM DAS AMERICAS | TIPO LOCAL: INTERNET | NARRATIVA: que  utilizando nome aplicar golpe clientes  golpistas entrando contato clientes falando solicitando dinheiro  utilizando  65  998110392  contudo  nunca  clientes idosos correm risco cometer algum erro transferir valor delinquentes ocorrência confeccionado comunicante   ,"**RELATÓRIO TÉCNICO RESUMIDO – BOLETIM DE OCORRÊNCIA**  
**DATA DOS FATOS:** 2024-07-16 16:30:00.000  
**HORA INICIAL DOS FATOS:** 1970-01-01 16:30:00  
**LOCAL:** CUIABA/JARDIM DAS AMERICAS  
**NATUREZA DA OCORRÊNCIA:** OUTRAS FRAUDES  
**RELATO SUCINTO DOS ACONTECIMENTOS:** Ocorreu tentativa de golpe por meio de contato telefônico, onde fraudadores utilizavam nomes falsos para enganar clientes, solicitando transferências financeiras. O número utilizado para o contato foi 65 998110392. Apesar da tentativa, os clientes não transferiram valores, destacando-se o risco de idosos cometerem erros durante o processo. A ocorrência foi confeccionada por um comunicante, possivelmente com fins de engano ou desinformação."
10424,relatando data citada transação indevida  225189  dois mil duzentos cinquenta reias oitenta nove centavos  pessoa desconhece cujo nome lucas           nada relatou            relatar ,CODIGO: 10424 | NATUREZA: OUTRAS FRAUDES | DATA: 2024-10-10 00:00:00.000 | HORA: 1970-01-01 16:11:00 | LOCAL: CUIABA/GRANDE TERCEIRO | TIPO LOCAL: OUTRO | NARRATIVA: relatando data citada transação indevida  225189  dois mil duzentos cinquenta reias oitenta nove centavos  pessoa desconhece cujo nome lucas           nada relatou            relatar ,"**RELATÓRIO TÉCNICO RESUMIDO – BOLETIM DE OCORRÊNCIA**  
**DATA DOS FATOS:** 2024-10-10  
**HORA INICIAL DOS FATOS:** 1970-01-01 16:11:00  
**LOCAL:** CUIABA/GRANDE TERCEIRO  
**NATUREZA DA OCORRÊNCIA:** OUTRAS FRAUDES  
**RELATO SUCINTO DOS ACONTECIMENTOS:** Relato de uma transação indevida com valor de R$ 225.189,09, referenciada como ""225189"". A pessoa relata desconhecer o nome da pessoa envolvida (""Lucas"") e não houve comunicação prévia sobre o fato. O relato menciona a data citada (2024-10-10) e a ausência de informações adicionais."
8729,dia 1301 realizei compra via whatsapp  empresa manocell  paguei r 1500 ipad marca apple falou 10 15 dias  entregue  diversas vezes mandei mensagem perguntando sobre entrega mercadoria falou atraso  dia 052025 entregue devolveria valor via pix  momento nao recebi mercadoria nao recebi valor volta  nao responde mensagens  seguida  enviei mensagem via crime sido  nao sei quanto material  comprei mercadoria nao entregue,CODIGO: 8729 | NATUREZA: OUTRAS FRAUDES | DATA: 2025-01-13 00:00:00.000 | HORA: 1970-01-01 21:37:00 | LOCAL: CUIABA/BOA ESPERANCA | TIPO LOCAL: OUTRO | NARRATIVA: dia 1301 realizei compra via whatsapp  empresa manocell  paguei r 1500 ipad marca apple falou 10 15 dias  entregue  diversas vezes mandei mensagem perguntando sobre entrega mercadoria falou atraso  dia 052025 entregue devolveria valor via pix  momento nao recebi mercadoria nao recebi valor volta  nao responde mensagens  seguida  enviei mensagem via crime sido  nao sei quanto material  comprei mercadoria nao entregue,"**RELATÓRIO TÉCNICO RESUMIDO – BOLETIM DE OCORRÊNCIA**  
**DATA DOS FATOS:** 2025-01-13  
**HORA INICIAL DOS FATOS:** 1970-01-01 21:37:00  
**LOCAL:** CUIABA/BOA ESPERANCA  
**NATUREZA DA OCORRÊNCIA:** OUTRAS FRAUDES  
**RELATO SUCINTO DOS ACONTECIMENTOS:**  
No dia 13/01/2025, o autor realizou compra via WhatsApp com a empresa Manocell, pagando R$ 1.500,00 por um iPad da marca Apple, com promessa de entrega em 10 a 15 dias. Durante o período, diversas mensagens foram enviadas solicitando informações sobre o status da entrega, sendo informado sobre atrasos. No dia 05/05/2025, a mercadoria foi entregue, porém o autor não recebeu o produto e também não obteve o reembolso via PIX. O vendedor deixou de responder a mensagens, e após a comunicação via crime (possível erro ou referência a denúncia), o autor informou que não sabe quantos materiais foram comprados e que a mercadoria não foi entregue."
15216,recebi 2 boletos valor total r 372802 cartório 4  tabeliontao notas protestos titulos cuiaba  apresentante pgf  procuradoria geral federal   sacador inmetro sgi  sei refere cobrança  nenhuma empresa precise serviços inmetro fazendo bo proteger quaisquer problemas futuro  reconheço cobranças préregistro protocolo nº ,CODIGO: 15216 | NATUREZA: OUTRAS FRAUDES | DATA: 2024-01-09 15:23:00.000 | HORA: 1970-01-01 15:23:00 | LOCAL: CUIABA/DUQUE DE CAXIAS | TIPO LOCAL: NAO ESPECIFICADO | NARRATIVA: recebi 2 boletos valor total r 372802 cartório 4  tabeliontao notas protestos titulos cuiaba  apresentante pgf  procuradoria geral federal   sacador inmetro sgi  sei refere cobrança  nenhuma empresa precise serviços inmetro fazendo bo proteger quaisquer problemas futuro  reconheço cobranças préregistro protocolo nº ,"**RELATÓRIO TÉCNICO RESUMIDO – BOLETIM DE OCORRÊNCIA**  
**DATA DOS FATOS:** 2024-01-09 15:23:00.000  
**HORA INICIAL DOS FATOS:** 1970-01-01 15:23:00  
**LOCAL:** CUIABA/DUQUE DE CAXIAS  
**NATUREZA DA OCORRÊNCIA:** OUTRAS FRAUDES  
**RELATO SUCINTO DOS ACONTECIMENTOS:** O relator informa ter recebido 2 boletos com valor total de R$ 372.802, envolvendo cartório, tabeliontao, protestos e títulos em Cuiabá. A narrativa menciona a apresentação de documentos relacionados à Procuradoria Geral Federal (PGF), Inmetro e outros órgãos, com referência a cobranças pré-registradas e um protocolo nº. A atividade é associada a problemas futuros e a proteção de possíveis irregularidades. O relato apresenta termos técnicos e referências a processos legais, mas não fornece detalhes claros sobre a natureza exata da fraude."
4710,dia   após  manhã  declarante vítima estelionato neste município  afirmando ter recebido ligação aparelho celular  65  8136 pessoa passava representante banco brasil  acredita ligação feita homem durante contato disse havia sido realizada compra suspeita cartão crédito declarante aeroporto  contudo  recorda valor  naquela primeira ligação declarante disse suposto representante banco aeroporto  esclarecendo residência  acompanhando trabalho diarista  99685   conversa período manhã encerrada suposto representante banco brasil  disse iria entrar contato posteriormente  período tarde  passar novas informações sobre caso  período tarde local trabalho novamente recebeu ligação suposto representante banco  disse precisariam recolher chip cartão declarante periciado  solicitado declarante recortar chip  pois pessoa iria buscálo levar polícia suposta perícia  declarante acreditou realmente poderia ter ocorrido alguma fragilidade segurança cartão recortou chip  dia  ainda período tarde  pessoa local trabalho  tratandose promotoria justiça cuiabá  recolher chip cartão supostamente periciado  recorda pessoa buscou chip veículo prisma  cor preta  recorda placa  tal pessoa tratava homem branco  aparentemente meia idade  momento havia percebido caíndo golpe  pois ocupado atividades profissionais  contudo  período noite resolveu ligar banco brasil  informou havia acontecido comunicado ocorrido nenhuma tentativa compra cartão período manhã aeroporto  contudo  informado haviam    cento oitenta mil reais  cartão  tal compra havia sido negada sistema segurança banco brasil  tomar conhecimento fato declarante contestou tal compra perante  contudo  posteriormente informado contestação havia sido negada  pois afirmaram tentativa compra realizada forma presencial uso cartão senha  presente data  declarante verificou outras tentativas compras estelionatários  inclusive tentativa compra valor 1  cento cinquenta mil reais   apresentando mensagens banco brasil dizendo compra valor r   cento ointenta mil  recobrada próxima fatura  compra valor r 1800 reais  parcelada 08 vezes r 225 quinhentos reais  conta fatura mês agosto  compra realizada dia 10072024 h58min  conforme mensagens sms banco  contudo  contato banco ocorreu antes horário realizada compra  apresentando nesta ocasião diversas mensagens aplicativo whatsapp enviadas banco brasil confirmando contato 04  código 116957  volta 1940  protocolo ligação banco registrado sob  declarante afirma nenhum momento passou senha eventuais estelionatários  bem acessou nenhum link estanho possa ter sido enviado uso senha  delarante compartilha senha ninguém  afirmando nenhum funcionário familiar sabia senha pessoal cartão crédi,CODIGO: 4710 | NATUREZA: ESTELIONATO | DATA: 2024-07-10 00:00:00.000 | HORA: 1970-01-01 12:00:00 | LOCAL: CUIABA/PREJUDICADO | TIPO LOCAL: OUTRO | NARRATIVA: dia   após  manhã  declarante vítima estelionato neste município  afirmando ter recebido ligação aparelho celular  65  8136 pessoa passava representante banco brasil  acredita ligação feita homem durante contato disse havia sido realizada compra suspeita cartão crédito declarante aeroporto  contudo  recorda valor  naquela primeira ligação declarante disse suposto representante banco aeroporto  esclarecendo residência  acompanhando trabalho diarista  99685   conversa período manhã encerrada suposto representante banco brasil  disse iria entrar contato posteriormente  período tarde  passar novas informações sobre caso  período tarde local trabalho novamente recebeu ligação suposto representante banco  disse precisariam recolher chip cartão declarante periciado  solicitado declarante recortar chip  pois pessoa iria buscálo levar polícia suposta perícia  declarante acreditou realmente poderia ter ocorrido alguma fragilidade segurança cartão recortou chip  dia  ainda período tarde  pessoa local trabalho  tratandose promotoria justiça cuiabá  recolher chip cartão supostamente periciado  recorda pessoa buscou chip veículo prisma  cor preta  recorda placa  tal pessoa tratava homem branco  aparentemente meia idade  momento havia percebido caíndo golpe  pois ocupado atividades profissionais  contudo  período noite resolveu ligar banco brasil  informou havia acontecido comunicado ocorrido nenhuma tentativa compra cartão período manhã aeroporto  contudo  informado haviam    cento oitenta mil reais  cartão  tal compra havia sido negada sistema segurança banco brasil  tomar conhecimento fato declarante contestou tal compra perante  contudo  posteriormente informado contestação havia sido negada  pois afirmaram tentativa compra realizada forma presencial uso cartão senha  presente data  declarante verificou outras tentativas compras estelionatários  inclusive tentativa compra valor 1  cento cinquenta mil reais   apresentando mensagens banco brasil dizendo compra valor r   cento ointenta mil  recobrada próxima fatura  compra valor r 1800 reais  parcelada 08 vezes r 225 quinhentos reais  conta fatura mês agosto  compra realizada dia 10072024 h58min  conforme mensagens sms banco  contudo  contato banco ocorreu antes horário realizada compra  apresentando nesta ocasião diversas mensagens aplicativo whatsapp enviadas banco brasil confirmando contato 04  código 116957  volta 1940  protocolo ligação banco registrado sob  declarante afirma nenhum momento passou senha eventuais estelionatários  bem acessou nenhum link estanho possa ter sido enviado uso senha  delarante compartilha senha ninguém  afirmando nenhum funcionário familiar sabia senha pessoal cartão crédi,"**RELATÓRIO TÉCNICO RESUMIDO – BOLETIM DE OCORRÊNCIA**  
**DATA DOS FATOS:** 2024-07-10  
**HORA INICIAL DOS FATOS:** 1970-01-01 12:00:00  
**LOCAL:** CUIABA/PREJUDICADO  
**NATUREZA DA OCORRÊNCIA:** ESTELIONATO  
**RELATO SUCINTO DOS ACONTECIMENTOS:**  
O declarante, vítima de estelionato, relatou ter recebido ligação de pessoa alegando ser representante do Banco Brasil, informando que havia sido realizada compra suspeita de cartão de crédito em aeroporto. Durante o contato, foi solicitado que o declarante recortasse o chip do cartão, acreditando em uma perícia de segurança. Posteriormente, foi contactado novamente por pessoa em veículo prisma preto, que afirmou recolher o chip. Após verificar com o Banco Brasil, constatou-se que a compra havia sido negada pelo sistema, e que tentativas de estelionato, incluindo valores de R$ 180.000,00 e R$ 225.000,00, foram registradas. O declarante afirma não ter fornecido senha, não ter acessado links e não ter cedido informações pessoais, evitando assim o golpe."
11064, fato recebeu ligação numero   identificando primo esposo comunicante  contou vindo campo verde direção veículo havia quebrado precisava parar oficina mecanica  porém celular internet portanto conseguiria realizar transferência via pix mecanico  seguida recebeu mensagem mecanico   informando pix transferência  comunicante afirma transferiu r 300 beneficiário  matheus cavalcante nery após realizar transferência suposto mecanico parou responder mensagens  tirou foto perfil whatsapp  comunicante afirma entrou contato primo confirmou havia ligado tratava confeccionar boletim ocorrência            relatar ,CODIGO: 11064 | NATUREZA: OUTRAS FRAUDES | DATA: 2024-08-26 00:00:00.000 | HORA: 1970-01-01 09:00:00 | LOCAL: CUIABA/PREJUDICADO | TIPO LOCAL: INTERNET | NARRATIVA:  fato recebeu ligação numero   identificando primo esposo comunicante  contou vindo campo verde direção veículo havia quebrado precisava parar oficina mecanica  porém celular internet portanto conseguiria realizar transferência via pix mecanico  seguida recebeu mensagem mecanico   informando pix transferência  comunicante afirma transferiu r 300 beneficiário  matheus cavalcante nery após realizar transferência suposto mecanico parou responder mensagens  tirou foto perfil whatsapp  comunicante afirma entrou contato primo confirmou havia ligado tratava confeccionar boletim ocorrência            relatar ,"**RELATÓRIO TÉCNICO RESUMIDO – BOLETIM DE OCORRÊNCIA**  
**DATA DOS FATOS:** 2024-08-26  
**HORA INICIAL DOS FATOS:** 1970-01-01 09:00:00  
**LOCAL:** CUIABA/PREJUDICADO  
**NATUREZA DA OCORRÊNCIA:** OUTRAS FRAUDES  
**RELATO SUCINTO DOS ACONTECIMENTOS:** O comunicante recebeu uma ligação de um número que identificou-se como primo/esposo, informando que estava vindo de Campo Verde, direção a um veículo quebrado, necessitando parar em uma oficina mecânica. O comunicante afirma que, por estar sem celular e internet, não conseguiria realizar a transferência via PIX, mas foi contactado por um ""mecânico"" que solicitou a transferência de R$ 300 para o beneficiário Matheus Cavalcante Nery. Após a transferência, o suposto mecanico deixou de responder mensagens, o comunicante tirou foto do perfil do WhatsApp e entrou em contato com o primo para confirmar a ligação e relatar o fato."
5431,dia 10044  compareci empresa cdl  onde deparei meio extrato consulta bancaria  nome protestado spc  serasa  spc boa vista empresa chamada banco safra  onde mesma conheço nunca contato mesma  o protesto feito data 03062022 valor 64868  hoje volta 0800 horas entrando contato co tal banco safra supracitado  informou fato existe protesto fato vinculo banco  então atendente anucia nome jovana  horario atendimento 1134 protocolo  solicitou fazendo bo encaminhando telefone  protesto prejudicando pois emprestimo fco sair sera reprovado motivo protesto ,CODIGO: 5431 | NATUREZA: OUTRAS FRAUDES | DATA: 2024-04-11 08:00:00.000 | HORA: 1970-01-01 08:00:00 | LOCAL: CUIABA/CPA 4 | TIPO LOCAL: A BANCO | NARRATIVA: dia 10044  compareci empresa cdl  onde deparei meio extrato consulta bancaria  nome protestado spc  serasa  spc boa vista empresa chamada banco safra  onde mesma conheço nunca contato mesma  o protesto feito data 03062022 valor 64868  hoje volta 0800 horas entrando contato co tal banco safra supracitado  informou fato existe protesto fato vinculo banco  então atendente anucia nome jovana  horario atendimento 1134 protocolo  solicitou fazendo bo encaminhando telefone  protesto prejudicando pois emprestimo fco sair sera reprovado motivo protesto ,"**RELATÓRIO TÉCNICO RESUMIDO – BOLETIM DE OCORRÊNCIA**  
**DATA DOS FATOS:** 2024-04-10  
**HORA INICIAL DOS FATOS:** 08:00  
**LOCAL:** CUIABA/CPA 4  
**NATUREZA DA OCORRÊNCIA:** OUTRAS FRAUDES  
**RELATO SUCINTO DOS ACONTECIMENTOS:**  
O relator compareceu à empresa CDL no dia 10/04/2024 e constatou a existência de um extrato bancário com nome protestado nas instituições SPc, Serasa e Boa Vista. O protesto foi realizado pela empresa Banco Safra, com data de 03/06/2022, valor de R$ 64.868,00. No dia 11/04/2024, às 08:00, o relator entrou em contato com o Banco Safra, sendo atendido pela operadora Jovana. Foi informado que o protesto afeta o empréstimo solicitado, pois o fato vincula o cliente ao banco, resultando na reprovação do crédito. O protocolo foi solicitado, e o atendimento foi realizado às 11:34."
13926,vi anuncio fogão 04 bocas atlas  valor 460 market place facebook  pagina responsavel thalita rafaela  anuncia sendo prima dono empresa  distribuidora moveis eletrodomesticos   ideal moveis   cnpj  055344 0001  mesma passou numero contato  65 99945523 ideal moveis  mesmos aplicativo catalogo encaminhou tres chaves pix pagamento  duas derão falha finalizada seguinte destinatário  conta 8 pix aleatória   0bccdd5f3c30481f88a07ae077b1edc8   conversas comprovante transação  ligo bloqueada     boletim validado protocolo 7 ,CODIGO: 13926 | NATUREZA: OUTRAS FRAUDES | DATA: 2024-08-12 17:40:00.000 | HORA: 1970-01-01 17:40:00 | LOCAL: CUIABA/VILA ROSA | TIPO LOCAL: INTERNET | NARRATIVA: vi anuncio fogão 04 bocas atlas  valor 460 market place facebook  pagina responsavel thalita rafaela  anuncia sendo prima dono empresa  distribuidora moveis eletrodomesticos   ideal moveis   cnpj  055344 0001  mesma passou numero contato  65 99945523 ideal moveis  mesmos aplicativo catalogo encaminhou tres chaves pix pagamento  duas derão falha finalizada seguinte destinatário  conta 8 pix aleatória   0bccdd5f3c30481f88a07ae077b1edc8   conversas comprovante transação  ligo bloqueada     boletim validado protocolo 7 ,"**RELATÓRIO TÉCNICO RESUMIDO – BOLETIM DE OCORRÊNCIA**  
**DATA DOS FATOS:** 2024-08-12  
**HORA INICIAL DOS FATOS:** 1970-01-01 17:40:00  
**LOCAL:** CUIABA/VILA ROSA  
**NATUREZA DA OCORRÊNCIA:** OUTRAS FRAUDES  
**RELATO SUCINTO DOS ACONTECIMENTOS:** O autor relatou ter sido vítima de fraude via internet, após contato com anúncio de fogão 04 bocas Atlas no Marketplace Facebook, publicado por ""Thalita Rafaela"", que se declarou prima e proprietária da empresa ""Ideal Moveis"" (CNPJ: 055344 0001). A suposta empresa encaminhou três chaves PIX para pagamento, duas das quais falharam, e a terceira foi destinada a conta PIX aleatória (0bccdd5f3c30481f88a07ae077b1edc8). O destinatário informou que a conta foi bloqueada após a transação. O boletim de ocorrência foi validado com protocolo 7."
12131,analisando compra curso online perícias médicas vários dias  recebia propaganda através canais oficiais curso via whatsapp email  comprar curso hoje  porém perceber acessei link matricula através canal falso  identico oficial  criado whatsapp ontem hoje efetuei pix valor r 6000 conta fraudulenta  notei golpe após pagamento pois checar email retorno  conferindo grupo whatsapp link utilizado  vi criado membro grupo oficial aplicar golpe pessoas grupo oficial ,CODIGO: 12131 | NATUREZA: ESTELIONATO | DATA: 2024-04-30 07:30:00.000 | HORA: 1970-01-01 07:30:00 | LOCAL: CUIABA/CONSIL | TIPO LOCAL: INTERNET | NARRATIVA: analisando compra curso online perícias médicas vários dias  recebia propaganda através canais oficiais curso via whatsapp email  comprar curso hoje  porém perceber acessei link matricula através canal falso  identico oficial  criado whatsapp ontem hoje efetuei pix valor r 6000 conta fraudulenta  notei golpe após pagamento pois checar email retorno  conferindo grupo whatsapp link utilizado  vi criado membro grupo oficial aplicar golpe pessoas grupo oficial ,"**RELATÓRIO TÉCNICO RESUMIDO – BOLETIM DE OCORRÊNCIA**  
**DATA DOS FATOS:** 2024-04-30  
**HORA INICIAL DOS FATOS:** 07:30:00  
**LOCAL:** CUIABA/CONSIL  
**NATUREZA DA OCORRÊNCIA:** ESTELIONATO  
**RELATO SUCINTO DOS ACONTECIMENTOS:**  
O autor da ocorrência informa ter recebido propaganda oficial por canais de WhatsApp e email sobre um curso online de perícias médicas. Após acessar um link de matrícula supostamente oficial, percebeu que o link era falso e criado recentemente. Efetivou pagamento de R$ 6.000,00 via PIX para uma conta fraudulenta. Após verificar o email de retorno e analisar o grupo WhatsApp, constatou que o link utilizado pertencia a um grupo não oficial, com membros falsos. O golpe foi aplicado a pessoas que acreditavam estar em um grupo oficial."
11530, informando avisado amigos familiares  usuario pessoal  mesma foto perfil aplicativo whatsapp  identificando passando comunicante   criminal comunicante ,CODIGO: 11530 | NATUREZA: FALSA IDENTIDADE | DATA: 2024-06-18 00:00:00.000 | HORA: 1970-01-01 08:45:00 | LOCAL: CUIABA/DUQUE DE CAXIAS | TIPO LOCAL: INTERNET | NARRATIVA:  informando avisado amigos familiares  usuario pessoal  mesma foto perfil aplicativo whatsapp  identificando passando comunicante   criminal comunicante ,"**RELATÓRIO TÉCNICO RESUMIDO – BOLETIM DE OCORRÊNCIA**  
**DATA DOS FATOS:** 2024-06-18  
**HORA INICIAL DOS FATOS:** 1970-01-01 08:45:00  
**LOCAL:** CUIABA/DUQUE DE CAXIAS  
**NATUREZA DA OCORRÊNCIA:** FALSA IDENTIDADE  
**RELATO SUCINTO DOS ACONTECIMENTOS:** O comunicante relata que foi informado a amigos e familiares sobre uma atividade suspeita, envolvendo o uso de uma mesma foto de perfil no aplicativo WhatsApp para identificação. O caso menciona a passagem de informações entre usuários, com a identificação de um comunicante acusado de prática criminal. A ocorrência ocorreu no ambiente virtual (Internet) e apresenta características de falsificação de identidade."
1621,ciente comunicante acessaram conta corrente banco mercantil sabe conseguiram acessar  agencia 0421  conta  fizeram empréstimo  pix rs 90600  banco orientada fazer boletim  costa dementino cpf  851107  pagseguro sa ,CODIGO: 1621 | NATUREZA: ESTELIONATO | DATA: 2024-04-01 00:00:00.000 | HORA: 1970-01-01 14:00:00 | LOCAL: CUIABA/PREJUDICADO | TIPO LOCAL: OUTRO | NARRATIVA: ciente comunicante acessaram conta corrente banco mercantil sabe conseguiram acessar  agencia 0421  conta  fizeram empréstimo  pix rs 90600  banco orientada fazer boletim  costa dementino cpf  851107  pagseguro sa ,"**RELATÓRIO TÉCNICO RESUMIDO – BOLETIM DE OCORRÊNCIA**  
**DATA DOS FATOS:** 2024-04-01  
**HORA INICIAL DOS FATOS:** 14:00  
**LOCAL:** CUIABA/PREJUDICADO  
**NATUREZA DA OCORRÊNCIA:** ESTELIONATO  
**RELATO SUCINTO DOS ACONTECIMENTOS:** O relato indica que fraudadores acessaram a conta corrente do Banco Mercantil, agência 0421, realizaram um empréstimo via PIX no valor de R$90.600,00. O banco foi orientado a realizar o boletim de ocorrência com o contato de Costa Dementino, CPF 851107, e PagSeguro SA."
14448,data 27112024 recebeu mensagem whatsapp antigo numero tesoureira sindicato jornalisata mt  informou irmao silvia calichio caminhao estrada banco ar logo seguida disse vitima fazeer pix sexta feira devolveria após ir banco  vitima fez transferenciam via pix valor r 73000  setecentos trinta  picpay  cpf     675691     suspeito apagou mensagem   seguida espera tomada devidas providências                 nada declarar ,CODIGO: 14448 | NATUREZA: ESTELIONATO | DATA: 2024-11-27 00:00:00.000 | HORA: 1970-01-01 21:28:00 | LOCAL: CUIABA/PREJUDICADO | TIPO LOCAL: INTERNET | NARRATIVA: data 27112024 recebeu mensagem whatsapp antigo numero tesoureira sindicato jornalisata mt  informou irmao silvia calichio caminhao estrada banco ar logo seguida disse vitima fazeer pix sexta feira devolveria após ir banco  vitima fez transferenciam via pix valor r 73000  setecentos trinta  picpay  cpf     675691     suspeito apagou mensagem   seguida espera tomada devidas providências                 nada declarar ,"**RELATÓRIO TÉCNICO RESUMIDO – BOLETIM DE OCORRÊNCIA**  
**DATA DOS FATOS:** 2024-11-27  
**HORA INICIAL DOS FATOS:** 1970-01-01 21:28:00  
**LOCAL:** CUIABA/PREJUDICADO  
**NATUREZA DA OCORRÊNCIA:** ESTELIONATO  
**RELATO SUCINTO DOS ACONTECIMENTOS:** A vítima recebeu, em 27/11/2024, uma mensagem WhatsApp de um número antigo da tesoureira do sindicato jornalístico do MT. O suspeito informou sobre um irmão chamado Silvia Calichio, mencionando um caminhão na estrada e um banco. Posteriormente, solicitou que a vítima realizasse um transferência via Pix no dia sexta-feira, devolvendo R$ 730,00. A vítima efetuou o pagamento por meio do PicPay, utilizando o CPF 675691. O suspeito apagou as mensagens e aguardou as providências da vítima, sem declarar outros detalhes."
6428,  desde data fato  mantido contato suspeito  passa comprador interessado motocicleta placa  qcy9129  anunciada venda comunicante plataforma vendas informais olx  ocorre comunicante identificou estaria sendo vítima golpe falso intermediário decidiu registrar presente ocorrência  golpe identificado comunicante após suspeito afirmar realizado transferência  valor sido creditado conta          nada relatou            relatar ,CODIGO: 6428 | NATUREZA: OUTRAS FRAUDES | DATA: 2024-05-17 00:00:00.000 | HORA: 1970-01-01 00:00:00 | LOCAL: CUIABA/PREJUDICADO | TIPO LOCAL: INTERNET | NARRATIVA:   desde data fato  mantido contato suspeito  passa comprador interessado motocicleta placa  qcy9129  anunciada venda comunicante plataforma vendas informais olx  ocorre comunicante identificou estaria sendo vítima golpe falso intermediário decidiu registrar presente ocorrência  golpe identificado comunicante após suspeito afirmar realizado transferência  valor sido creditado conta          nada relatou            relatar ,"**RELATÓRIO TÉCNICO RESUMIDO – BOLETIM DE OCORRÊNCIA**  
**DATA DOS FATOS:** 2024-05-17 00:00:00.000  
**HORA INICIAL DOS FATOS:** 1970-01-01 00:00:00  
**LOCAL:** CUIABA/PREJUDICADO  
**NATUREZA DA OCORRÊNCIA:** OUTRAS FRAUDES  
**RELATO SUCINTO DOS ACONTECIMENTOS:** O comunicante manteve contato com um suspeito que simulava ser comprador interessado em motocicleta placa QCY9129, anunciada para venda na plataforma OLX. Após identificar-se como vítima de golpe envolvendo intermediário falso, o comunicante decidiu registrar a ocorrência. O golpe foi confirmado após o suspeito afirmar que havia realizado transferência e o valor foi creditado à conta, porém nada foi relatado pelo comunicante."
9431, comprou sempre empresa  basalto  brita  hoje fez  02  pedido pagou valor  r 258390  outro  r 2630   qrcode  favorecido  pagseguro internet pagamento sa cnpj 085617  0001   percebeu caído golpe  mandou comprovante empresa  basalto   constatou favorecido nao empresa vitima comprado  versão  nada declarar ,CODIGO: 9431 | NATUREZA: OUTRAS FRAUDES | DATA: 2024-03-05 00:00:00.000 | HORA: 1970-01-01 09:00:00 | LOCAL: CUIABA/CENTRO SUL | TIPO LOCAL: INTERNET | NARRATIVA:  comprou sempre empresa  basalto  brita  hoje fez  02  pedido pagou valor  r 258390  outro  r 2630   qrcode  favorecido  pagseguro internet pagamento sa cnpj 085617  0001   percebeu caído golpe  mandou comprovante empresa  basalto   constatou favorecido nao empresa vitima comprado  versão  nada declarar ,"**RELATÓRIO TÉCNICO RESUMIDO – BOLETIM DE OCORRÊNCIA**  
**DATA DOS FATOS:** 2024-03-05  
**HORA INICIAL DOS FATOS:** 1970-01-01 09:00:00  
**LOCAL:** CUIABA/CENTRO SUL  
**NATUREZA DA OCORRÊNCIA:** OUTRAS FRAUDES  
**RELATO SUCINTO DOS ACONTECIMENTOS:**  
A vítima relatou que comprou produtos da empresa Basalto via internet, realizando dois pedidos, sendo pagos valores de R$ 258.390,00 e R$ 2.630,00. O pagamento foi feito por meio de QRCode via PagSeguro, com favorecido indicado como ""PagSeguro Internet Pagamento SA CNPJ 0856170001"". Posteriormente, a vítima percebeu que estava envolvida em um golpe, pois ao enviar comprovante à empresa Basalto, constatou que o favorecido não era a empresa, mas um terceiro. A vítima não declarou nenhuma perda ou danos."
438,irmão   telefone  63  3134  trabalho  banco santander  recebeu mensagem whatsapp particular numero     foto whatsapp pessoal  eu filho   seguinte mensagem   matheus  queria saber see 1 pix  pagar rapaz agora banco quer abrir aplicativo  enviados duas chaves pix fazer trnsferência      e  tambem     cleydiane marcela silva moreira  passou ligou imediatamente  informei solicitei nada poucos segundos depois  mãe   61  19802  reside brasília  mandou print  onde faziam pedido  através     onde ja vem nome inicio  janaina pessoal   seguinte mensagem   bom dia  vou deixar pessoal  antigo ficou trabalho   logo pediu transferisse pix valor r 135000 17hs  passou pix     fez ligou imediatamente dizendo telefone clonado  resumo  telefone entrando contato fraudador  estelionatario   65  99912 chaves pix fornecidas solicitando créditos  1  475440 2  matheus rodrigues pires 2706480 95169  cleydiane marcela silva moreira segue análises  possíveis anotações investigação  disposição caso precisem informações  atenciosamente  janaina amaral melo 086301 82628  nada relatou            relatar   protocolo  8 ,CODIGO: 438 | NATUREZA: ESTELIONATO | DATA: 2024-07-25 00:00:00.000 | HORA: 1970-01-01 11:24:00 | LOCAL: CUIABA/POPULAR | TIPO LOCAL: INTERNET | NARRATIVA: irmão   telefone  63  3134  trabalho  banco santander  recebeu mensagem whatsapp particular numero     foto whatsapp pessoal  eu filho   seguinte mensagem   matheus  queria saber see 1 pix  pagar rapaz agora banco quer abrir aplicativo  enviados duas chaves pix fazer trnsferência      e  tambem     cleydiane marcela silva moreira  passou ligou imediatamente  informei solicitei nada poucos segundos depois  mãe   61  19802  reside brasília  mandou print  onde faziam pedido  através     onde ja vem nome inicio  janaina pessoal   seguinte mensagem   bom dia  vou deixar pessoal  antigo ficou trabalho   logo pediu transferisse pix valor r 135000 17hs  passou pix     fez ligou imediatamente dizendo telefone clonado  resumo  telefone entrando contato fraudador  estelionatario   65  99912 chaves pix fornecidas solicitando créditos  1  475440 2  matheus rodrigues pires 2706480 95169  cleydiane marcela silva moreira segue análises  possíveis anotações investigação  disposição caso precisem informações  atenciosamente  janaina amaral melo 086301 82628  nada relatou            relatar   protocolo  8 ,"**RELATÓRIO TÉCNICO RESUMIDO – BOLETIM DE OCORRÊNCIA**  
**DATA DOS FATOS:** 2024-07-25  
**HORA INICIAL DOS FATOS:** 11:24  
**LOCAL:** CUIABA/POPULAR  
**NATUREZA DA OCORRÊNCIA:** ESTELIONATO  
**RELATO SUCINTO DOS ACONTECIMENTOS:**  
O relato refere-se a um caso de estelionato ocorrido via internet. O autor da ocorrência informa que seu irmão recebeu uma mensagem no WhatsApp de um número com foto pessoal, supostamente de ""Matheus"", solicitando o pagamento de R$ 135.000,00 via PIX. Foram fornecidas duas chaves PIX: 1 - 475440 e 2 - Matheus Rodrigues Pires (2706480 95169). Posteriormente, uma pessoa identificada como Cleydiane Marcela Silva Moreira ligou, solicitando que o irmão não realizasse a transferência. Em seguida, a mãe do autor, residente em Brasília, encaminhou um print da solicitação, informando que o pedido era feito através de um perfil chamado ""Janaina"". O fraudador, supostamente usando um telefone clonado, contactou o autor, alegando que o contato era falsificado. O autor relatou que nada foi realizado, mas forneceu informações sobre os PIX e o caso, com o protocolo 8."
5703,mensagem via whatsapp nº65  9817346 dizia gerência estadual polinter polícia judiciária civil mato grosso  solicita vítima compareça naquela unidade policial data   vítima através advogado solicitou prorrogassem dia 15012024  vítima preste esclarecimento respeito suposto crime estelionato  vítima dirigiu delegacia polinter lá informado haviam habilitado chip cpf  nº 57 149  vítima acesso informação hablitaram nome   972129647  vítima informa nunca rio janeiro  assustou fato recebeu referida intimação  vítima informa dirigiu loja vivo shopping 03 américas conseguiu obter nenhuma informação referente habilitação chip nome  atendente informou chip pré pago controle cadastro  sendo possível habilitar celular somento cpf pessoa ,CODIGO: 5703 | NATUREZA: OUTRAS FRAUDES | DATA: 2024-01-11 00:00:00.000 | HORA: 1970-01-01 09:18:00 | LOCAL: CUIABA/PARQUE CUIABA | TIPO LOCAL: OUTRO | NARRATIVA: mensagem via whatsapp nº65  9817346 dizia gerência estadual polinter polícia judiciária civil mato grosso  solicita vítima compareça naquela unidade policial data   vítima através advogado solicitou prorrogassem dia 15012024  vítima preste esclarecimento respeito suposto crime estelionato  vítima dirigiu delegacia polinter lá informado haviam habilitado chip cpf  nº 57 149  vítima acesso informação hablitaram nome   972129647  vítima informa nunca rio janeiro  assustou fato recebeu referida intimação  vítima informa dirigiu loja vivo shopping 03 américas conseguiu obter nenhuma informação referente habilitação chip nome  atendente informou chip pré pago controle cadastro  sendo possível habilitar celular somento cpf pessoa ,"**RELATÓRIO TÉCNICO RESUMIDO – BOLETIM DE OCORRÊNCIA**  
**DATA DOS FATOS:** 2024-01-11  
**HORA INICIAL DOS FATOS:** 1970-01-01 09:18:00  
**LOCAL:** CUIABA/PARQUE CUIABA  
**NATUREZA DA OCORRÊNCIA:** OUTRAS FRAUDES  
**RELATO SUCINTO DOS ACONTECIMENTOS:** A vítima recebeu mensagem via WhatsApp de um número (65 9817346), que fingia ser da Gerência Estadual Polinter da Polícia Judiciária Civil de Mato Grosso, solicitando que comparecesse a uma unidade policial em data prevista. Por meio de seu advogado, a vítima solicitou a prorrogação para o dia 15/01/2024. Ao comparecer à delegacia, foi informado que havia sido habilitado um chip com CPF nº 57 149, o que gerou assustamento, já que a vítima afirma nunca ter utilizado Rio de Janeiro. Posteriormente, a vítima procurou a loja vivo Shopping 03 Américas para verificar informações sobre a habilitação do chip, mas o atendente informou que o chip era pré-pago e exigia cadastro com CPF da pessoa física, sem possibilidade de habilitação por outro CPF. A vítima relata ter sido vítima de suposto estelionato."
8307,narra comunicante  vitima sabe informar precisamente extraviou documentos pessoais  furtado  terceiros utilizaram dados pessoais comprarem veiculo  sendo vw  gol 16v  cor prata  ano 2000  placa  informa nunca conhecimento automóvel  e nunca chegou ver referido veiculo  informa chegou receber mensagem via sms  numero27440  referente divida ativa  efetuar negociação débito atraso  através numero e informa nome encontra divida ativa  devido licenciamento veicular atraso  informa utilizaram dados pessoais outra cédula identidade  sendo nome mãe cadastro pessoa fisica ,CODIGO: 8307 | NATUREZA: ESTELIONATO | DATA: 2024-03-20 00:00:00.000 | HORA: 1970-01-01 08:00:00 | LOCAL: CUIABA/PREJUDICADO | TIPO LOCAL: RESIDÊNCIA PARTICULAR | NARRATIVA: narra comunicante  vitima sabe informar precisamente extraviou documentos pessoais  furtado  terceiros utilizaram dados pessoais comprarem veiculo  sendo vw  gol 16v  cor prata  ano 2000  placa  informa nunca conhecimento automóvel  e nunca chegou ver referido veiculo  informa chegou receber mensagem via sms  numero27440  referente divida ativa  efetuar negociação débito atraso  através numero e informa nome encontra divida ativa  devido licenciamento veicular atraso  informa utilizaram dados pessoais outra cédula identidade  sendo nome mãe cadastro pessoa fisica ,"**RELATÓRIO TÉCNICO RESUMIDO – BOLETIM DE OCORRÊNCIA**  
**DATA DOS FATOS:** 2024-03-20  
**HORA INICIAL DOS FATOS:** 1970-01-01 08:00:00  
**LOCAL:** CUIABA/PREJUDICADO  
**NATUREZA DA OCORRÊNCIA:** ESTELIONATO  
**RELATO SUCINTO DOS ACONTECIMENTOS:** A vítima relatou o extravio de documentos pessoais, sendo que terceiros utilizaram os dados para comprar um veículo (VW Gol 16V, cor prata, ano 2000, placa não informada). A vítima não possui conhecimento sobre o automóvel e nunca o viu. Recebeu mensagem via SMS do número 27440 sobre débito ativo, solicitando negociação de dívida por atraso de licenciamento veicular. A vítima informa que dados pessoais de outra cédula de identidade (nome da mãe) foram utilizados, sendo o cadastro realizado como pessoa física."
7380,informando recebe solicitação amizade facebook   pediu fotos nudez comunicante negou mandar  posteriormente mandou foto nudez sendo ele  comunicante então bloqueou  apos dois dias menos  delegado policia  dizendo familia menor delegacia  queixando contra comunicante dizendo comunicante mexendo menor idade  poderiam resolver ali questão  iria feito fiança valor r 4260  periodo manha  parte tarde entraram contato novamente comunicante pedindo dinheiro custear remedios clinica onde garoto internado apos pagamento familia garoto iria fazer nada contra comunicante  pediram r   comunicante então mandou via pix  acreditando ajudar familia  recebedora desses dois pix mesma pessoa   pix aleatoria  dia seguinte comunicante mandou r 11400  segunda parte pagamento  mesma beneficiaria  sendo segundo pix  comunicante fez emprestimo bancario  mandou via pix  telefone estado rio grande sul  ddd 0 watsap supostamente delegacia la  dea  logotipo pjc  antes fazer pix  fizeram inferno cabeça comunicante forçalo mandar dinheiro ,CODIGO: 7380 | NATUREZA: ESTELIONATO | DATA: 2024-06-10 00:00:00.000 | HORA: 1970-01-01 10:30:00 | LOCAL: CUIABA/SAO JOAO DEL REI | TIPO LOCAL: RESIDÊNCIA PARTICULAR | NARRATIVA: informando recebe solicitação amizade facebook   pediu fotos nudez comunicante negou mandar  posteriormente mandou foto nudez sendo ele  comunicante então bloqueou  apos dois dias menos  delegado policia  dizendo familia menor delegacia  queixando contra comunicante dizendo comunicante mexendo menor idade  poderiam resolver ali questão  iria feito fiança valor r 4260  periodo manha  parte tarde entraram contato novamente comunicante pedindo dinheiro custear remedios clinica onde garoto internado apos pagamento familia garoto iria fazer nada contra comunicante  pediram r   comunicante então mandou via pix  acreditando ajudar familia  recebedora desses dois pix mesma pessoa   pix aleatoria  dia seguinte comunicante mandou r 11400  segunda parte pagamento  mesma beneficiaria  sendo segundo pix  comunicante fez emprestimo bancario  mandou via pix  telefone estado rio grande sul  ddd 0 watsap supostamente delegacia la  dea  logotipo pjc  antes fazer pix  fizeram inferno cabeça comunicante forçalo mandar dinheiro ,"**RELATÓRIO TÉCNICO RESUMIDO – BOLETIM DE OCORRÊNCIA**  
**DATA DOS FATOS:** 2024-06-10  
**HORA INICIAL DOS FATOS:** 10:30  
**LOCAL:** CUIABA/SAO JOAO DEL REI  
**NATUREZA DA OCORRÊNCIA:** ESTELIONATO  
**RELATO SUCINTO DOS ACONTECIMENTOS:**  
O comunicante solicitou amizade no Facebook, pediu fotos de nudez ao comunicante, que negou. Posteriormente, o comunicante mandou uma foto de nudez e foi bloqueado. Após dois dias, o comunicante procurou a polícia, alegando que estava mexendo com um menor de idade, oferecendo fiança de R$ 4.260,00. O comunicante foi orientado a ir à delegacia, onde foi informado de que a família do menor iria fazer nada contra ele. Em seguida, o comunicante solicitou dinheiro para custear remédios de um garoto internado, solicitando R$ 11.400,00. Após o pagamento, o comunicante mandou R$ 11.400,00 via PIX, com destino a um número de telefone no Rio Grande do Sul, com logotipo falso da PJC. O comunicante também realizou empréstimo bancário para pagar a segunda parte, enviando R$ 11.400,00 via PIX. O contato foi feito por WhatsApp, com suposta ligação para uma delegacia da DEA, resultando em pressão para o envio de dinheiro."
6057,que  data acima registro agua furtado  relata apenas agora data 11012024 tomar ciencia registro agua                  nada declarar,CODIGO: 6057 | NATUREZA: FURTO | DATA: 2024-01-10 00:00:00.000 | HORA: 1970-01-01 12:00:00 | LOCAL: CUIABA/PREJUDICADO | TIPO LOCAL: OUTRO | NARRATIVA: que  data acima registro agua furtado  relata apenas agora data 11012024 tomar ciencia registro agua                  nada declarar,"**RELATÓRIO TÉCNICO RESUMIDO – BOLETIM DE OCORRÊNCIA**  
**DATA DOS FATOS:** 11/01/2024  
**HORA INICIAL DOS FATOS:** 12:00  
**LOCAL:** CUIABA/PREJUDICADO  
**NATUREZA DA OCORRÊNCIA:** FURTO  
**RELATO SUCINTO DOS ACONTECIMENTOS:** Ocorreu furto em área de registro de água, com registro feito em 11/01/2024. O relator informa que nada foi declarado a respeito."
13773, citadas   suposta funcionária banco bv   simulado empréstimo capital giro empresarial  verificar informações  comunicante informou problemas  pois empresa possui tempo abertura  vania  então  enviou contato outra empresa  az assessoria empresarial  cnpj  560654 01   comunicante repassou informações solicitadas  entanto  informação necessário realizar pagamento valor r 71210 aumentar limite crédito  credit rating   comunicante realizou pagamento favor  seguida  entrou novamente contato srª vania  que  após verificar informações  constatou novo problema  agora relacionado cpf comunicante  orientado deveria entrar contato az novamente  iria solucionar questão  comunicante novamente cobrado valor r 780 aumentar rating cpf  comunicante realizou pagamento novamente mesma pessoa  logo após  retornou srª vania  informou dificuldades terceira vez pois necessário solicitar dmpl  retornar novamente conversar az solicitar dmpl  informado necessário pagar valor r 130500  referente demonstração mutações patrimônio líquido  dmpl   neste momento comunicante desconfiou tratava golpe  logo após entrou contato colega contador  explicou situação disse realmente tratava golpe       boletim      relatar ,CODIGO: 13773 | NATUREZA: ESTELIONATO | DATA: 2025-03-03 00:00:00.000 | HORA: 1970-01-01 14:33:00 | LOCAL: CUIABA/PREJUDICADO | TIPO LOCAL: INTERNET | NARRATIVA:  citadas   suposta funcionária banco bv   simulado empréstimo capital giro empresarial  verificar informações  comunicante informou problemas  pois empresa possui tempo abertura  vania  então  enviou contato outra empresa  az assessoria empresarial  cnpj  560654 01   comunicante repassou informações solicitadas  entanto  informação necessário realizar pagamento valor r 71210 aumentar limite crédito  credit rating   comunicante realizou pagamento favor  seguida  entrou novamente contato srª vania  que  após verificar informações  constatou novo problema  agora relacionado cpf comunicante  orientado deveria entrar contato az novamente  iria solucionar questão  comunicante novamente cobrado valor r 780 aumentar rating cpf  comunicante realizou pagamento novamente mesma pessoa  logo após  retornou srª vania  informou dificuldades terceira vez pois necessário solicitar dmpl  retornar novamente conversar az solicitar dmpl  informado necessário pagar valor r 130500  referente demonstração mutações patrimônio líquido  dmpl   neste momento comunicante desconfiou tratava golpe  logo após entrou contato colega contador  explicou situação disse realmente tratava golpe       boletim      relatar ,"**RELATÓRIO TÉCNICO RESUMIDO – BOLETIM DE OCORRÊNCIA**  
**DATA DOS FATOS:** 2025-03-03  
**HORA INICIAL DOS FATOS:** 1970-01-01 14:33:00  
**LOCAL:** CUIABA/PREJUDICADO  
**NATUREZA DA OCORRÊNCIA:** ESTELIONATO  
**RELATO SUCINTO DOS ACONTECIMENTOS:** O comunicante foi vítima de golpe via internet, onde suposta funcionária do Banco BV simulou empréstimo para capital de giro empresarial. Após verificar informações e realizar pagamento de R$ 71.210, foi orientado a contactar a empresa AZ Assessoria Empresarial (CNPJ 56.0654.01) para resolver problemas relacionados ao CPF. Novos pagamentos foram solicitados (R$ 780 e R$ 130.500) para aumentar o rating e obter demonstração de mutações patrimoniais líquidas. Após o terceiro pagamento, o comunicante desconfiou do golpe e contactou colega contador, que confirmou tratar-se de fraude."
8927, dia 04  volta 15 horas  recebi mensagem texto  atraves numero telefone  identificando bia  atendente digital bradesco  informando tentativa r 6792  caso reconhecece tal compra  deveria acessar link enviado https  contatobiaonline digitasse opção 1  imediato realizei  pois reconheci tal compra  posteriormento  volta  dizendo bia atendimento digital bradesco  informando havia creditado valor indevido r  conta corrente  que  valor  virtude horário avançado  disse iria dia seguinte  dia seguinte  05062024  volta 830  tratar assuinto  valor  caixa eletrônico dei conta tratava golpe  pois orientado vazer transferência phelipe carvalho oliveira  desliguei telefone procurei atendente agencia orientou fazer boletim ocorrência procurar agência  após ter desligado telefone  ocorreu várias tentativas contato  atendendo  mulher ligou numero  falar assunto  imediatamente desliguei telefone  diante exposto  declaro valor liberado conta valor r 000  mim solicitado  liberado  solicito imediato estorno valor creditado  bem despesas possam geradas  at  adriani alvarenga correa costa cpf 911654 58187 correntista banco bradesco agencia 3218 conta  17418   confeccionado comunicante xxxxxxxx,CODIGO: 8927 | NATUREZA: ESTELIONATO | DATA: 2024-06-04 17:15:00.000 | HORA: 1970-01-01 17:15:00 | LOCAL: CUIABA/CENTRO NORTE | TIPO LOCAL: A BANCO | NARRATIVA:  dia 04  volta 15 horas  recebi mensagem texto  atraves numero telefone  identificando bia  atendente digital bradesco  informando tentativa r 6792  caso reconhecece tal compra  deveria acessar link enviado https  contatobiaonline digitasse opção 1  imediato realizei  pois reconheci tal compra  posteriormento  volta  dizendo bia atendimento digital bradesco  informando havia creditado valor indevido r  conta corrente  que  valor  virtude horário avançado  disse iria dia seguinte  dia seguinte  05062024  volta 830  tratar assuinto  valor  caixa eletrônico dei conta tratava golpe  pois orientado vazer transferência phelipe carvalho oliveira  desliguei telefone procurei atendente agencia orientou fazer boletim ocorrência procurar agência  após ter desligado telefone  ocorreu várias tentativas contato  atendendo  mulher ligou numero  falar assunto  imediatamente desliguei telefone  diante exposto  declaro valor liberado conta valor r 000  mim solicitado  liberado  solicito imediato estorno valor creditado  bem despesas possam geradas  at  adriani alvarenga correa costa cpf 911654 58187 correntista banco bradesco agencia 3218 conta  17418   confeccionado comunicante xxxxxxxx,"**RELATÓRIO TÉCNICO RESUMIDO – BOLETIM DE OCORRÊNCIA**  
**DATA DOS FATOS:** 2024-06-04  
**HORA INICIAL DOS FATOS:** 17:15  
**LOCAL:** CUIABA/CENTRO NORTE – A BANCO  
**NATUREZA DA OCORRÊNCIA:** ESTELIONATO  
**RELATO SUCINTO DOS ACONTECIMENTOS:**  
No dia 04/06/2024, às 17h15, o autor recebeu mensagem de texto via número de telefone, identificando-se como atendente digital do Bradesco, informando tentativa de compra com código R$ 6792. O autor foi orientado a acessar um link (https) e digitar opção 1 para confirmar a compra. Após realizar o procedimento, recebeu mensagem informando que o valor foi creditado indevidamente à conta corrente, com orientação para realizar transferência para Felipe Carvalho Oliveira. Diante da suspeita de golpe, o autor desligou o telefone, procurou atendente na agência e solicitou boletim de ocorrência. Posteriormente, houve tentativas de contato por uma mulher, que o autor também desligou. O autor solicita imediato estorno do valor creditado (R$ 000) e reembolso de despesas, apresentando dados do correntista: Adriani Alvarenga Correa Costa, CPF 911.654.581-87, agência 3218, conta 17418."
1065,empresa mtsul construções sendo vitimas golpes pessoas passando funcionários aplicando golpe comercio local cuiabá várzea grande  caso mencionado aqui golpistas conseguiram retirar materiais loja acofer cuiabá  notas fiscais 78 13 66  8  3237 21 158091 19 3595 121124 totalizando r 9720760  fato consumou  porém diversas vezes ultimas semanas tentaram outras lojas  numeros utilizados  seguida  perda financeira entrega materiais ,CODIGO: 1065 | NATUREZA: ESTELIONATO | DATA: 2024-11-12 04:00:00.000 | HORA: 1970-01-01 12:32:00 | LOCAL: CUIABA/CENTRO-NORTE | TIPO LOCAL: OUTRO | NARRATIVA: empresa mtsul construções sendo vitimas golpes pessoas passando funcionários aplicando golpe comercio local cuiabá várzea grande  caso mencionado aqui golpistas conseguiram retirar materiais loja acofer cuiabá  notas fiscais 78 13 66  8  3237 21 158091 19 3595 121124 totalizando r 9720760  fato consumou  porém diversas vezes ultimas semanas tentaram outras lojas  numeros utilizados  seguida  perda financeira entrega materiais ,"**RELATÓRIO TÉCNICO RESUMIDO – BOLETIM DE OCORRÊNCIA**  
**DATA DOS FATOS:** 2024-11-12  
**HORA INICIAL DOS FATOS:** 04:00  
**LOCAL:** CUIABA/CENTRO-NORTE  
**NATUREZA DA OCORRÊNCIA:** ESTELIONATO  
**RELATO SUCINTO DOS ACONTECIMENTOS:** A empresa MTSUL Construções foi vítima de golpe em que indivíduos que se passaram por funcionários aplicaram uma fraude no comércio local de Cuiabá (Várzea Grande). Os golpistas conseguiram retirar materiais da loja Acofer Cuiabá, utilizando notas fiscais com números: 78, 13, 66, 8, 3237, 21, 158091, 19, 3595, 121124, totalizando R$ 9.720.760,00. O fato foi consumado, mas os golpistas tentaram outras lojas diversas vezes nas últimas semanas, utilizando números seguidos e resultando em perda financeira e entrega de materiais."
6836,quebrou mensagem mae  seguida  quebrou mensagem mae  ,CODIGO: 6836 | NATUREZA: FALSA IDENTIDADE | DATA: 2025-01-17 00:00:00.000 | HORA: 1970-01-01 16:48:00 | LOCAL: CUIABA/PORTO | TIPO LOCAL: OUTRO | NARRATIVA: quebrou mensagem mae  seguida  quebrou mensagem mae  ,"**RELATÓRIO TÉCNICO RESUMIDO – BOLETIM DE OCORRÊNCIA**  
**DATA DOS FATOS:** 2025-01-17  
**HORA INICIAL DOS FATOS:** 1970-01-01 16:48:00  
**LOCAL:** CUIABA/PORTO  
**NATUREZA DA OCORRÊNCIA:** FALSA IDENTIDADE  
**RELATO SUCINTO DOS ACONTECIMENTOS:** Ocorreu uma tentativa de manipulação de identidade, com registros de ""quebrou mensagem mae"" repetidos, sugerindo falha ou erro no processo de validação de identidade. O evento foi registrado no local especificado, com data e horário informados."
2744,indevidamente representantes escritório advocacia representa  advocacia lacerda   solicitando transferência valores  quais decorrentes supostos valores impostos processo escritório representa  efetuei  898833  outra valor r 579367  totalizando r 14782  entrar contato advogados  advocacia lacerda   informado tratase pessoas  criminosos utilizandose sócios escritório havia feito boletim ocorrência data anterior fato  boletim ocorrência 3191  datado 2024comunicando tentativa golpe terceiros utilizando sócios  informado redes sociais tentativa golpe  telefone utilizado golpistas foram  dados bancários  bem pix valores transferidos  adilson b rodrigues pix  picpay agência 0001 conta  protocolo n  ,CODIGO: 2744 | NATUREZA: OUTRAS FRAUDES | DATA: 2024-01-03 16:30:00.000 | HORA: 1970-01-01 16:30:00 | LOCAL: CUIABA/DUQUE DE CAXIAS | TIPO LOCAL: INTERNET | NARRATIVA: indevidamente representantes escritório advocacia representa  advocacia lacerda   solicitando transferência valores  quais decorrentes supostos valores impostos processo escritório representa  efetuei  898833  outra valor r 579367  totalizando r 14782  entrar contato advogados  advocacia lacerda   informado tratase pessoas  criminosos utilizandose sócios escritório havia feito boletim ocorrência data anterior fato  boletim ocorrência 3191  datado 2024comunicando tentativa golpe terceiros utilizando sócios  informado redes sociais tentativa golpe  telefone utilizado golpistas foram  dados bancários  bem pix valores transferidos  adilson b rodrigues pix  picpay agência 0001 conta  protocolo n  ,"**RELATÓRIO TÉCNICO RESUMIDO – BOLETIM DE OCORRÊNCIA**  
**DATA DOS FATOS:** 2024-01-03  
**HORA INICIAL DOS FATOS:** 16:30:00  
**LOCAL:** CUIABA/DUQUE DE CAXIAS  
**NATUREZA DA OCORRÊNCIA:** OUTRAS FRAUDES  
**RELATO SUCINTO DOS ACONTECIMENTOS:**  
O relato apresenta um caso de fraude, em que indivíduos falsamente representaram um escritório de advocacia ""Lacerda"", solicitando transferências de valores referentes a supostos impostos de um processo. O autor da ocorrência informou ter realizado transferências de R$ 898.833,00 e R$ 579.367,00, totalizando R$ 1.478.200,00. Após contato com os advogados, foi constatado que se tratava de pessoas criminosas utilizando sócios do escritório. O autor já havia registrado um boletim de ocorrência (nº 3191, data 2024) informando a tentativa de golpe contra terceiros, com uso de redes sociais e dados bancários falsificados. Os golpistas utilizaram números de telefone e plataformas como Pix (Adilson B. Rodrigues) e PicPay, com agência 0001 e conta corrente, além de protocolo de identificação."
2027,dia 3025  volta   recebeu mensagem via whatsapp   912643  suspeito passava advogado   informou ação ganha finalizada sucesso  precisava pagar taxa valor causa liberado valor r 129966  sessenta seis centavos   destinatário  samara  banco  nu pagamentos sa  agencia   conta  021  cpf  0194 310  outro valor 7  setecentos reais   destinatário     banco  mercado pago instituicao pagamento ltda  cpf  628224 86395  comunicante efetuou pagamentos mandou comprovante suspeito  disse aguardar 45 minutos liberado dinheiro ação  comunicante  934465681  onde suspeito pede outro valor r 3000 fazer liberação valor ação  comunicante percebeu passava devidas providências                 nada declarar ,CODIGO: 2027 | NATUREZA: ESTELIONATO | DATA: 2025-01-30 00:00:00.000 | HORA: 1970-01-01 13:45:00 | LOCAL: CUIABA/PREJUDICADO | TIPO LOCAL: OUTRO | NARRATIVA: dia 3025  volta   recebeu mensagem via whatsapp   912643  suspeito passava advogado   informou ação ganha finalizada sucesso  precisava pagar taxa valor causa liberado valor r 129966  sessenta seis centavos   destinatário  samara  banco  nu pagamentos sa  agencia   conta  021  cpf  0194 310  outro valor 7  setecentos reais   destinatário     banco  mercado pago instituicao pagamento ltda  cpf  628224 86395  comunicante efetuou pagamentos mandou comprovante suspeito  disse aguardar 45 minutos liberado dinheiro ação  comunicante  934465681  onde suspeito pede outro valor r 3000 fazer liberação valor ação  comunicante percebeu passava devidas providências                 nada declarar ,"**RELATÓRIO TÉCNICO RESUMIDO – BOLETIM DE OCORRÊNCIA**  
**DATA DOS FATOS:** 2025-01-30  
**HORA INICIAL DOS FATOS:** 1970-01-01 13:45:00 (Nota: Data de hora inconsistente, possivelmente erro de digitação. A data dos fatos é 2025-01-30, mas a hora registrada é inválida).  
**LOCAL:** CUIABA/PRÊDIO PREJUDICADO  
**NATUREZA DA OCORRÊNCIA:** ESTELIONATO  
**RELATO SUCINTO DOS ACONTECIMENTOS:**  
A vítima recebeu, por meio de mensagem no WhatsApp, uma comunicação de um suspeito que se fingia de advogado, informando que uma ação judicial foi vencida e que era necessário pagar uma taxa para liberar o valor da causa (R$ 129.966,66). O suspeito solicitou o pagamento para o destinatário ""Samara"", via Nu Pagamentos, agência 021, conta 021, CPF 0194.310. Posteriormente, foi solicitado outro valor de R$ 770, destinado ao Banco Mercado Pago, instituição pagamento ltda, CPF 628224.86395. A vítima efetuou os pagamentos e foi informada de aguardar 45 minutos para a liberação dos recursos. Em seguida, o suspeito solicitou novamente o pagamento de R$ 3.000 para finalizar a liberação. A vítima percebeu que a situação era fraudulenta e não declarou nada."
10797,realizei compra cartão crédito link httpsprincipiaskincareskincareoficialcom onde compra deu valor total 5r parcelei x cartão crédito  após isso  recebi email transportadora rastreio pró status entrega  porém  código rastreio oferecido rastreável  compra consta empresa principia informações suporte existem  válidas  seguida  após constatação golpe dia hoje  18122024  entrando contato principia  solicitamos cancelamento compra efetuada cartão junto banco tentamos informações complementares relatar ,CODIGO: 10797 | NATUREZA: ESTELIONATO | DATA: 2024-12-15 04:00:00.000 | HORA: 1970-01-01 15:33:00 | LOCAL: CUIABA/CAMPO VELHO | TIPO LOCAL: OUTRO | NARRATIVA: realizei compra cartão crédito link httpsprincipiaskincareskincareoficialcom onde compra deu valor total 5r parcelei x cartão crédito  após isso  recebi email transportadora rastreio pró status entrega  porém  código rastreio oferecido rastreável  compra consta empresa principia informações suporte existem  válidas  seguida  após constatação golpe dia hoje  18122024  entrando contato principia  solicitamos cancelamento compra efetuada cartão junto banco tentamos informações complementares relatar ,"**RELATÓRIO TÉCNICO RESUMIDO – BOLETIM DE OCORRÊNCIA**  
**DATA DOS FATOS:** 2024-12-15  
**HORA INICIAL DOS FATOS:** 15:33  
**LOCAL:** CUIABA/CAMPO VELHO  
**NATUREZA DA OCORRÊNCIA:** ESTELIONATO  
**RELATO SUCINTO DOS ACONTECIMENTOS:**  
O autor realizou compra via cartão de crédito no site ""httpsprincipiaskincareskincareoficialcom"", onde o valor total foi de R$ 5,00, parcelado em 2x. Posteriormente, recebeu email da transportadora com código rastreio, que era válido e constava a empresa ""Principia"" como responsável. Após constatação de golpe, no dia 18/12/2024, entrou em contato com a empresa ""Principia"", solicitando cancelamento da compra e informações complementares, mas não obteve resposta. A compra foi efetuada via cartão e tentou contato com o banco para relatar o caso."
8976,horário fatos  entrou google renovar cnh  acessou suposto site detran realizar procedimento  comenta fez cadastro site fornecendo todos dados pessoais site falso   realizou pagamento r 5424  referente suposta taxa  encaminhado mangofy  cnpj  48780455 0001   comunicante informa que  dia seguinte  212025  dirigiu detran  site falso  logo após  veio  ciente boletim ocorrência ,CODIGO: 8976 | NATUREZA: ESTELIONATO | DATA: 2025-02-20 00:00:00.000 | HORA: 1970-01-01 10:00:00 | LOCAL: CUIABA/SANTA ROSA | TIPO LOCAL: INTERNET | NARRATIVA: horário fatos  entrou google renovar cnh  acessou suposto site detran realizar procedimento  comenta fez cadastro site fornecendo todos dados pessoais site falso   realizou pagamento r 5424  referente suposta taxa  encaminhado mangofy  cnpj  48780455 0001   comunicante informa que  dia seguinte  212025  dirigiu detran  site falso  logo após  veio  ciente boletim ocorrência ,"**RELATÓRIO TÉCNICO RESUMIDO – BOLETIM DE OCORRÊNCIA**  
**DATA DOS FATOS:** 2025-02-20  
**HORA INICIAL DOS FATOS:** 1970-01-01 10:00:00  
**LOCAL:** CUIABA/SANTA ROSA  
**NATUREZA DA OCORRÊNCIA:** ESTELIONATO  
**RELATO SUCINTO DOS ACONTECIMENTOS:** A vítima, ao tentar renovar CNH no site do DETRAN, acessou um site suposto, fornecendo dados pessoais e realizando pagamento de R$ 5.424,00 para uma suposta taxa. Posteriormente, foi informada que o site era falso e que o pagamento não seria válido. No dia seguinte (21/02/2025), ao comparecer ao DETRAN, foi ciente de que o procedimento havia sido realizado em um site fraudulento e foi comunicado o boletim de ocorrência."
14310,volta 1120 vi promoção livros internet editora saraiva  pedia colocar todos dados entrega  dados pessoais telefone  direcionoume site onde pedia escolher box livros  pagar frete taxa importação  logo pensei poderia golpe  todos dados fiquei medo liguei mãe  orientou fazer boletim ocorrência confeccionado responsabilidade civil criminal declarante    ,CODIGO: 14310 | NATUREZA: ESTELIONATO | DATA: 2024-11-01 11:20:00.000 | HORA: 1970-01-01 11:20:00 | LOCAL: CUIABA/BOA ESPERANCA | TIPO LOCAL: INTERNET | NARRATIVA: volta 1120 vi promoção livros internet editora saraiva  pedia colocar todos dados entrega  dados pessoais telefone  direcionoume site onde pedia escolher box livros  pagar frete taxa importação  logo pensei poderia golpe  todos dados fiquei medo liguei mãe  orientou fazer boletim ocorrência confeccionado responsabilidade civil criminal declarante    ,"**RELATÓRIO TÉCNICO RESUMIDO – BOLETIM DE OCORRÊNCIA**  
**DATA DOS FATOS:** 2024-11-01  
**HORA INICIAL DOS FATOS:** 11:20  
**LOCAL:** CUIABA/BOA ESPERANÇA  
**NATUREZA DA OCORRÊNCIA:** ESTELIONATO  
**RELATO SUCINTO DOS ACONTECIMENTOS:** A vítima recebeu uma promoção de livros via internet, da editora Saraiva. Ao preencher dados pessoais e informações de contato, foi direcionada a um site que exigia escolha de um box de livros e pagamento de frete e taxa de importação. Suspeitando de golpe, a vítima ligou para a mãe, que orientou a realização de um boletim de ocorrência. O declarante assume responsabilidade civil e criminal."
2207,que  inicio ano passado contratado fazer obra  meio ano sr cidinei havia contratado ele  acabou encerrando contrato iria contratar outro rapaz  relata comunicante que  após ocorrido  srcidinei pedindo pagasse valor pago adiantamento serviço  valor r 7000 mil reais fazer compras materiais pagar mãos obras  acontece srcidinei pediu terceiros cobrarem  divida  comunicante comunicante vem sendo ameaçado constantemente terceiros  suspeitos nome  adones  outro    comunicante relata nomes suspeitos estariam ameaçando  narra ainda ambos usuarios drogas  juntamente srcidinei                  nada declarar,CODIGO: 2207 | NATUREZA: AMEAÇA | DATA: 2024-02-20 00:00:00.000 | HORA: 1970-01-01 13:00:00 | LOCAL: CUIABA/PREJUDICADO | TIPO LOCAL: INTERNET | NARRATIVA: que  inicio ano passado contratado fazer obra  meio ano sr cidinei havia contratado ele  acabou encerrando contrato iria contratar outro rapaz  relata comunicante que  após ocorrido  srcidinei pedindo pagasse valor pago adiantamento serviço  valor r 7000 mil reais fazer compras materiais pagar mãos obras  acontece srcidinei pediu terceiros cobrarem  divida  comunicante comunicante vem sendo ameaçado constantemente terceiros  suspeitos nome  adones  outro    comunicante relata nomes suspeitos estariam ameaçando  narra ainda ambos usuarios drogas  juntamente srcidinei                  nada declarar,"**RELATÓRIO TÉCNICO RESUMIDO – BOLETIM DE OCORRÊNCIA**  
**DATA DOS FATOS:** 2024-02-20  
**HORA INICIAL DOS FATOS:** 1970-01-01 13:00:00  
**LOCAL:** CUIABA/PREJUDICADO  
**NATUREZA DA OCORRÊNCIA:** AMEAÇA  
**RELATO SUCINTO DOS ACONTECIMENTOS:** O comunicante relata que, no início do ano passado, foi contratado para executar uma obra. Após meio ano, o contratante (sr. Cidinei) encerrou o contrato e pretendia contratar outro profissional. O comunicante afirma que, após o término do contrato, sr. Cidinei solicitou o pagamento de R$ 7.000,00 para custear compras de materiais e pagamento de mão de obra. Em seguida, sr. Cidinei solicitou que terceiros cobrassem a dívida, resultando em ameaças constantes ao comunicante por parte de suspeitos, cujos nomes são Adones e outro indivíduo. O comunicante relata que ambos os suspeitos são associados a uso de drogas e estão envolvidos com sr. Cidinei. Nada foi declarado a mais."
11940,compareceu adquiriu motocicleta cidade cascavel  informou pesquisou transportadora realizar traslado motocicleta encontrou site agil transportes  após cadastrar site  recebeu mensagem  onde representante identificou walaf  dando início tratativas transporte motocicleta  comunicante enviou dados pessoais assinou termo encaminhado transporte realizado  recebendo imagens motocicleta informações empresa comprovar veracidade fatos  após toda tratativa  questionou transporte realizado informado necessária instalação aplicativo celular entrega rastreamento motocicleta  seguida  contatado  onde pessoa identificou igor instruiu instalação aplicativo celular vítima através vídeo chamada  durante chamada  celular vítima espelhado configuração aplicativo realizada  notar whatsapp web vítima aberto deslogado  vítima desconfiou situação desligou celular  ligar celular novamente  constatou movimentações conta banco bradesco  sendo duas transferências realizadas  valor r 962  360  trezentos sessenta reais   ambas mesma conta   cnpj 56078161   banco pagseguro   além disso  verificou havia perdido acesso aplicativo banco inter  r 15  conta nome  banco picpay serviços sa  agência    cnpj  474577   referente transporte motocicleta  além pagamento r 990  nove reais noventa centavos  conta nome  000152  banco pagseguro  suposto aplicativo rastreamento  ainda motocicleta permanece cidade cascavel ,CODIGO: 11940 | NATUREZA: ESTELIONATO | DATA: 2024-10-03 00:00:00.000 | HORA: 1970-01-01 10:30:00 | LOCAL: CUIABA/PREJUDICADO | TIPO LOCAL: INTERNET | NARRATIVA: compareceu adquiriu motocicleta cidade cascavel  informou pesquisou transportadora realizar traslado motocicleta encontrou site agil transportes  após cadastrar site  recebeu mensagem  onde representante identificou walaf  dando início tratativas transporte motocicleta  comunicante enviou dados pessoais assinou termo encaminhado transporte realizado  recebendo imagens motocicleta informações empresa comprovar veracidade fatos  após toda tratativa  questionou transporte realizado informado necessária instalação aplicativo celular entrega rastreamento motocicleta  seguida  contatado  onde pessoa identificou igor instruiu instalação aplicativo celular vítima através vídeo chamada  durante chamada  celular vítima espelhado configuração aplicativo realizada  notar whatsapp web vítima aberto deslogado  vítima desconfiou situação desligou celular  ligar celular novamente  constatou movimentações conta banco bradesco  sendo duas transferências realizadas  valor r 962  360  trezentos sessenta reais   ambas mesma conta   cnpj 56078161   banco pagseguro   além disso  verificou havia perdido acesso aplicativo banco inter  r 15  conta nome  banco picpay serviços sa  agência    cnpj  474577   referente transporte motocicleta  além pagamento r 990  nove reais noventa centavos  conta nome  000152  banco pagseguro  suposto aplicativo rastreamento  ainda motocicleta permanece cidade cascavel ,"**RELATÓRIO TÉCNICO RESUMIDO – BOLETIM DE OCORRÊNCIA**  
**DATA DOS FATOS:** 2024-10-03  
**HORA INICIAL DOS FATOS:** 1970-01-01 10:30:00  
**LOCAL:** CUIABA/PREJUDICADO  
**NATUREZA DA OCORRÊNCIA:** ESTELIONATO  
**RELATO SUCINTO DOS ACONTECIMENTOS:**  
O comunicante adquiriu uma motocicleta em Cuiabá e utilizou um site de transportadora (Agil Transportes) para realizar o traslado. Após cadastrar-se, recebeu contato de um representante que solicitou dados pessoais e a assinatura de um termo. Após a conclusão do transporte, o comunicante foi instruído a instalar um aplicativo de rastreamento via vídeo chamada, durante a qual o celular foi espelhado e configurado. Em seguida, o comunicante percebeu movimentações indevidas em sua conta do Bradesco (transferências de R$ 962.360,36 para a conta CNPJ 56.078.161, banco PagSeguro), além de perda de acesso ao aplicativo Banco Inter (R$ 15,00) e pagamento de R$ 990,90 para um suposto aplicativo de rastreamento. A motocicleta permanece em Cuiabá."
10025,a  comunicante  edicléia aparecida  recebeu documentos covocando comunicante realizar pericia medica eviaram foto procuração supostamente comunicante havia dado poder meio procuração advogado  documento comunicante desconhece  declarante  relatar,CODIGO: 10025 | NATUREZA: ESTELIONATO | DATA: 2024-06-21 00:00:00.000 | HORA: 1970-01-01 15:43:00 | LOCAL: CUIABA/NOVO TERCEIRO | TIPO LOCAL: RESIDÊNCIA PARTICULAR | NARRATIVA: a  comunicante  edicléia aparecida  recebeu documentos covocando comunicante realizar pericia medica eviaram foto procuração supostamente comunicante havia dado poder meio procuração advogado  documento comunicante desconhece  declarante  relatar,"**RELATÓRIO TÉCNICO RESUMIDO – BOLETIM DE OCORRÊNCIA**  
**DATA DOS FATOS:** 2024-06-21  
**HORA INICIAL DOS FATOS:** 1970-01-01 15:43:00  
**LOCAL:** CUIABA/NOVO TERCEIRO  
**NATUREZA DA OCORRÊNCIA:** ESTELIONATO  
**RELATO SUCINTO DOS ACONTECIMENTOS:** A comunicante Edicléia recebeu documentos que solicitavam a realização de uma perícia médica, acompanhados de uma foto e uma procuração supostamente emitida por ela a um advogado. A comunicante afirma desconhecer os documentos e relata que a procuração não foi emitida por ela, indicando possível fraude."
14991,relatando data citada acima suposta funcionaria empresa boticário  comunicava através    suposta funcionaria mencionou comunicante  mesma sido sorteada passagem camboriú  precisaria seguir passo passo validação premiação  nesse sentido  outro suposto funcionário ligou através numero  solicitando código confirmação iria chegar comunicante  intuito validar prémio  comunicante relata acabou passando código  momento aplicativo instantaneamente derrubado  então vítima percebeu tratava golpe internet  ademais ressalta criminosos utilizando perfil solicitar dinheiro amigos  parentes familiares  cumpre ressaltar vítima conseguiu verificar utilizou whatsapp  sendo numero  66  2200532  além disso pix divulgado dar golpes nome rebeca  cpf n  62759954323  relatar ,CODIGO: 14991 | NATUREZA: ESTELIONATO | DATA: 2024-09-02 00:00:00.000 | HORA: 1970-01-01 12:00:00 | LOCAL: CUIABA/PREJUDICADO | TIPO LOCAL: INTERNET | NARRATIVA: relatando data citada acima suposta funcionaria empresa boticário  comunicava através    suposta funcionaria mencionou comunicante  mesma sido sorteada passagem camboriú  precisaria seguir passo passo validação premiação  nesse sentido  outro suposto funcionário ligou através numero  solicitando código confirmação iria chegar comunicante  intuito validar prémio  comunicante relata acabou passando código  momento aplicativo instantaneamente derrubado  então vítima percebeu tratava golpe internet  ademais ressalta criminosos utilizando perfil solicitar dinheiro amigos  parentes familiares  cumpre ressaltar vítima conseguiu verificar utilizou whatsapp  sendo numero  66  2200532  além disso pix divulgado dar golpes nome rebeca  cpf n  62759954323  relatar ,"**RELATÓRIO TÉCNICO RESUMIDO – BOLETIM DE OCORRÊNCIA**  
**DATA DOS FATOS:** 2024-09-02  
**HORA INICIAL DOS FATOS:** 12:00  
**LOCAL:** CUIABA/PREJUDICADO  
**NATUREZA DA OCORRÊNCIA:** ESTELIONATO  
**RELATO SUCINTO DOS ACONTECIMENTOS:** A vítima relata que foi contactada por uma suposta funcionária da empresa Boticário, que informou ter sido sorteada para uma passagem para Camboriú. Para validar a premiação, foi solicitado um código de confirmação, que foi fornecido pela vítima. Em seguida, o aplicativo foi imediatamente desativado, revelando o golpe. Adicionalmente, os criminosos utilizaram o WhatsApp com o número 66 2200532 e divulgaram um PIX sob o nome Rebeca, CPF 62759954323, para solicitar dinheiro a amigos, parentes e familiares. A vítima confirmou o uso de um perfil falsificado e identificou a fraude."
7206,narra comunicante pagou ipva tirando boleto site detran  fez divisão 06 vezes cartão primeira parcela pago certo segunda parcela pagamentos online digitais ltda valor r 12515  narrado  obs  cnpj  52746809 000160,CODIGO: 7206 | NATUREZA: ESTELIONATO | DATA: 2024-08-30 00:00:00.000 | HORA: 1970-01-01 09:19:00 | LOCAL: CUIABA/TRES BARRAS | TIPO LOCAL: RESIDÊNCIA PARTICULAR | NARRATIVA: narra comunicante pagou ipva tirando boleto site detran  fez divisão 06 vezes cartão primeira parcela pago certo segunda parcela pagamentos online digitais ltda valor r 12515  narrado  obs  cnpj  52746809 000160,"**RELATÓRIO TÉCNICO RESUMIDO – BOLETIM DE OCORRÊNCIA**  
**DATA DOS FATOS:** 2024-08-30  
**HORA INICIAL DOS FATOS:** 1970-01-01 09:19:00  
**LOCAL:** CUIABA/TRES BARRAS  
**NATUREZA DA OCORRÊNCIA:** ESTELIONATO  
**RELATO SUCINTO DOS ACONTECIMENTOS:** O comunicante relatou que pagou o IPVA mediante o uso de boleto emitido pelo site do DETRAN, dividindo o pagamento em 06 parcelas. A primeira parcela foi paga conforme previsto, enquanto a segunda parcela foi realizada via empresa ""Pagamentos Online Digitais Ltda"", com valor de R$ 12.515,00. Observa-se que o CNPJ da empresa envolvida é 52.746.809/000160."
6816,volta 35  colega perguntando conta instagram  taisreginatr  havia sido hackeada  logo tento acesso vejo havia perdido total acesso  instante tento recuperar conta  sucesso criminosos havia troca telefone email acesso  devido incerteza recuperar imediato acesso conta  realizo comunicado story facebook whatsapp avisando sobre ocorrido pedindo colegas denunciarem perfil virtual instagram compartilhas situação evitar novas vítimas  durante período vespertino dia  volta 13 iniciaram postagem referente consultora consultoralaycampos falando sobre dinheiro fácil  volta 15 fizeram nova postagem referindo mesma conta  ás 1623 colocaram foto família escrevendo tbt amo   ás 00 realizaram nova postagem relacionada lay campos  a referida conta cita desde começo   durante todo período realizei dia diversas página instagram nunca concluía bugs   demora realizo troca senha demais redes sociais  muita insistência buscas internet encontro email securitymailinstagramcom mando mensagem tema  instagram hackeado  escrevo seguinte mensagem fui hackeado scanner fácil simplesmente abre  conta taisreginatr  email cinta mudado  solicito orientações recuperar conta  realizo novas tentativas recuperar senha sucesso  apresentando mesma falha  dia 24012025 realizo novas tentativas recuperar acesso plataforma digital instagram  sucesso respostas plataforma  realizado nova postagem ás 1730 sobre memes relacionado casamento  seguida  novas página instagram  apresentando erros levando pagina inicial concluía bugs   momento resposta complementares relatar ,CODIGO: 6816 | NATUREZA: ESTELIONATO | DATA: 2025-01-23 00:00:00.000 | HORA: 1970-01-01 13:25:00 | LOCAL: CUIABA/PORTO | TIPO LOCAL: OUTRO | NARRATIVA: volta 35  colega perguntando conta instagram  taisreginatr  havia sido hackeada  logo tento acesso vejo havia perdido total acesso  instante tento recuperar conta  sucesso criminosos havia troca telefone email acesso  devido incerteza recuperar imediato acesso conta  realizo comunicado story facebook whatsapp avisando sobre ocorrido pedindo colegas denunciarem perfil virtual instagram compartilhas situação evitar novas vítimas  durante período vespertino dia  volta 13 iniciaram postagem referente consultora consultoralaycampos falando sobre dinheiro fácil  volta 15 fizeram nova postagem referindo mesma conta  ás 1623 colocaram foto família escrevendo tbt amo   ás 00 realizaram nova postagem relacionada lay campos  a referida conta cita desde começo   durante todo período realizei dia diversas página instagram nunca concluía bugs   demora realizo troca senha demais redes sociais  muita insistência buscas internet encontro email securitymailinstagramcom mando mensagem tema  instagram hackeado  escrevo seguinte mensagem fui hackeado scanner fácil simplesmente abre  conta taisreginatr  email cinta mudado  solicito orientações recuperar conta  realizo novas tentativas recuperar senha sucesso  apresentando mesma falha  dia 24012025 realizo novas tentativas recuperar acesso plataforma digital instagram  sucesso respostas plataforma  realizado nova postagem ás 1730 sobre memes relacionado casamento  seguida  novas página instagram  apresentando erros levando pagina inicial concluía bugs   momento resposta complementares relatar ,"**RELATÓRIO TÉCNICO RESUMIDO – BOLETIM DE OCORRÊNCIA**  
**DATA DOS FATOS:** 2025-01-23  
**HORA INICIAL DOS FATOS:** 13:25  
**LOCAL:** CUIABA/PORTO  
**NATUREZA DA OCORRÊNCIA:** ESTELIONATO  
**RELATO SUCINTO DOS ACONTECIMENTOS:**  
O relato refere-se a um caso de estelionato envolvendo a conta do Instagram ""taisreginatr"", que foi hackeada. O autor da ocorrência percebeu a violação após tentar acessar a conta e constatar a perda total de acesso. Os criminosos alteraram o telefone e o email associados à conta, impedindo a recuperação imediata. Para alertar colegas e evitar novas vítimas, o autor realizou comunicações via story do Facebook, WhatsApp e Instagram, informando sobre o ocorrido e solicitando denúncias. Durante o período vespertino, foram publicadas postagens falsas relacionadas a uma conta ""consultoralaycampos"", com conteúdo sobre ""dinheiro fácil"". Posteriormente, foram feitas novas postagens com fotos e mensagens como ""tbt amo"", além de tentativas de recuperação da conta, incluindo contato com o suporte do Instagram via email (securitymailinstagramcom). Apesar da recuperação parcial do acesso em 24/01/2025, persistiram erros em páginas do Instagram, com falhas no acesso e bugs na plataforma. O autor destacou a insistência na busca por soluções e a dificuldade de conclusão dos processos de recuperação."
12464,recebi anuncio via facebook promoção loja  link este  httpswwwfacebookcomsharerqsaxyqszqehasxvhmibextiduflbux sempre compro desta loja suspeitei  achei estranho cartão ter passado entao valor 17488 reias  operado cartao ligou dizer tentativa compra suspeita entao percebi golpe  ja feito pagamento via pix            nº2,CODIGO: 12464 | NATUREZA: OUTRAS FRAUDES | DATA: 2024-06-08 10:37:00.000 | HORA: 1970-01-01 10:37:00 | LOCAL: CUIABA/JARDIM ACLIMACAO | TIPO LOCAL: INTERNET | NARRATIVA: recebi anuncio via facebook promoção loja  link este  httpswwwfacebookcomsharerqsaxyqszqehasxvhmibextiduflbux sempre compro desta loja suspeitei  achei estranho cartão ter passado entao valor 17488 reias  operado cartao ligou dizer tentativa compra suspeita entao percebi golpe  ja feito pagamento via pix            nº2,"**RELATÓRIO TÉCNICO RESUMIDO – BOLETIM DE OCORRÊNCIA**  
**DATA DOS FATOS:** 2024-06-08 10:37:00.000  
**HORA INICIAL DOS FATOS:** 1970-01-01 10:37:00  
**LOCAL:** CUIABA/JARDIM ACLIMACAO  
**NATUREZA DA OCORRÊNCIA:** OUTRAS FRAUDES  
**RELATO SUCINTO DOS ACONTECIMENTOS:** O autor recebeu um anúncio via Facebook prometendo promoções de uma loja, clicou em um link compartilhado (httpswwwfacebookcomsharerqsaxyqszqehasxvhmibextiduflbux) e realizou pagamento de R$ 17.488,00 via PIX. Posteriormente, ao perceber que o cartão havia sido utilizado em uma compra suspeita, entrou em contato com o operador do cartão, que confirmou a tentativa de fraude. O autor já havia realizado o pagamento e identificou o golpe."
14212,hora informada acima  dirigiu agência negociação financeira  identificada facilitador  porque filho comunicante encontrava duas parcelas atraso  veiculo chevrolet  onix 14 ltz  cor branca  placa  qbj9j75 referida empresa fazer muitas propaganda televisão comunicante dirigiu ponto atendimento  ressalta sentiu coagido  suspeitos falaram carro busca apreensão assinar acordo iria perder carro  comunicante informa sabia tal fato  mesmos falavam segredo justiça  duvidas comunicante ficar  e somente responder sim não  indagava fatos voltar desde começo ,CODIGO: 14212 | NATUREZA: ESTELIONATO | DATA: 2024-01-10 00:00:00.000 | HORA: 1970-01-01 14:45:00 | LOCAL: CUIABA/DOM AQUINO | TIPO LOCAL: CASA COMERCIAL | NARRATIVA: hora informada acima  dirigiu agência negociação financeira  identificada facilitador  porque filho comunicante encontrava duas parcelas atraso  veiculo chevrolet  onix 14 ltz  cor branca  placa  qbj9j75 referida empresa fazer muitas propaganda televisão comunicante dirigiu ponto atendimento  ressalta sentiu coagido  suspeitos falaram carro busca apreensão assinar acordo iria perder carro  comunicante informa sabia tal fato  mesmos falavam segredo justiça  duvidas comunicante ficar  e somente responder sim não  indagava fatos voltar desde começo ,"**RELATÓRIO TÉCNICO RESUMIDO – BOLETIM DE OCORRÊNCIA**  
**DATA DOS FATOS:** 2024-01-10  
**HORA INICIAL DOS FATOS:** 14:45  
**LOCAL:** Cuiabá/Dom Aquino – Casa Comercial  
**NATUREZA DA OCORRÊNCIA:** ESTELIONATO  
**RELATO SUCINTO DOS ACONTECIMENTOS:** O comunicante dirigiu-se a uma agência de negociação financeira, onde foi identificado como facilitador. O veículo envolvido é um Chevrolet Onix 1.4 LTZ, cor branca, placa QBJ9J75. O comunicante informa que seu filho estava com duas parcelas em atraso, e a empresa responsável pela negociação realizava propaganda televisiva. Durante o atendimento, o comunicante sentiu-se coagido, sendo informado de que o carro poderia ser apreendido se não assinasse um acordo. Ressalta-se que o comunicante já sabia do fato, mas os suspeitos insistiram em manter o segredo da justiça. O comunicante manifestou dúvidas e apenas respondeu ""sim"" ou ""não"", sendo questionado novamente sobre os fatos a partir do início do processo."
1347,descreve através numero  65  40425362  simulando filha  comunicante informa suposta filha começou solicitar dinheiro pagar algumas contas  fé  pensando ajudando filha realizou algumas transferências seguintes beneficiários   cnpj 054391 156 valor r 1680  10  um mil reis  cnpj  r 145900     fim realizado pagamento boleto valor r 1999  reais noventa nove centavos  beneficiario  sob numero documento cpf oculto ,CODIGO: 1347 | NATUREZA: ESTELIONATO | DATA: 2024-10-04 00:00:00.000 | HORA: 1970-01-01 06:40:00 | LOCAL: CUIABA/PREJUDICADO | TIPO LOCAL: INTERNET | NARRATIVA: descreve através numero  65  40425362  simulando filha  comunicante informa suposta filha começou solicitar dinheiro pagar algumas contas  fé  pensando ajudando filha realizou algumas transferências seguintes beneficiários   cnpj 054391 156 valor r 1680  10  um mil reis  cnpj  r 145900     fim realizado pagamento boleto valor r 1999  reais noventa nove centavos  beneficiario  sob numero documento cpf oculto ,"**RELATÓRIO TÉCNICO RESUMIDO – BOLETIM DE OCORRÊNCIA**  
**DATA DOS FATOS:** 2024-10-04  
**HORA INICIAL DOS FATOS:** 2024-10-04 06:40:00  
**LOCAL:** CUIABA  
**NATUREZA DA OCORRÊNCIA:** ESTELIONATO  
**RELATO SUCINTO DOS ACONTECIMENTOS:**  
O relato indica que a vítima foi contactada por meio de um número (65 40425362), onde uma pessoa simulava ser sua filha, solicitando dinheiro para pagar contas. A vítima, acreditando estar ajudando, realizou transferências para diversos beneficiários, incluindo CNPJ 054391156 (valor R$ 1.680,00), CNPJ não especificado (valor R$ 10.000,00) e um boleto de R$ 1.999,99, cujo CPF do beneficiário estava oculto. O crime ocorreu via internet, com a vítima ciente de que o suposto contato era fraudulento."
13928, publicação facebook referente investimento  relata perfil perfil fake nome amiga tomou conhecimento fez pix  comunicante encaminhou pix valor r 100 reais conta destino playslow processadora pagamentos  conta corrente          nada relatou            relatar ,CODIGO: 13928 | NATUREZA: ESTELIONATO | DATA: 2024-08-02 00:00:00.000 | HORA: 1970-01-01 15:00:00 | LOCAL: CUIABA/DOM AQUINO | TIPO LOCAL: INTERNET | NARRATIVA:  publicação facebook referente investimento  relata perfil perfil fake nome amiga tomou conhecimento fez pix  comunicante encaminhou pix valor r 100 reais conta destino playslow processadora pagamentos  conta corrente          nada relatou            relatar ,"**RELATÓRIO TÉCNICO RESUMIDO – BOLETIM DE OCORRÊNCIA**  
**DATA DOS FATOS:** 2024-08-02  
**HORA INICIAL DOS FATOS:** 1970-01-01 15:00:00  
**LOCAL:** CUIABA/DOM AQUINO  
**NATUREZA DA OCORRÊNCIA:** ESTELIONATO  
**RELATO SUCINTO DOS ACONTECIMENTOS:** A vítima relatou que tomou conhecimento de uma publicação no Facebook referente a um investimento, onde um perfil fake (aparentando ser de uma amiga) solicitou o pagamento de R$ 100,00 via PIX. A vítima encaminhou o valor para a conta de um processador de pagamentos chamado ""Playslow"", utilizando uma conta corrente. Após o pagamento, nada foi recebido, e a vítima decidiu relatar o caso."
12449,manhã dia 24 recebi whatsapp mensagem empréstimo bancário cair golpe empréstimo financeiro golpista dizia tendo liberação empréstimo valor r 70000 onde paguei r 198 taxa seguro liberação empréstimo logo após enviar contrato falso onde pedia cpf 08609102106 rg 36 267155 disseram logo após enviar contrato liberação dinheiro cair 10 minutos conta logo após enviaram setor financeiro liberação empréstimo onde pediram taxa 54590 taxa iof seguida descobrir golpe falei gostaria dinheiro novamente disse cancelar quebra contrato iriam jogar nome serasa então então bloqueia golpistas entrei contato empresa usando nome alertei empresa aplicando golpes nome empresa euro 17 crédito empresa pediu mandar todos prints conversas fazer boletim ocorrência logo após falando empresa entrei contato novamente golpista poder pegar informação respondeu retorno resposta golpista apenas mandou mensagem informando funciona empréstimo logo após respondeu bloqueei denunciei agora vim registrar boletim ocorrência n  9,CODIGO: 12449 | NATUREZA: OUTRAS FRAUDES | DATA: 2024-06-24 11:10:00.000 | HORA: 1970-01-01 11:10:00 | LOCAL: CUIABA/QUILOMBO | TIPO LOCAL: ESCRITORIO | NARRATIVA: manhã dia 24 recebi whatsapp mensagem empréstimo bancário cair golpe empréstimo financeiro golpista dizia tendo liberação empréstimo valor r 70000 onde paguei r 198 taxa seguro liberação empréstimo logo após enviar contrato falso onde pedia cpf 08609102106 rg 36 267155 disseram logo após enviar contrato liberação dinheiro cair 10 minutos conta logo após enviaram setor financeiro liberação empréstimo onde pediram taxa 54590 taxa iof seguida descobrir golpe falei gostaria dinheiro novamente disse cancelar quebra contrato iriam jogar nome serasa então então bloqueia golpistas entrei contato empresa usando nome alertei empresa aplicando golpes nome empresa euro 17 crédito empresa pediu mandar todos prints conversas fazer boletim ocorrência logo após falando empresa entrei contato novamente golpista poder pegar informação respondeu retorno resposta golpista apenas mandou mensagem informando funciona empréstimo logo após respondeu bloqueei denunciei agora vim registrar boletim ocorrência n  9,"**RELATÓRIO TÉCNICO RESUMIDO – BOLETIM DE OCORRÊNCIA**  
**DATA DOS FATOS:** 2024-06-24  
**HORA INICIAL DOS FATOS:** 11:10  
**LOCAL:** CUIABA/QUILOMBO  
**NATUREZA DA OCORRÊNCIA:** OUTRAS FRAUDES  
**RELATO SUCINTO DOS ACONTECIMENTOS:**  
No dia 24/06/2024, vítima recebeu mensagem via WhatsApp oferecendo empréstimo bancário, com suposta liberação de R$ 70.000,00. Após pagar taxas de seguro (R$ 198,00) e enviar contrato falso com dados pessoais (CPF: 086.091.021-06, RG: 36.267.155), foi informado sobre liberação do valor. No entanto, após pagar taxas adicionais (R$ 54.590,00, taxa IOF), descobriu-se que o golpe era falso. A vítima tentou reaver o dinheiro, mas foi ameaçada de registro em Serasa e bloqueio de informações. Entrou em contato com uma empresa (Euro 17 Crédito), que solicitou prints das conversas e boletim de ocorrência. Após a vítima denunciar o golpe, o suspeito informou que o empréstimo ""funciona"" e tentou bloquear a denúncia. A vítima finalmente registrou o boletim de ocorrência nº 9."
9179,a  comunicante relatando  nome  anunciou venda  comunicante interessou entrou contato  sendo assim  disse comunicante oficina ver moto  dono cunhado  ver moto  testala   8000   para conta nome   cpf     478151     joaciraguiar3gmailcom   interagiu dono oficina  tudo tratava venda falsa  moto sendo vendida  cunhado dono oficina  logo  bloqueou comunicante          nada relatou            relatar ,CODIGO: 9179 | NATUREZA: ESTELIONATO | DATA: 2024-05-20 00:00:00.000 | HORA: 1970-01-01 10:00:00 | LOCAL: CUIABA/PREJUDICADO | TIPO LOCAL: OUTRO | NARRATIVA: a  comunicante relatando  nome  anunciou venda  comunicante interessou entrou contato  sendo assim  disse comunicante oficina ver moto  dono cunhado  ver moto  testala   8000   para conta nome   cpf     478151     joaciraguiar3gmailcom   interagiu dono oficina  tudo tratava venda falsa  moto sendo vendida  cunhado dono oficina  logo  bloqueou comunicante          nada relatou            relatar ,"**RELATÓRIO TÉCNICO RESUMIDO – BOLETIM DE OCORRÊNCIA**  
**DATA DOS FATOS:** 2024-05-20  
**HORA INICIAL DOS FATOS:** 1970-01-01 10:00:00  
**LOCAL:** CUIABA/PREJUDICADO  
**NATUREZA DA OCORRÊNCIA:** ESTELIONATO  
**RELATO SUCINTO DOS ACONTECIMENTOS:** A comunicante relatou que viu um anúncio de venda de motocicleta. Entrou em contato com o suposto vendedor, que identificou-se como cunhado de um dono de oficina. Durante a negociação, foi informado que a motocicleta custaria R$ 8.000,00, sendo solicitado um depósito em conta bancária com nome, CPF (478.151) e e-mail (joaciraguiar3gmailcom). A comunicação foi feita com o dono da oficina, mas tudo tratava-se de uma venda falsa. O cunhado, identificado como dono da oficina, bloqueou a comunicação da comunicante. Nenhum valor foi transferido, e a vítima não relatou outras ações, mas deseja relatar o ocorrido."
4930,sendo vitima tentativa golpe  hoje dia 012025  pais receberam mensagem via whatsapp solicitando dinheiro emprestado eu   com foto outro numero celular   seguida  informando familiares sobre celular golpe  apresentaram fazer transferência nome  cpf  6909 62282   boleto 000  em nome,CODIGO: 4930 | NATUREZA: ESTELIONATO | DATA: 2025-01-20 00:00:00.000 | HORA: 1970-01-01 08:00:00 | LOCAL: CUIABA/JARDIM EUROPA | TIPO LOCAL: OUTRO | NARRATIVA: sendo vitima tentativa golpe  hoje dia 012025  pais receberam mensagem via whatsapp solicitando dinheiro emprestado eu   com foto outro numero celular   seguida  informando familiares sobre celular golpe  apresentaram fazer transferência nome  cpf  6909 62282   boleto 000  em nome,"**RELATÓRIO TÉCNICO RESUMIDO – BOLETIM DE OCORRÊNCIA**  
**DATA DOS FATOS:** 2025-01-20  
**HORA INICIAL DOS FATOS:** 08:00  
**LOCAL:** CUIABA/JARDIM EUROPA  
**NATUREZA DA OCORRÊNCIA:** ESTELIONATO  
**RELATO SUCINTO DOS ACONTECIMENTOS:** A vítima relata ter recebido mensagem via WhatsApp solicitando dinheiro emprestado, com foto e outro número de celular. Após informar familiares sobre o golpe, realizou transferência a nome de pessoa com CPF 690962282, mediante boleto 000, em seu próprio nome."
1477,dia 07124 recebi email serasa informando respeito vazamento dados dark web  hoje assinei plano serasa constatei vazamentos dados desde ano 20  informações desde nome  endereço  cpf  nome mae  senha  email   devido ocorrido venho registrar boletim ocorrencia,CODIGO: 1477 | NATUREZA: OUTRAS FRAUDES | DATA: 2024-12-09 11:23:00.000 | HORA: 1970-01-01 11:23:00 | LOCAL: CUIABA/OSMAR CABRAL | TIPO LOCAL: INTERNET | NARRATIVA: dia 07124 recebi email serasa informando respeito vazamento dados dark web  hoje assinei plano serasa constatei vazamentos dados desde ano 20  informações desde nome  endereço  cpf  nome mae  senha  email   devido ocorrido venho registrar boletim ocorrencia,"**RELATÓRIO TÉCNICO RESUMIDO – BOLETIM DE OCORRÊNCIA**  
**DATA DOS FATOS:** 2024-12-09  
**HORA INICIAL DOS FATOS:** 11:23:00  
**LOCAL:** CUIABA/OSMAR CABRAL  
**NATUREZA DA OCORRÊNCIA:** OUTRAS FRAUDES  
**RELATO SUCINTO DOS ACONTECIMENTOS:**  
O relator informa que recebeu, em 07/12/2024, um e-mail da Serasa alertando sobre vazamento de dados na dark web. Após verificar a situação, constatou que seus dados pessoais, incluindo nome, endereço, CPF, nome da mãe, senha e e-mail, estavam disponíveis em vazamentos. Diante do ocorrido, o autor informa que assinou um plano de constatação da Serasa e agora busca registrar um boletim de ocorrência para formalizar a situação."
846,através amigo obtive contato  identificou diretor empresa unibank brasil sede santa catarina cidade itajai  ofereceu serviço limpa nome custaria valor 1000 10 dias nome sairia todos orgãos negativação serasa  spc  boa vista  realizei pagamento via pix conta poupança banco sicredi outro dia recebi email pessoa chamada assinando via docusign contrato prestação serviços  onde afirmam prestaram serviços combinamos  assinei documento aguardei  passando prazo entrei apresenta diretor designado dar sentença férias outra semana voltaria normal  voltei procura  lo disse devido carnaval judiciário recesso toda semana procuro sempre diz resolvido semana seguinte  ja passaram quase 50 dias após pagamento assinatura contrato ja pedi dinheiro volta diz consegue realizar devolução  ultimo contato dia 2603 onde perguntei daria certo  visualizzou respondeu mais  possui suspeita  prestativo receber valor,CODIGO: 846 | NATUREZA: ESTELIONATO | DATA: 2025-02-11 00:00:00.000 | HORA: 1970-01-01 19:26:00 | LOCAL: CUIABA/CENTRO-SUL | TIPO LOCAL: OUTRO | NARRATIVA: através amigo obtive contato  identificou diretor empresa unibank brasil sede santa catarina cidade itajai  ofereceu serviço limpa nome custaria valor 1000 10 dias nome sairia todos orgãos negativação serasa  spc  boa vista  realizei pagamento via pix conta poupança banco sicredi outro dia recebi email pessoa chamada assinando via docusign contrato prestação serviços  onde afirmam prestaram serviços combinamos  assinei documento aguardei  passando prazo entrei apresenta diretor designado dar sentença férias outra semana voltaria normal  voltei procura  lo disse devido carnaval judiciário recesso toda semana procuro sempre diz resolvido semana seguinte  ja passaram quase 50 dias após pagamento assinatura contrato ja pedi dinheiro volta diz consegue realizar devolução  ultimo contato dia 2603 onde perguntei daria certo  visualizzou respondeu mais  possui suspeita  prestativo receber valor,"**RELATÓRIO TÉCNICO RESUMIDO – BOLETIM DE OCORRÊNCIA**  
**DATA DOS FATOS:** 2025-02-11  
**HORA INICIAL DOS FATOS:** 1970-01-01 19:26:00  
**LOCAL:** CUIABA/CENTRO-SUL  
**NATUREZA DA OCORRÊNCIA:** ESTELIONATO  
**RELATO SUCINTO DOS ACONTECIMENTOS:**  
O autor relatou que, através de um amigo, obteve contato com um suposto diretor de uma empresa da Unibank Brasil, sediada em Santa Catarina (Itajaí). O acusado ofereceu serviço de ""limpeza de nome"", custando R$ 1.000,00, prometendo que o nome sairia de todos os órgãos de crédito (Serasa, SPC, Boa Vista) em 10 dias. Após realizar o pagamento via PIX em conta poupança do Banco Sicredi, o autor recebeu um e-mail com contrato de prestação de serviços assinado via DocuSign. No entanto, após o prazo acordado, o serviço não foi realizado. O suposto diretor informou que estaria de férias e retornaria ""normal"", mas após 50 dias sem resposta, o autor solicitou devolução do valor. O último contato foi realizado no dia 26/03/2025, onde foi informado que havia ""suspeita"" e que o serviço não poderia ser realizado."
10476,emprestou valor r 248 oitocentos reais     combinado iris devolver valor prazo 30 dias  após 90 passou dois cheques valor r 28  vinte oito mil  5  cinco total cheque r 33000  trinta tres mil reais  valor devido juros  após vitima ir banco descontar cheque verificado cheques fundo motivo 11 12  emitente cheque nome  lucimara auxiliadora mendes silva   cpf  921426 13187  banco brasil ,CODIGO: 10476 | NATUREZA: ESTELIONATO | DATA: 2024-08-02 00:00:00.000 | HORA: 1970-01-01 14:00:00 | LOCAL: CUIABA/PREJUDICADO | TIPO LOCAL: OUTRO | NARRATIVA: emprestou valor r 248 oitocentos reais     combinado iris devolver valor prazo 30 dias  após 90 passou dois cheques valor r 28  vinte oito mil  5  cinco total cheque r 33000  trinta tres mil reais  valor devido juros  após vitima ir banco descontar cheque verificado cheques fundo motivo 11 12  emitente cheque nome  lucimara auxiliadora mendes silva   cpf  921426 13187  banco brasil ,"**RELATÓRIO TÉCNICO RESUMIDO – BOLETIM DE OCORRÊNCIA**  
**DATA DOS FATOS:** 2024-08-02  
**HORA INICIAL DOS FATOS:** 14:00  
**LOCAL:** CUIABA/PREJUDICADO  
**NATUREZA DA OCORRÊNCIA:** ESTELIONATO  
**RELATO SUCINTO DOS ACONTECIMENTOS:** A vítima emprestou R$ 248.800,00, combinando devolver o valor em 30 dias. Após 90 dias, o réu emitiu dois cheques, totalizando R$ 33.000,00 (um no valor de R$ 28.000,00 e outro de R$ 5.000,00), com a finalidade de pagar o valor devido e juros. Ao tentar descontar os cheques no banco, a vítima verificou que os documentos não tinham fundos. O emitente dos cheques foi identificado como Lucimara Auxiliadora Mendes Silva, CPF 921.426.13187, vinculado ao Banco Brasil. A ocorrência foi registrada após a verificação da falta de recursos nos cheques."
6151,facebook mesma hackeada  comunicante relata suspeitos trocaram email numero telefone conta  alem disso informa mesmos ainda estao usando fotografia realizando varias publicações pagina  intuito enganar amigos familiares  esquemas piramides ficticios  comunicante informa nao sabe suspeitos adentraram conta relata nao conseguiu recuperar mesma  cabiveis ,CODIGO: 6151 | NATUREZA: INVASÃO DE DISPOSITIVO INFORMÁTICO | DATA: 2024-08-11 00:00:00.000 | HORA: 1970-01-01 08:00:00 | LOCAL: CUIABA/NOVO TERCEIRO | TIPO LOCAL: INTERNET | NARRATIVA: facebook mesma hackeada  comunicante relata suspeitos trocaram email numero telefone conta  alem disso informa mesmos ainda estao usando fotografia realizando varias publicações pagina  intuito enganar amigos familiares  esquemas piramides ficticios  comunicante informa nao sabe suspeitos adentraram conta relata nao conseguiu recuperar mesma  cabiveis ,"**RELATÓRIO TÉCNICO RESUMIDO – BOLETIM DE OCORRÊNCIA**  
**DATA DOS FATOS:** 2024-08-11  
**HORA INICIAL DOS FATOS:** 08:00  
**LOCAL:** CUIABA/NOVO TERCEIRO  
**NATUREZA DA OCORRÊNCIA:** INVASÃO DE DISPOSITIVO INFORMÁTICO  
**RELATO SUCINTO DOS ACONTECIMENTOS:** O comunicante relata que sua conta do Facebook foi hackeada, com suspeitos alterando informações como email, número de telefone e dados da conta. Os suspeitos continuam utilizando a conta para publicar conteúdo com intuito de enganar amigos e familiares, promovendo esquemas piramidais fictícios. O comunicante não identifica os suspeitos e não conseguiu recuperar a conta, informando que a situação é cabível para ações de investigação."
8498,relatando viu perfil rede social facebook loja artesanato loja santa arte bom jesus  entrou contato  12  996875333  realizou pedidos loja  enviou valor via pix conta nome cpf  360707 15861  passou cheve pix sócio  enviou valor r reais  nome pix   loja deu prazo 20 dias entregue porém momento recebeu produtos  relata entra contato loja mesma responde transição entrega  solicitou pedido reembolso disseram iriam enviar  momento recebeu pararam responder mensagens atender ligações         nada relatou            relatar ,CODIGO: 8498 | NATUREZA: ESTELIONATO | DATA: 2024-09-12 00:00:00.000 | HORA: 1970-01-01 10:00:00 | LOCAL: CUIABA/RESID JAMIL BOUTROS NADAF | TIPO LOCAL: INTERNET | NARRATIVA: relatando viu perfil rede social facebook loja artesanato loja santa arte bom jesus  entrou contato  12  996875333  realizou pedidos loja  enviou valor via pix conta nome cpf  360707 15861  passou cheve pix sócio  enviou valor r reais  nome pix   loja deu prazo 20 dias entregue porém momento recebeu produtos  relata entra contato loja mesma responde transição entrega  solicitou pedido reembolso disseram iriam enviar  momento recebeu pararam responder mensagens atender ligações         nada relatou            relatar ,"**RELATÓRIO TÉCNICO RESUMIDO – BOLETIM DE OCORRÊNCIA**  
**DATA DOS FATOS:** 2024-09-12  
**HORA INICIAL DOS FATOS:** 1970-01-01 10:00:00  
**LOCAL:** CUIABA/RESID JAMIL BOUTROS NADAF  
**NATUREZA DA OCORRÊNCIA:** ESTELIONATO  
**RELATO SUCINTO DOS ACONTECIMENTOS:** O relator informa que entrou em contato com uma loja de artesanato (Loja Santa Arte Bom Jesus) via perfil do Facebook, após o contato com o número 12 996875333. Realizou pedidos e efetuou pagamento via PIX, utilizando o CPF 360707 15861. A loja concedeu prazo de 20 dias para entrega, mas o cliente recebeu os produtos. Posteriormente, solicitou reembolso, sendo informado que o valor seria enviado. No entanto, a loja deixou de responder mensagens e atender ligações, sem retorno sobre o processo."
9832,ciente entrou site sefaz efetuar pagamento ipva veiculo  após colocar dados automóvel site gerou guia pagamento  tendo efetuado pagamento valor r 7128 conta titularidade pgamentos cobrancas estad sefaz ltda cnpj 59411404 000110 sumup scd sa  id transação e9e426b  após ter efetuado pagamento comunicante  vitima verificou site sefazmt consultar havia dado baixa débitos  momento tomou conhecimento boleto havia pago titularidade estado mato grosso   ocorrências  moldes art ,CODIGO: 9832 | NATUREZA: ESTELIONATO | DATA: 2025-02-18 00:00:00.000 | HORA: 1970-01-01 09:33:00 | LOCAL: CUIABA/GOIABEIRAS | TIPO LOCAL: INTERNET | NARRATIVA: ciente entrou site sefaz efetuar pagamento ipva veiculo  após colocar dados automóvel site gerou guia pagamento  tendo efetuado pagamento valor r 7128 conta titularidade pgamentos cobrancas estad sefaz ltda cnpj 59411404 000110 sumup scd sa  id transação e9e426b  após ter efetuado pagamento comunicante  vitima verificou site sefazmt consultar havia dado baixa débitos  momento tomou conhecimento boleto havia pago titularidade estado mato grosso   ocorrências  moldes art ,"**RELATÓRIO TÉCNICO RESUMIDO – BOLETIM DE OCORRÊNCIA**  
**DATA DOS FATOS:** 2025-02-18  
**HORA INICIAL DOS FATOS:** 1970-01-01 09:33:00  
**LOCAL:** CUIABA/GOIABEIRAS  
**NATUREZA DA OCORRÊNCIA:** ESTELIONATO  
**RELATO SUCINTO DOS ACONTECIMENTOS:** A vítima acessou o site da SEFAC para efetuar pagamento do IPVA de um veículo. Após inserir os dados do automóvel, o site gerou uma guia de pagamento com valor de R$ 7.128, atribuindo a titularidade à empresa ""Pagamentos Cobranças Estadual SEFAC Ltda., CNPJ 59.411.404/0001-10"". Após efetuar o pagamento, a vítima verificou o site da SEFAC-MT e constatou que o débito havia sido quitado, mas percebeu que o pagamento foi realizado para a empresa mencionada, não para o estado de Mato Grosso. A transação foi identificada pelo ID ""e9e426b""."
13501,recebi ligação celular via instagram onde relata participação promoção  porém pede através celular pessoal informe código enviado participação  após momento consegui acesso,CODIGO: 13501 | NATUREZA: OUTRAS FRAUDES | DATA: 2024-01-19 19:21:00.000 | HORA: 1970-01-01 19:21:00 | LOCAL: CUIABA/DOM AQUINO | TIPO LOCAL: RESIDÊNCIA PARTICULAR | NARRATIVA: recebi ligação celular via instagram onde relata participação promoção  porém pede através celular pessoal informe código enviado participação  após momento consegui acesso,"**RELATÓRIO TÉCNICO RESUMIDO – BOLETIM DE OCORRÊNCIA**  
**DATA DOS FATOS:** 2024-01-19  
**HORA INICIAL DOS FATOS:** 19:21:00  
**LOCAL:** CUIABA/DOM AQUINO  
**NATUREZA DA OCORRÊNCIA:** OUTRAS FRAUDES  
**RELATO SUCINTO DOS ACONTECIMENTOS:** O relato refere-se a uma ligação recebida via Instagram, onde o autor informou ter sido solicitado a participar de uma promoção. Para isso, foi solicitado o código de verificação enviado para o celular pessoal. Após o momento da solicitação, o autor conseguiu acesso a informações ou recursos, possivelmente comprometendo a segurança de seu dispositivo."
8326,  datas 11 12 março 2024  compras feitas cartão crédito pessoas desconhecidas acesso cartão físico  declara valor total 4 compras realizadas pelos  suspeitos  totalizam r 3400  cartão crédito qualquer pessoa  tratase cartão crédito ouze  visa  final 5905          nada relatou            relatar ,CODIGO: 8326 | NATUREZA: OUTRAS FRAUDES | DATA: 2024-04-11 00:00:00.000 | HORA: 1970-01-01 00:00:00 | LOCAL: CUIABA/PREJUDICADO | TIPO LOCAL: OUTRO | NARRATIVA:   datas 11 12 março 2024  compras feitas cartão crédito pessoas desconhecidas acesso cartão físico  declara valor total 4 compras realizadas pelos  suspeitos  totalizam r 3400  cartão crédito qualquer pessoa  tratase cartão crédito ouze  visa  final 5905          nada relatou            relatar ,"**RELATÓRIO TÉCNICO RESUMIDO – BOLETIM DE OCORRÊNCIA**  
**DATA DOS FATOS:** 11 e 12 de março de 2024  
**HORA INICIAL DOS FATOS:** 00:00:00  
**LOCAL:** CUIABA/PREJUDICADO  
**NATUREZA DA OCORRÊNCIA:** OUTRAS FRAUDES  
**RELATO SUCINTO DOS ACONTECIMENTOS:** O prejuíziado relatou que, em 11 e 12 de março de 2024, suspeitas de fraudes ocorreram com o uso de um cartão de crédito físico, emitido por uma instituição de crédito (não especificada, mas mencionada como ""ouze"" ou ""visa"" com final 5905). Foram realizadas 4 compras, totalizando R$ 3.400,00, por pessoas desconhecidas que teriam acesso ao cartão. O prejuíziado não havia relatado o incidente anteriormente, mas agora solicita a formalização da ocorrência."
1132,tarde terçafeira  12  abordada whatsapp contato foto filho kleber pedindo trasnferir r 1870 fazer pagamento  realizando pix valor r 15  nome  agência 0001  conta 5  cpf 25163  abordou  dia ontem  131124  filho chegou casa então conversamos sobre valor ele  dizendo pediu nenhuma transferêcia  então percebi golpe sofri  imediato entramos contato banco brasil abrimos protocolo informar situação  filho disse nenhum registro outro dispositivo entrando whatsapp dele            através protocolo nº 9      d0a  comunicante ,CODIGO: 1132 | NATUREZA: ESTELIONATO | DATA: 2024-11-12 15:02:00.000 | HORA: 1970-01-01 15:02:00 | LOCAL: CUIABA/JARDIM VITORIA | TIPO LOCAL: INTERNET | NARRATIVA: tarde terçafeira  12  abordada whatsapp contato foto filho kleber pedindo trasnferir r 1870 fazer pagamento  realizando pix valor r 15  nome  agência 0001  conta 5  cpf 25163  abordou  dia ontem  131124  filho chegou casa então conversamos sobre valor ele  dizendo pediu nenhuma transferêcia  então percebi golpe sofri  imediato entramos contato banco brasil abrimos protocolo informar situação  filho disse nenhum registro outro dispositivo entrando whatsapp dele            através protocolo nº 9      d0a  comunicante ,"**RELATÓRIO TÉCNICO RESUMIDO – BOLETIM DE OCORRÊNCIA**  
**DATA DOS FATOS:** 2024-11-12  
**HORA INICIAL DOS FATOS:** 15:02:00  
**LOCAL:** CUIABA/JARDIM VITORIA  
**NATUREZA DA OCORRÊNCIA:** ESTELIONATO  
**RELATO SUCINTO DOS ACONTECIMENTOS:** Na tarde de terça-feira, 12/11/2024, o comunicante foi abordado via WhatsApp por um contato que se fingiu ser seu filho Kleber, solicitando a transferência de R$ 1.870,00. Após realizar um PIX de R$ 15,00 com os dados fornecidos (agência 0001, conta 5, CPF 251.63), percebeu que estava vítima de golpe. O filho informou que não havia realizado a transferência e que outro dispositivo estava acessando seu WhatsApp. O comunicante imediatamente entrou em contato com o Banco do Brasil, abrindo o protocolo nº 9 d0a para relatar a situação."
12904,mt cidadão solicitar renovação cnh  viu pagar duas taxas sendo valor r 6824 outra valor r 12731  comunicante acabou fazer pagamento valores mencionados  medius pag  cnpj  550919 000120    cartos scd sa  contudo  assim comunicante detran  disse havia pagado referidas taxas  assim atendente fez consulta  disse comunicante havia caído registrar boletim          nada relatou            relatar ,CODIGO: 12904 | NATUREZA: ESTELIONATO | DATA: 2025-04-02 00:00:00.000 | HORA: 1970-01-01 20:31:00 | LOCAL: CUIABA/DUQUE DE CAXIAS | TIPO LOCAL: INTERNET | NARRATIVA: mt cidadão solicitar renovação cnh  viu pagar duas taxas sendo valor r 6824 outra valor r 12731  comunicante acabou fazer pagamento valores mencionados  medius pag  cnpj  550919 000120    cartos scd sa  contudo  assim comunicante detran  disse havia pagado referidas taxas  assim atendente fez consulta  disse comunicante havia caído registrar boletim          nada relatou            relatar ,"**RELATÓRIO TÉCNICO RESUMIDO – BOLETIM DE OCORRÊNCIA**  
**DATA DOS FATOS:** 2025-04-02  
**HORA INICIAL DOS FATOS:** 1970-01-01 20:31:00  
**LOCAL:** CUIABA/DUQUE DE CAXIAS  
**NATUREZA DA OCORRÊNCIA:** ESTELIONATO  
**RELATO SUCINTO DOS ACONTECIMENTOS:** Cidadão solicitou renovação de CNH, foi informado sobre pagamento de duas taxas (R$ 6.824,00 e R$ 12.731,00). Após efetuar o pagamento via CNPJ 550919000120 (Cartos SCD SA), o DETRAN informou que os valores já estavam registrados. Ao tentar confirmar, o atendente sugeriu a elaboração de um boletim de ocorrência, sem relato de outros fatos."
8654,navegando internet  instagram  deparei propaganda 2 pizzas preço uma  r 4990   promoção pizzaria famosa  dominos pizza  cliquei anúncio  abriu escolher sabores pizzas  então  após escolher  pediram dados  incluindo cpf  endereço entrega  tudo informado  abriu tela pagamento  valor errado  pois adicionado outras coisas  borda pizza doce  deixei somente pizzas promoção  fiz pagamento através pix  modo  copia colalink   após isso  veio mensagem pedido poderia entregue  causa cep errado ainda querendo pagasse frete  daí desconfiei  porque promoção dizia frete grátis  cliquei voltar pedir cancelamento pedido tela desapareceu  então  constatei tratava contato banco  cora scd solicitei cancelamento pix  orientou realizar boletim ocorrência enviar email banco endereço suasegurancacoracombr  ,CODIGO: 8654 | NATUREZA: ESTELIONATO | DATA: 2025-03-16 00:00:00.000 | HORA: 1970-01-01 20:42:00 | LOCAL: CUIABA/ALVORADA | TIPO LOCAL: OUTRO | NARRATIVA: navegando internet  instagram  deparei propaganda 2 pizzas preço uma  r 4990   promoção pizzaria famosa  dominos pizza  cliquei anúncio  abriu escolher sabores pizzas  então  após escolher  pediram dados  incluindo cpf  endereço entrega  tudo informado  abriu tela pagamento  valor errado  pois adicionado outras coisas  borda pizza doce  deixei somente pizzas promoção  fiz pagamento através pix  modo  copia colalink   após isso  veio mensagem pedido poderia entregue  causa cep errado ainda querendo pagasse frete  daí desconfiei  porque promoção dizia frete grátis  cliquei voltar pedir cancelamento pedido tela desapareceu  então  constatei tratava contato banco  cora scd solicitei cancelamento pix  orientou realizar boletim ocorrência enviar email banco endereço suasegurancacoracombr  ,"**RELATÓRIO TÉCNICO RESUMIDO – BOLETIM DE OCORRÊNCIA**  
**DATA DOS FATOS:** 2025-03-16  
**HORA INICIAL DOS FATOS:** 20:42:00  
**LOCAL:** CUIABA/ALVORADA  
**NATUREZA DA OCORRÊNCIA:** ESTELIONATO  
**RELATO SUCINTO DOS ACONTECIMENTOS:** O relator navegava no Instagram quando encontrou propaganda de promoção de 2 pizzas por R$4.990, da pizzaria Dominos. Clicou no anúncio, preencheu dados pessoais (CPF, endereço) e escolheu sabores. Ao finalizar o pedido, observou valor incorreto, com adição de itens não solicitados (borda doce). Realizou pagamento via PIX (copiar e colar link). Posteriormente, recebeu mensagem informando erro no CEP e cobrança de frete, o que gerou desconfiança, já que a promoção garantia frete grátis. Tentou cancelar o pedido, mas a tela desapareceu. Contactou o banco Cora SCD, solicitando cancelamento e orientação para encaminhar boletim de ocorrência, sendo orientado a enviar email para o endereço de segurança do banco."
13628,informa comunicante caixa ecomica valor r 75000 transferido comta bancaria breno numero transazação  comunicante fez transferrencia vitima golpe ,CODIGO: 13628 | NATUREZA: ESTELIONATO | DATA: 2024-05-03 00:00:00.000 | HORA: 1970-01-01 10:30:00 | LOCAL: CUIABA/JARDIM IMPERIAL | TIPO LOCAL: OUTRO | NARRATIVA: informa comunicante caixa ecomica valor r 75000 transferido comta bancaria breno numero transazação  comunicante fez transferrencia vitima golpe ,"**RELATÓRIO TÉCNICO RESUMIDO – BOLETIM DE OCORRÊNCIA**  
**DATA DOS FATOS:** 2024-05-03  
**HORA INICIAL DOS FATOS:** 10:30  
**LOCAL:** CUIABA/JARDIM IMPERIAL  
**NATUREZA DA OCORRÊNCIA:** ESTELIONATO  
**RELATO SUCINTO DOS ACONTECIMENTOS:** O comunicante informa que transferiu o valor de R$75.000,00 para a conta bancária de Breno, através de uma transação, sendo vítima de um golpe."
14209,particular  onde vitima acima qualificada recebeu ligação telefónica numero00 591 23 55 onde suposto numero apresentou banco brasil  dizia vitima havia caído golpe  necessário vitima dirigir agência bancaria período 40min 1hr  onde suspeito novamente entrou contato pedindo vitima inserir cartão ir campo especifico detran  onde vitima desconfia tratava golpe  vitima informa prejuízo financeiro conta corrente valor r 148074mil quatrocentos oitenta reais setenta quatro centavos  vitima informa cartão crédito obteve prejuízo r 7000sete mil reais  subtraído conta poupança valor acima trezentos cinquenta reais ressalta após fato vitima conseguiu contato suspeitos ,CODIGO: 14209 | NATUREZA: ESTELIONATO | DATA: 2024-01-15 00:00:00.000 | HORA: 1970-01-01 18:08:00 | LOCAL: CUIABA/JARDIM PETROPOLIS | TIPO LOCAL: EM BANCO | NARRATIVA: particular  onde vitima acima qualificada recebeu ligação telefónica numero00 591 23 55 onde suposto numero apresentou banco brasil  dizia vitima havia caído golpe  necessário vitima dirigir agência bancaria período 40min 1hr  onde suspeito novamente entrou contato pedindo vitima inserir cartão ir campo especifico detran  onde vitima desconfia tratava golpe  vitima informa prejuízo financeiro conta corrente valor r 148074mil quatrocentos oitenta reais setenta quatro centavos  vitima informa cartão crédito obteve prejuízo r 7000sete mil reais  subtraído conta poupança valor acima trezentos cinquenta reais ressalta após fato vitima conseguiu contato suspeitos ,"**RELATÓRIO TÉCNICO RESUMIDO – BOLETIM DE OCORRÊNCIA**  
**DATA DOS FATOS:** 2024-01-15  
**HORA INICIAL DOS FATOS:** 1970-01-01 18:08:00  
**LOCAL:** CUIABA/JARDIM PETROPOLIS – EM BANCO  
**NATUREZA DA OCORRÊNCIA:** ESTELIONATO  
**RELATO SUCINTO DOS ACONTECIMENTOS:** A vítima recebeu ligação telefônica de número 00 591 23 55, que supostamente era do Banco do Brasil, informando que havia caído em golpe. O suspeito solicitou que a vítima se dirigisse a uma agência bancária por 40 minutos a 1 hora. Posteriormente, novamente contactado, pediu que a vítima inserisse o cartão no campo específico do DETRAN. A vítima desconfiou do golpe, informando prejuízo financeiro: R$ 148.074,40 na conta corrente, R$ 7.000,00 no cartão de crédito e R$ 350,00 na poupança. Após o fato, a vítima conseguiu contato com os suspeitos."
1197, recebi mensagem whatsapp golpista passava filho  pediu fizesse pix pagamento pois sistema bancario instabilidade  fiz 3 pix  sendo r 3620  r 3 r 1000 ocorrência confeccionado comunicante   ,CODIGO: 1197 | NATUREZA: ESTELIONATO | DATA: 2024-05-16 12:30:00.000 | HORA: 1970-01-01 12:30:00 | LOCAL: CUIABA/JARDIM IMPERIAL | TIPO LOCAL: INTERNET | NARRATIVA:  recebi mensagem whatsapp golpista passava filho  pediu fizesse pix pagamento pois sistema bancario instabilidade  fiz 3 pix  sendo r 3620  r 3 r 1000 ocorrência confeccionado comunicante   ,"**RELATÓRIO TÉCNICO RESUMIDO – BOLETIM DE OCORRÊNCIA**  
**DATA DOS FATOS:** 2024-05-16 12:30:00.000  
**HORA INICIAL DOS FATOS:** 1970-01-01 12:30:00  
**LOCAL:** CUIABA/JARDIM IMPERIAL  
**NATUREZA DA OCORRÊNCIA:** ESTELIONATO  
**RELATO SUCINTO DOS ACONTECIMENTOS:** O comunicante recebeu mensagem via WhatsApp de suposto golpista, que falsamente informava sobre problema de filho e pedidos de pagamento via PIX devido a instabilidade no sistema bancário. Realizou três transações PIX, totalizando R$ 3.620,00 (três pagamentos: R$ 3.620,00, R$ 3,00 e R$ 1.000,00). Ocorrência foi confeccionada pelo comunicante."
5105,  sofá facebook  pensou vendendo sofá  amiga  pois comunicante disse pediria marido buscar sofá  disse precisava porque iria chegar residência comunicante dia 14  informa ainda fez pagamento sofá pix encaminhado kaue kevin hipolito  cpf         pix  525699 43878  banco bradesco sa  a comunicante relata percebeu vendendo sofá amiga sim mulher nome sueli barcelos  comunicante relata mandou mensagem sueli perguntando conhecia pessoa feito pix  mesma disse comunicante foto melhor reconhecer  comunicante pediu dinheiro volta sueli  porém entraram contato comunicante whatasapp 55  mandando código comunicante pudesse receber dinheiro volta  informa ainda pessoa mandou 5 códigos pudesse receber dinheiro  informa ainda perguntou quanto comunicante havia dinheiro banco  mesma informou r 200  disse conseguindo mandar dinheiro causa valor conta  informa ainda pessoa apagou todas mensagens havia mandado whatsapp  foto perfil dessa pessoa bacen trocado nubank         nada relatou            relatar ,CODIGO: 5105 | NATUREZA: ESTELIONATO | DATA: 2024-02-24 00:00:00.000 | HORA: 1970-01-01 12:00:00 | LOCAL: CUIABA/DESPRAIADO | TIPO LOCAL: RESIDÊNCIA PARTICULAR | NARRATIVA:   sofá facebook  pensou vendendo sofá  amiga  pois comunicante disse pediria marido buscar sofá  disse precisava porque iria chegar residência comunicante dia 14  informa ainda fez pagamento sofá pix encaminhado kaue kevin hipolito  cpf         pix  525699 43878  banco bradesco sa  a comunicante relata percebeu vendendo sofá amiga sim mulher nome sueli barcelos  comunicante relata mandou mensagem sueli perguntando conhecia pessoa feito pix  mesma disse comunicante foto melhor reconhecer  comunicante pediu dinheiro volta sueli  porém entraram contato comunicante whatasapp 55  mandando código comunicante pudesse receber dinheiro volta  informa ainda pessoa mandou 5 códigos pudesse receber dinheiro  informa ainda perguntou quanto comunicante havia dinheiro banco  mesma informou r 200  disse conseguindo mandar dinheiro causa valor conta  informa ainda pessoa apagou todas mensagens havia mandado whatsapp  foto perfil dessa pessoa bacen trocado nubank         nada relatou            relatar ,"**RELATÓRIO TÉCNICO RESUMIDO – BOLETIM DE OCORRÊNCIA**  
**DATA DOS FATOS:** 2024-02-24  
**HORA INICIAL DOS FATOS:** 1970-01-01 12:00:00  
**LOCAL:** CUIABA/DESPRAIADO  
**NATUREZA DA OCORRÊNCIA:** ESTELIONATO  
**RELATO SUCINTO DOS ACONTECIMENTOS:** A vítima relata ter tentado vender um sofá por meio do Facebook, após contato com uma amiga (Sueli Barcelos), que informou ter recebido uma solicitação de um comunicante para buscar o sofá em sua residência no dia 14. A vítima informa ter realizado pagamento via PIX no valor de R$ 200, encaminhando o código para Kaue Kevin Hipólito (CPF: 525.699.438-78, Banco Bradesco SA). Posteriormente, a vítima percebeu que estava sendo vítima de estelionato, pois uma pessoa, supostamente representante do comunicante, solicitou o retorno do dinheiro, enviando 5 códigos para receber o valor. A vítima informa que a pessoa solicitou o valor em conta, mas após o contato, apagou todas as mensagens do WhatsApp e utilizou uma foto de perfil falsa com logotipo do BACEN e Nubank. Nenhum outro dado foi relatado."
2254,narra vítima  comunicante extraviou documentos pessoais via publica porém lembra onde desde data acima citada chegando mensagens celular pessoas usando dados comentendo estelionato  comunicante fazendo boletim resguardar       boletim            relatar ,CODIGO: 2254 | NATUREZA: ESTELIONATO | DATA: 2024-11-18 00:00:00.000 | HORA: 1970-01-01 12:00:00 | LOCAL: CUIABA/PREJUDICADO | TIPO LOCAL: INTERNET | NARRATIVA: narra vítima  comunicante extraviou documentos pessoais via publica porém lembra onde desde data acima citada chegando mensagens celular pessoas usando dados comentendo estelionato  comunicante fazendo boletim resguardar       boletim            relatar ,"**RELATÓRIO TÉCNICO RESUMIDO – BOLETIM DE OCORRÊNCIA**  
**DATA DOS FATOS:** 2024-11-18  
**HORA INICIAL DOS FATOS:** 1970-01-01 12:00:00  
**LOCAL:** CUIABA/PREJUDICADO  
**NATUREZA DA OCORRÊNCIA:** ESTELIONATO  
**RELATO SUCINTO DOS ACONTECIMENTOS:** A vítima relata que extraviou documentos pessoais via pública, lembrando onde os documentos estão desde a data acima citada. Recebeu mensagens de celular com pessoas utilizando seus dados para cometer estelionato. A vítima realizou boletim de ocorrência para resguardar os dados e relatar o caso."
2518,comunicante boletim ocorrência razão dê golpe realizado aplicativo mensagens  whatsapp   senhor joary vitório mirandavitima   informou data dia 03  930 manhã  recebeu mensagens suposto  advogado   entrando contato discutir respeito processo contra inss  acontece que  advogado contato falso  perfeitamente copiado verdadeiro advogado joary   advogado  joary  comunicou sobre processo ter entrado transito julgado possibilidade recursos parte inss  caso  joary havia ganhado processo  parte suspeita após mensagem  suposto advogado pediu dados bancarios joary realizado cadastro bacen   advogado  informou valor causa processo  descontado imposto renda  r 0 ficaria r 5196800  oque suspeito  visto valor causa isento ir   advogado  joary pressionou pagar valor cheio duas certidões valor causa viesse completo descontado  tratava r 28 reais  valor duas certidõesdarf csll   contato falso insistiu pressão através mensagens  desesperadoras  intenção persuadir joary  após longa conversa  joary acabou transferindo r 149875 via pix  cpf registrado nome 373   conta will financeira sa  após transferência  contato golpista continuou pressionando joary transferisse dinheiro  após ocorrido  sexta feira  dia 042025  contato falso informou joary pessoa nome estaria tentando entrar contato joary  segundo próprio   advogado   informou tom agressivo liberação integral 71 mil reais valor causa  necessário joary transferisse r 499750  após perceber situação estranha joary pediu reembolso contato golpista passava advogado  porém obteve respostas  transferência feita  540  ,CODIGO: 2518 | NATUREZA: ESTELIONATO | DATA: 2025-04-03 00:00:00.000 | HORA: 1970-01-01 10:00:00 | LOCAL: CUIABA/PORTO | TIPO LOCAL: INTERNET | NARRATIVA: comunicante boletim ocorrência razão dê golpe realizado aplicativo mensagens  whatsapp   senhor joary vitório mirandavitima   informou data dia 03  930 manhã  recebeu mensagens suposto  advogado   entrando contato discutir respeito processo contra inss  acontece que  advogado contato falso  perfeitamente copiado verdadeiro advogado joary   advogado  joary  comunicou sobre processo ter entrado transito julgado possibilidade recursos parte inss  caso  joary havia ganhado processo  parte suspeita após mensagem  suposto advogado pediu dados bancarios joary realizado cadastro bacen   advogado  informou valor causa processo  descontado imposto renda  r 0 ficaria r 5196800  oque suspeito  visto valor causa isento ir   advogado  joary pressionou pagar valor cheio duas certidões valor causa viesse completo descontado  tratava r 28 reais  valor duas certidõesdarf csll   contato falso insistiu pressão através mensagens  desesperadoras  intenção persuadir joary  após longa conversa  joary acabou transferindo r 149875 via pix  cpf registrado nome 373   conta will financeira sa  após transferência  contato golpista continuou pressionando joary transferisse dinheiro  após ocorrido  sexta feira  dia 042025  contato falso informou joary pessoa nome estaria tentando entrar contato joary  segundo próprio   advogado   informou tom agressivo liberação integral 71 mil reais valor causa  necessário joary transferisse r 499750  após perceber situação estranha joary pediu reembolso contato golpista passava advogado  porém obteve respostas  transferência feita  540  ,"**RELATÓRIO TÉCNICO RESUMIDO – BOLETIM DE OCORRÊNCIA**  
**DATA DOS FATOS:** 2025-04-03  
**HORA INICIAL DOS FATOS:** 09:30  
**LOCAL:** INTERNET  
**NATUREZA DA OCORRÊNCIA:** ESTELIONATO  
**RELATO SUCINTO DOS ACONTECIMENTOS:**  
A vítima, Joary Vitório Miranda, recebeu mensagens no WhatsApp de um suposto advogado que simulava discutir um processo contra o INSS. O golpista informou que o processo estava julgado e que a vítima havia ganhado, exigindo dados bancários e pressionando para transferir R$ 5.196.800,00 (valor da causa descontado impostos). Após transferir R$ 149.875,00 via PIX, o golpista insistiu em mais pagamentos, levando a uma segunda transferência de R$ 499.750,00. O total transferido foi de R$ 649.625,00. A vítima percebeu a fraude e solicitou reembolso, mas não obteve resposta."
473, carro frente próprio estabelecimento  mulher praça carro  modelo  touro  deu ré carro comunicante dessa forma batendo forma bruta  após ter batido mulher saiu contra mão                  nada declarar ,CODIGO: 473 | NATUREZA: DANO | DATA: 2024-08-17 00:00:00.000 | HORA: 1970-01-01 23:23:00 | LOCAL: CUIABA/PREJUDICADO | TIPO LOCAL: OUTRO | NARRATIVA:  carro frente próprio estabelecimento  mulher praça carro  modelo  touro  deu ré carro comunicante dessa forma batendo forma bruta  após ter batido mulher saiu contra mão                  nada declarar ,"**RELATÓRIO TÉCNICO RESUMIDO – BOLETIM DE OCORRÊNCIA**  
**DATA DOS FATOS:** 2024-08-17  
**HORA INICIAL DOS FATOS:** 1970-01-01 23:23:00  
**LOCAL:** CUIABA/PREJUDICADO  
**NATUREZA DA OCORRÊNCIA:** DANO  
**RELATO SUCINTO DOS ACONTECIMENTOS:** Ocorreu acidente envolvendo um veículo modelo Touro, onde a condutora, uma mulher, ao realizar uma manobra de ré em uma praça, colidiu de forma bruta com outro veículo (comunicante). Após o impacto, a condutora abandonou o local contra o sentido da via, sem prestar declarações. O dano foi registrado como incidente de natureza danosa."
15013, mês março sendo cobrado algo deve  fez empréstimo r 10 descontar vezes r   seguida fez outro empréstimo r 7  onde descontado parcelas também  parcelas comunicante terminou pagar  após 12 meses  continua sendo descontado conta valores referentes parcelas  sendo combinado r 165  porém banco cobrando r   comunicante cartão crédito limite r  cancelou fevereiro  porém banco agibank cobrando valor r 1754 limite cartão  porém limite comunicante sempre r 0  desconhecendo então suposta divida  relata ainda feita portabilidade beneficio comunicante autorização dele  além terem feito seguro vida comunicante  solicitação autorização dele  dia 23092024  comunicante agência agibank  onde alegado funcionários banco existia suposta dívida r 3300          nada relatou            relatar ,CODIGO: 15013 | NATUREZA: OUTRAS FRAUDES | DATA: 2024-03-01 00:00:00.000 | HORA: 1970-01-01 12:00:00 | LOCAL: CUIABA/RES ALTOS DO PARQUE | TIPO LOCAL: OUTRO | NARRATIVA:  mês março sendo cobrado algo deve  fez empréstimo r 10 descontar vezes r   seguida fez outro empréstimo r 7  onde descontado parcelas também  parcelas comunicante terminou pagar  após 12 meses  continua sendo descontado conta valores referentes parcelas  sendo combinado r 165  porém banco cobrando r   comunicante cartão crédito limite r  cancelou fevereiro  porém banco agibank cobrando valor r 1754 limite cartão  porém limite comunicante sempre r 0  desconhecendo então suposta divida  relata ainda feita portabilidade beneficio comunicante autorização dele  além terem feito seguro vida comunicante  solicitação autorização dele  dia 23092024  comunicante agência agibank  onde alegado funcionários banco existia suposta dívida r 3300          nada relatou            relatar ,"**RELATÓRIO TÉCNICO RESUMIDO – BOLETIM DE OCORRÊNCIA**  
**DATA DOS FATOS:** 2024-03-01  
**HORA INICIAL DOS FATOS:** 1970-01-01 12:00:00  
**LOCAL:** CUIABA/RES ALTOS DO PARQUE  
**NATUREZA DA OCORRÊNCIA:** OUTRAS FRAUDES  
**RELATO SUCINTO DOS ACONTECIMENTOS:**  
O comunicante relatou que, durante o mês de março, foi cobrado empréstimo de R$10, com descontos em parcelas. Após realizar outro empréstimo de R$7, continuou sendo descontado valores referentes a parcelas, mesmo após 12 meses de pagamento. O valor combinado era de R$165, mas o banco cobrava um valor não especificado. O comunicante também relatou que seu cartão de crédito (limite zerado) foi cancelado em fevereiro, mas o banco Agibank cobrava R$1.754 referente a limite inexistente. Adicionalmente, o comunicante alega que, após solicitar autorização para portabilidade de benefício e seguro de vida, foi surpreendido com uma suposta dívida de R$3.300. Em 23/09/2024, visitou a agência do Agibank, onde funcionários alegaram existir dívida, mas o comunicante não relatou qualquer transação ou movimentação."
15322, abordada mulher dentro  terminal cpa i   segundo comunicante  pediu identidade vitima  após vitima mostrar identidade  disse identidade nao valendo  segundo suspeita  identidade  qr code  valendo  suspeita disse ia fazer identidade nova  qr code   deu papel tipo nota fiscal assinado vitima  somente após assinar  viitma percebeu pode ter sido vitima fraude  versão  nada declarar ,CODIGO: 15322 | NATUREZA: OUTRAS FRAUDES | DATA: 2024-07-13 00:00:00.000 | HORA: 1970-01-01 10:30:00 | LOCAL: CUIABA/CENTRO POLITICO ADMINISTRATIVO | TIPO LOCAL: TERMINAL RODOVIARIO | NARRATIVA:  abordada mulher dentro  terminal cpa i   segundo comunicante  pediu identidade vitima  após vitima mostrar identidade  disse identidade nao valendo  segundo suspeita  identidade  qr code  valendo  suspeita disse ia fazer identidade nova  qr code   deu papel tipo nota fiscal assinado vitima  somente após assinar  viitma percebeu pode ter sido vitima fraude  versão  nada declarar ,"**RELATÓRIO TÉCNICO RESUMIDO – BOLETIM DE OCORRÊNCIA**  
**DATA DOS FATOS:** 2024-07-13  
**HORA INICIAL DOS FATOS:** 1970-01-01 10:30:00  
**LOCAL:** CUIABA/CENTRO POLITICO ADMINISTRATIVO  
**NATUREZA DA OCORRÊNCIA:** OUTRAS FRAUDES  
**RELATO SUCINTO DOS ACONTECIMENTOS:** A vítima foi abordada no Terminal Rodoviário CPA I, onde um suspeito solicitou sua identidade. Após a vítima apresentar a identidade, o suspeito alegou que ela não era válida, mencionando que a identidade com QR code era válida. O suspeito afirmou que iria emitir uma nova identidade com QR code e entregou à vítima um papel semelhante a nota fiscal, solicitando assinatura. Após assinar, a vítima percebeu que havia sido vítima de fraude."
13978,comunicante informou recebeu ligação atendente alegando funcioinario banco inbursa  alegando comunicante dois emprestimos feito atraves bancos bmg banrisul  comunicante informou realmente possui emprestimos  entao atendente ofereceu comunicante portabilidade  alegando iria diminuir valor parcelas emprestimo  deste modo comunicante aceitou  sendo assim  seguiu todos passos suposto atendente  onde solicitou comunicante fotografia rosto tambem informa enviado link suposto atendente via whatsapp onde comunicante acessou  site possuia opção reconhecimento facial comunicante tambem 4 5 contratos serem assinados  comunicante acreditando estaria seguindo passos diminuir parcelas  tirou fotografia solicitada link assinou contratos  posteriormente apos realizar todos procedimentos  comunicante recebeu mensagem celular  outra suposta atendente alegando haviam tentativas compras banco comunicante  nao reconhecesse compras  negar mesmas  entao acreditando boa fé atendente  mesma induziu comunicante adentrar aplicativo seguir procedimentos suposta segurança conta  deste modo  induzindo comunicante  suposta atendente  fez enviasse suspeitos valor 2400 banco nubank via pix  tambem mesmos acessaram conta banco itau  onde tambem realizaram compras cartão credito  comunicante informa bloqueou conta itau tambem banco nubank  cabiveis ,CODIGO: 13978 | NATUREZA: ESTELIONATO | DATA: 2024-07-23 00:00:00.000 | HORA: 1970-01-01 08:00:00 | LOCAL: CUIABA/PRIMEIRO DE MARCO | TIPO LOCAL: INTERNET | NARRATIVA: comunicante informou recebeu ligação atendente alegando funcioinario banco inbursa  alegando comunicante dois emprestimos feito atraves bancos bmg banrisul  comunicante informou realmente possui emprestimos  entao atendente ofereceu comunicante portabilidade  alegando iria diminuir valor parcelas emprestimo  deste modo comunicante aceitou  sendo assim  seguiu todos passos suposto atendente  onde solicitou comunicante fotografia rosto tambem informa enviado link suposto atendente via whatsapp onde comunicante acessou  site possuia opção reconhecimento facial comunicante tambem 4 5 contratos serem assinados  comunicante acreditando estaria seguindo passos diminuir parcelas  tirou fotografia solicitada link assinou contratos  posteriormente apos realizar todos procedimentos  comunicante recebeu mensagem celular  outra suposta atendente alegando haviam tentativas compras banco comunicante  nao reconhecesse compras  negar mesmas  entao acreditando boa fé atendente  mesma induziu comunicante adentrar aplicativo seguir procedimentos suposta segurança conta  deste modo  induzindo comunicante  suposta atendente  fez enviasse suspeitos valor 2400 banco nubank via pix  tambem mesmos acessaram conta banco itau  onde tambem realizaram compras cartão credito  comunicante informa bloqueou conta itau tambem banco nubank  cabiveis ,"**RELATÓRIO TÉCNICO RESUMIDO – BOLETIM DE OCORRÊNCIA**  
**DATA DOS FATOS:** 2024-07-23  
**HORA INICIAL DOS FATOS:** 1970-01-01 08:00:00  
**LOCAL:** CUIABA/PRIMEIRO DE MARCO  
**NATUREZA DA OCORRÊNCIA:** ESTELIONATO  
**RELATO SUCINTO DOS ACONTECIMENTOS:** Comunicante recebeu ligação de suposto atendente do banco INBURSA, que alegava ser funcionário e informava ter realizado empréstimos via bancos BMG e Banrisul. O atendente ofereceu portabilidade para reduzir parcelas, induzindo o comunicante a seguir etapas, incluindo envio de foto do rosto, acesso a link via WhatsApp para reconhecimento facial e assinatura de contratos. Posteriormente, após realizar procedimentos, o comunicante recebeu mensagem de suposta atendente alertando sobre tentativas de compras no banco, o que o induziu a acessar aplicativo de segurança e transferir R$ 2.400,00 via PIX ao Nubank e realizar compras no cartão do Itaú. Contas foram bloqueadas após identificação do golpe."
14295,viajando casa irmã fátima cianorte paraná dia outubro  onde período tarde retornei casa prima fica bataguassu ms  dia 30 retorneu residência cuiabá chegando 1900 hs  dia 0111 recebi ligação tentativa fraude conta corrente  banco bradesco verificando gerente realmente tentaram fraudar pix valor bem alto  aproveitando solicitei gerente extrato cartão crédito supresa duas compras fraudadas dia 2910 sendo  pg  ton valor r 422173 outra pizzaria sol valor r 953664  aproveitando solicitei central cartão crédito bloqueio cartão contestação valores debitados cartão  comunicar fraude junto cartão crédito bradesco visa 40 7052  buscando internet empresas so encontrei pizzaria sol maringá paraná endereço av     confeccionado responsabilidade civil criminal declarante    ,CODIGO: 14295 | NATUREZA: INVASÃO DE DISPOSITIVO INFORMÁTICO | DATA: 2024-11-01 12:30:00.000 | HORA: 1970-01-01 12:30:00 | LOCAL: CUIABA/JARDIM MARIANA | TIPO LOCAL: EM BANCO | NARRATIVA: viajando casa irmã fátima cianorte paraná dia outubro  onde período tarde retornei casa prima fica bataguassu ms  dia 30 retorneu residência cuiabá chegando 1900 hs  dia 0111 recebi ligação tentativa fraude conta corrente  banco bradesco verificando gerente realmente tentaram fraudar pix valor bem alto  aproveitando solicitei gerente extrato cartão crédito supresa duas compras fraudadas dia 2910 sendo  pg  ton valor r 422173 outra pizzaria sol valor r 953664  aproveitando solicitei central cartão crédito bloqueio cartão contestação valores debitados cartão  comunicar fraude junto cartão crédito bradesco visa 40 7052  buscando internet empresas so encontrei pizzaria sol maringá paraná endereço av     confeccionado responsabilidade civil criminal declarante    ,"**RELATÓRIO TÉCNICO RESUMIDO – BOLETIM DE OCORRÊNCIA**  
**DATA DOS FATOS:** 2024-11-01  
**HORA INICIAL DOS FATOS:** 19:00  
**LOCAL:** CUIABA/JARDIM MARIANA – EM BANCO  
**NATUREZA DA OCORRÊNCIA:** INVASÃO DE DISPOSITIVO INFORMÁTICO  
**RELATO SUCINTO DOS ACONTECIMENTOS:**  
O declarante relatou que, após retornar à residência em Cuiabá no dia 1º de novembro, recebeu uma ligação de pessoa tentando cometer fraude em sua conta corrente no Banco Bradesco. Ao verificar com o gerente, constatou que duas compras fraudulentas foram realizadas em seu cartão de crédito no dia 29/10: uma na pizzaria Sol em Maringá/Paraná (valor de R$ 422.173,00) e outra em outro estabelecimento (valor de R$ 953.664,00). Solicitou o bloqueio do cartão, contestação dos valores e comunicação de fraude ao Banco Bradesco e Visa 40 7052. Buscou informações sobre o estabelecimento, encontrando apenas o endereço da pizzaria Sol em Maringá/Paraná."
607,compareceu que  dia 09  recebeu visita rosa  procurando casa alugar  pagou adiantado valor integral r 10  kitnet fundos residência comunicante  fazia propostas trabalho empresas chefe  concremat planova  comunicante aceitou propostas  recomendou outras pessoas sr felipe oferecer vagas serviço  alegava necessário candidatos fizessem exames mandassem documentos pessoais ele  dizia passaria empresa  candidatos nunca fizeram nenhum exame  pois sempre nova desculpa agendar exames dar resposta definitivo  criou grupo whatsapp todos candidatos repassar demandas orientações  comunicante indicou irmã  sra  chegou prestar serviços   fazer orçamento exames  sra ireni nunca paga dias trabalho  que  inclusive  pegou r 7  sete mil quinhentos reais  emprestados sra ireni  que  ida banco  pediu comunicante acompanhasse e  chegarem lá  alegou faltavam r 7  pagar dívidas empresa pediu dinheiro emprestado comunicante  comunicante fez transferência pix valor  disse comprando carretas  darf fachinni  contratado sr  irmão comunicante  trabalhar ele  gerenciando carretas  sr idelson nunca pago serviços nunca viu carretas  pediu colocar carretas nome sr idelson  sra ireni ligou empresas darf fachinni  constataram tentou comprar carretas  nada sido oficializado  que  domingo  06102024   almoçar comunicante família prontificou ajudar sr idelson problema envolvendo venda indevida casa sua  isso  cobrou preço  conseguiu r 5  quinhentos reais   enviados sra ivanete  outra irmã comunicante  completar valor  permitiu fizesse transferência r 20  celular  fez transferência r   pediu leválo cáceresmt  alegando ter resolver questões envolvendo funcionários empresa sido apreendidos polícia  sair casa  levou celular mesmo  sr idelson levou rodoviária  pois impedido sra ireni  ligou ele  ficou rodoviária  onde pediu táxi cáceresmt  morou casa fundos comunicante mês  levou casa  saída dele  comunicante recebeu visitas polícia  alegando receberam denúncias tráfico drogas  comunicante lembra  comunicante relata fumava cigarro fedido que  ocasião  levou comunicante vomitar  comunicante teme celular hackeado  pois ligação várias vozes falando junto  ligações cruzadas                  nada declarar ,CODIGO: 607 | NATUREZA: ESTELIONATO | DATA: 2024-09-06 00:00:00.000 | HORA: 1970-01-01 11:00:00 | LOCAL: CUIABA/SOL NASCENTE | TIPO LOCAL: RESIDÊNCIA PARTICULAR | NARRATIVA: compareceu que  dia 09  recebeu visita rosa  procurando casa alugar  pagou adiantado valor integral r 10  kitnet fundos residência comunicante  fazia propostas trabalho empresas chefe  concremat planova  comunicante aceitou propostas  recomendou outras pessoas sr felipe oferecer vagas serviço  alegava necessário candidatos fizessem exames mandassem documentos pessoais ele  dizia passaria empresa  candidatos nunca fizeram nenhum exame  pois sempre nova desculpa agendar exames dar resposta definitivo  criou grupo whatsapp todos candidatos repassar demandas orientações  comunicante indicou irmã  sra  chegou prestar serviços   fazer orçamento exames  sra ireni nunca paga dias trabalho  que  inclusive  pegou r 7  sete mil quinhentos reais  emprestados sra ireni  que  ida banco  pediu comunicante acompanhasse e  chegarem lá  alegou faltavam r 7  pagar dívidas empresa pediu dinheiro emprestado comunicante  comunicante fez transferência pix valor  disse comprando carretas  darf fachinni  contratado sr  irmão comunicante  trabalhar ele  gerenciando carretas  sr idelson nunca pago serviços nunca viu carretas  pediu colocar carretas nome sr idelson  sra ireni ligou empresas darf fachinni  constataram tentou comprar carretas  nada sido oficializado  que  domingo  06102024   almoçar comunicante família prontificou ajudar sr idelson problema envolvendo venda indevida casa sua  isso  cobrou preço  conseguiu r 5  quinhentos reais   enviados sra ivanete  outra irmã comunicante  completar valor  permitiu fizesse transferência r 20  celular  fez transferência r   pediu leválo cáceresmt  alegando ter resolver questões envolvendo funcionários empresa sido apreendidos polícia  sair casa  levou celular mesmo  sr idelson levou rodoviária  pois impedido sra ireni  ligou ele  ficou rodoviária  onde pediu táxi cáceresmt  morou casa fundos comunicante mês  levou casa  saída dele  comunicante recebeu visitas polícia  alegando receberam denúncias tráfico drogas  comunicante lembra  comunicante relata fumava cigarro fedido que  ocasião  levou comunicante vomitar  comunicante teme celular hackeado  pois ligação várias vozes falando junto  ligações cruzadas                  nada declarar ,"**RELATÓRIO TÉCNICO RESUMIDO – BOLETIM DE OCORRÊNCIA**  
**DATA DOS FATOS:** 2024-09-06  
**HORA INICIAL DOS FATOS:** 1970-01-01 11:00:00  
**LOCAL:** CUIABA/SOL NASCENTE  
**NATUREZA DA OCORRÊNCIA:** ESTELIONATO  
**RELATO SUCINTO DOS ACONTECIMENTOS:**  
O comunicante relatou que, em 09/09/2024, recebeu visita de Rosa, que procurava alugar uma kitnet. Pagou adiantado R$10.000,00 para a residência, após propostas de trabalho oferecidas por empresas como Concremat e Planova. Indicou irmã (Sra. Ireni) para prestar serviços, mas ela não pagou salários e solicitou empréstimo de R$7.500,00, alegando necessidade de pagar dívidas. O comunicante transferiu R$20,00 via PIX, dizendo que era para compra de carretas, mas nada foi oficializado. Posteriormente, foi solicitado auxílio para resolver questões envolvendo funcionários, mas a polícia apreendeu a casa do irmão (Sr. Idelson). O comunicante também relatou que recebeu denúncias de tráfico de drogas e teme que seu celular tenha sido hackeado, com ligações com múltiplas vozes e chamadas cruzadas. Nenhum valor foi declarado."
6238,viu venda televisor  entrou contato suspeito  atraves telefone n combinou enviar tv correio  relata suspeito mandou foto cnh nome  alem enviar foto numero rastreamento sedex comunicante acreditando receberia produto fez r 6 outra valor 66500 beneficiario  banco picpay  relata so deu conta tratava golpe mandou mensagem outro celular suspeito ofereceu produto comunicante havia adquirido     bo      relatar ,CODIGO: 6238 | NATUREZA: ESTELIONATO | DATA: 2024-10-07 00:00:00.000 | HORA: 1970-01-01 10:00:00 | LOCAL: CUIABA/PARAISO | TIPO LOCAL: RESIDÊNCIA PARTICULAR | NARRATIVA: viu venda televisor  entrou contato suspeito  atraves telefone n combinou enviar tv correio  relata suspeito mandou foto cnh nome  alem enviar foto numero rastreamento sedex comunicante acreditando receberia produto fez r 6 outra valor 66500 beneficiario  banco picpay  relata so deu conta tratava golpe mandou mensagem outro celular suspeito ofereceu produto comunicante havia adquirido     bo      relatar ,"**RELATÓRIO TÉCNICO RESUMIDO – BOLETIM DE OCORRÊNCIA**  
**DATA DOS FATOS:** 2024-10-07  
**HORA INICIAL DOS FATOS:** 10:00  
**LOCAL:** CUIABA/PARAISO  
**NATUREZA DA OCORRÊNCIA:** ESTELIONATO  
**RELATO SUCINTO DOS ACONTECIMENTOS:**  
A vítima relatou ter visto anúncio de venda de televisão, entrou em contato com suspeito por telefone, acordou enviar o produto via correio. O suspeito solicitou foto da CNH, nome e número de rastreamento do Sedex, além de enviar foto e número do beneficiário no PicPay. A vítima acreditou estar recebendo o produto e efetuiu pagamento de R$66.500,00. Posteriormente, percebeu que tratava de golpe, pois o suspeito, após mensagem de outro celular, ofereceu produto que a vítima já havia adquirido. A vítima solicitou registro de ocorrência."
6588,civil ocorrências várzea grande   os  comunicante vítima relatando preencheu cadastrado mercado atacadão  tendo entregue originais  após análise informado nao aprovado cartão  seguida fez compras embora  tempo chegou cobrança sms celular  compras atraso celular  tendo sido nome declarante enviado spc serasa  verificar junto mercado informada meliantes retirou cartão atacadão  propria loja  ocorre jamais retirou recebeu dito cartão  ficando apenas nome sujo dividas  piorar situação contratou advogado  ingressou ação judicial perdeu ação  tendo sido vítima condenada pagar custa honorários  informa claro cadastro nao declarante retirou cartão  declarante fez diversas compras varios estabelecimento comercial  jamais nesses locais onde cartão utilizado  informa apos audiencia  atacadao retirou divida  ficou pendente custas justica  honorarios judiciais  devido erro justiça  pois declarante vitima toda situação  reestabelecer direitos perante justiçadeclaro  moldes art ,CODIGO: 6588 | NATUREZA: FALSA IDENTIDADE | DATA: 2024-05-23 00:00:00.000 | HORA: 1970-01-01 10:00:00 | LOCAL: CUIABA/CENTRO SUL | TIPO LOCAL: OUTRO | NARRATIVA: civil ocorrências várzea grande   os  comunicante vítima relatando preencheu cadastrado mercado atacadão  tendo entregue originais  após análise informado nao aprovado cartão  seguida fez compras embora  tempo chegou cobrança sms celular  compras atraso celular  tendo sido nome declarante enviado spc serasa  verificar junto mercado informada meliantes retirou cartão atacadão  propria loja  ocorre jamais retirou recebeu dito cartão  ficando apenas nome sujo dividas  piorar situação contratou advogado  ingressou ação judicial perdeu ação  tendo sido vítima condenada pagar custa honorários  informa claro cadastro nao declarante retirou cartão  declarante fez diversas compras varios estabelecimento comercial  jamais nesses locais onde cartão utilizado  informa apos audiencia  atacadao retirou divida  ficou pendente custas justica  honorarios judiciais  devido erro justiça  pois declarante vitima toda situação  reestabelecer direitos perante justiçadeclaro  moldes art ,"**RELATÓRIO TÉCNICO RESUMIDO – BOLETIM DE OCORRÊNCIA**  
**DATA DOS FATOS:** 2024-05-23  
**HORA INICIAL DOS FATOS:** 10:00  
**LOCAL:** CUIABA/CENTRO SUL  
**NATUREZA DA OCORRÊNCIA:** FALSA IDENTIDADE  
**RELATO SUCINTO DOS ACONTECIMENTOS:** O declarante relatou ter preenchido cadastro em um mercado atacadão, entregando documentos originais, mas foi informado de que o cartão não foi aprovado. Após realizar compras, recebeu cobrança via SMS e atraso no pagamento. Seu nome foi enviado para SPC e Serasa, acusando fraudes. O mercado informou que um suposto meliante retirou o cartão, mas o declarante afirma que nunca o recebeu, resultando em dívida e nome sujo. A situação piorou, forçando-o a contratar advogado e ingressar em ação judicial, perdendo o processo e sendo condenado a pagar custas e honorários. O declarante afirma que o cadastro não foi realizado por ele, tendo feito compras em diversos estabelecimentos, mas nunca utilizou o cartão em locais onde foi aplicado. Após audiência, o mercado retirou a dívida, deixando pendentes custas judiciais e honorários, atribuindo o erro à justiça. O declarante afirma ser vítima da situação e busca reestabelecer seus direitos perante a justiça, conforme moldes artigos legais."
10013,55 passando casas bahias funcionario  pedindo comunicante confirmar referente compra sendo efetuada casas bahias  após comunicante desligou telefone ligou numero cartão nubank ver ocorrendo gerando protocolo  onde funcionaria verificou fraude conta comunicante dando prazo 11 dias uteis procedimento interno banco  fato este  banco ira fazer analise ressarcimento valores ,CODIGO: 10013 | NATUREZA: ESTELIONATO | DATA: 2024-01-24 00:00:00.000 | HORA: 1970-01-01 18:45:00 | LOCAL: CUIABA/SANTA AMALIA | TIPO LOCAL: INTERNET | NARRATIVA: 55 passando casas bahias funcionario  pedindo comunicante confirmar referente compra sendo efetuada casas bahias  após comunicante desligou telefone ligou numero cartão nubank ver ocorrendo gerando protocolo  onde funcionaria verificou fraude conta comunicante dando prazo 11 dias uteis procedimento interno banco  fato este  banco ira fazer analise ressarcimento valores ,"**RELATÓRIO TÉCNICO RESUMIDO – BOLETIM DE OCORRÊNCIA**  
**DATA DOS FATOS:** 2024-01-24  
**HORA INICIAL DOS FATOS:** 2024-01-24 18:45:00  
**LOCAL:** CUIABA/SANTA AMALIA  
**NATUREZA DA OCORRÊNCIA:** ESTELIONATO  
**RELATO SUCINTO DOS ACONTECIMENTOS:** A vítima recebeu uma ligação supostamente proveniente de um funcionário da loja Casas Bahias, solicitando confirmação de uma compra efetuada. Após desligar o telefone, a vítima ligou para o número do cartão Nubank, resultando na geração de um protocolo de fraude. O banco informou que a conta da vítima foi verificada como fraudulentada e concedeu prazo de 11 dias úteis para procedimento interno. O banco realizará análise e ressarcimento dos valores envolvidos."
7550,estelionato  viu facebook  dizia queima estoque  foto perfil aparecia nome leal moveis  vitima fechou negocio telefone numero  valor setecentos cinquenta reais  enviando trezentos reais via pix  banco arkipago ltda  chegou  entregar montar sofa  após montagem  vitima pagar restante  ai descobriu havia caido golpe  perdendo valor pago anteriormente  entregador marcos realmente prprietario loja recebeu pix trezentos reais entrada ,CODIGO: 7550 | NATUREZA: ESTELIONATO | DATA: 2024-02-06 00:00:00.000 | HORA: 1970-01-01 14:50:00 | LOCAL: CUIABA/CENTRO POLITICO ADMINISTRATIVO | TIPO LOCAL: INTERNET | NARRATIVA: estelionato  viu facebook  dizia queima estoque  foto perfil aparecia nome leal moveis  vitima fechou negocio telefone numero  valor setecentos cinquenta reais  enviando trezentos reais via pix  banco arkipago ltda  chegou  entregar montar sofa  após montagem  vitima pagar restante  ai descobriu havia caido golpe  perdendo valor pago anteriormente  entregador marcos realmente prprietario loja recebeu pix trezentos reais entrada ,"**RELATÓRIO TÉCNICO RESUMIDO – BOLETIM DE OCORRÊNCIA**  
**DATA DOS FATOS:** 2024-02-06  
**HORA INICIAL DOS FATOS:** 14:50:00  
**LOCAL:** CUIABA/CENTRO POLITICO ADMINISTRATIVO  
**NATUREZA DA OCORRÊNCIA:** ESTELIONATO  
**RELATO SUCINTO DOS ACONTECIMENTOS:** A vítima acessou uma publicação no Facebook que anunciava a queima de estoque, com foto de perfil com nome ""Leal Móveis"". Após contato, acordou-se a compra de um sofá por R$ 750,00, pagando R$ 300,00 via PIX ao banco Arkipago Ltda. Após a montagem do produto, descobriu-se que havia sido vítima de golpe, pois o entregador, Marcos, era o proprietário da loja e já havia recebido o valor de entrada. A vítima perdeu o valor pago, sem receber o produto conforme acordado."
9767,  conhecimento whatsapp clonado que  terceiros  usando pedir pix       boletim            relatar ,CODIGO: 9767 | NATUREZA: OUTRAS FRAUDES | DATA: 2024-12-11 00:00:00.000 | HORA: 1970-01-01 19:30:00 | LOCAL: CUIABA/PREJUDICADO | TIPO LOCAL: INTERNET | NARRATIVA:   conhecimento whatsapp clonado que  terceiros  usando pedir pix       boletim            relatar ,"**RELATÓRIO TÉCNICO RESUMIDO – BOLETIM DE OCORRÊNCIA**  
**DATA DOS FATOS:** 2024-12-11  
**HORA INICIAL DOS FATOS:** 1970-01-01 19:30:00  
**LOCAL:** CUIABA/PREJUDICADO  
**NATUREZA DA OCORRÊNCIA:** OUTRAS FRAUDES  
**RELATO SUCINTO DOS ACONTECIMENTOS:** O relator informa que seu WhatsApp foi clonado, permitindo que terceiros utilizassem a conta para solicitar pagamento via PIX e relatar ocorrências. A vítima reportou o caso, mas não especificou detalhes adicionais sobre a modalidade de fraude ou o valor envolvido. O ato ocorreu via internet, indicando possível envolvimento com phishing ou golpes digitais."
6780,dia 1702 10 horas entrou contato comigo pessoa passando advogada  dizendo haviamos ganho açao tinhamos entrado contra detran  mandou ate alvara liberacao dinheiro  precisava dados bancarios  agencia  conta dar entrada junto procurador processo  ate ai nao estranhei pois mandou dados processo entrei ação junto  sendo advogada usando foto numero  disse entraria contato comigo auditor fiscal receita federal iria fazer liberaçaõ dinheiro entrou contato comigo telefone nome wallece nunes sendo  divida cpf precisava pagar  feito  irma mesma tambem cliente dr herlen afirmou golpe mesma visto rede social advogada gente passando pra aplicar golpe  tenhos dados bancarios  gerado qrcode mim efetuar pagamento dados pix aparece nome  caixa economica    703468     comprovante pix anexo  seguida  apos pagamento 99827 surgindo vantagens  apareceu conta 255580 referente imposto iva imposto valores agregados ainda propos parcelar suaves prestações    certeza impunidade,CODIGO: 6780 | NATUREZA: ESTELIONATO | DATA: 2025-02-17 00:00:00.000 | HORA: 1970-01-01 10:00:00 | LOCAL: CUIABA/DOUTOR FABIO LEITE | TIPO LOCAL: OUTRO | NARRATIVA: dia 1702 10 horas entrou contato comigo pessoa passando advogada  dizendo haviamos ganho açao tinhamos entrado contra detran  mandou ate alvara liberacao dinheiro  precisava dados bancarios  agencia  conta dar entrada junto procurador processo  ate ai nao estranhei pois mandou dados processo entrei ação junto  sendo advogada usando foto numero  disse entraria contato comigo auditor fiscal receita federal iria fazer liberaçaõ dinheiro entrou contato comigo telefone nome wallece nunes sendo  divida cpf precisava pagar  feito  irma mesma tambem cliente dr herlen afirmou golpe mesma visto rede social advogada gente passando pra aplicar golpe  tenhos dados bancarios  gerado qrcode mim efetuar pagamento dados pix aparece nome  caixa economica    703468     comprovante pix anexo  seguida  apos pagamento 99827 surgindo vantagens  apareceu conta 255580 referente imposto iva imposto valores agregados ainda propos parcelar suaves prestações    certeza impunidade,"**RELATÓRIO TÉCNICO RESUMIDO – BOLETIM DE OCORRÊNCIA**  
**DATA DOS FATOS:** 2025-02-17  
**HORA INICIAL DOS FATOS:** 10:00  
**LOCAL:** CUIABA/DOUTOR FABIO LEITE  
**NATUREZA DA OCORRÊNCIA:** ESTELIONATO  
**RELATO SUCINTO DOS ACONTECIMENTOS:**  
No dia 17/02/2025, por volta das 10h, a vítima recebeu ligação de pessoa identificada como advogada, informando que havia ganho ação contra o DETRAN e solicitando dados bancários (agência, conta) para liberar dinheiro via procurador. A vítima forneceu as informações, acreditando em legitimidade. Posteriormente, a ""advogada"" mencionou auditoria da Receita Federal e exigiu pagamento via PIX, com código 703468, e apresentou conta 255580 relacionada a impostos (IVA, valores agregados). Após o pagamento, a vítima recebeu comprovante de pagamento e foi informada sobre parcelamento de dívidas. A vítima desconfiou, já que o mesmo golpe foi aplicado a irmã e ao cliente Dr. Herlen, com uso de redes sociais e QR code. A vítima afirma ter certeza de que o processo é um golpe e busca impunidade."
9312,vi anuncio internet entrei contato vendedor informou loja produtos importados deu garantias loja legitima ainda disse policial federal mandaou documentos empresa fotos documentos feito pagamento deisso ja encaminhando nota motoquerio duas horas bloqueou redes sociais mandado comprovante pagamento falou paguei  bo fatos atendimento nº 4,CODIGO: 9312 | NATUREZA: ESTELIONATO | DATA: 2024-09-10 00:00:00.000 | HORA: 1970-01-01 13:00:00 | LOCAL: CUIABA/PORTO | TIPO LOCAL: INTERNET | NARRATIVA: vi anuncio internet entrei contato vendedor informou loja produtos importados deu garantias loja legitima ainda disse policial federal mandaou documentos empresa fotos documentos feito pagamento deisso ja encaminhando nota motoquerio duas horas bloqueou redes sociais mandado comprovante pagamento falou paguei  bo fatos atendimento nº 4,"**RELATÓRIO TÉCNICO RESUMIDO – BOLETIM DE OCORRÊNCIA**  
**DATA DOS FATOS:** 2024-09-10  
**HORA INICIAL DOS FATOS:** 1970-01-01 13:00:00  
**LOCAL:** CUIABA/PORTO  
**NATUREZA DA OCORRÊNCIA:** ESTELIONATO  
**RELATO SUCINTO DOS ACONTECIMENTOS:** A vítima relata ter contato com um vendedor via internet, que informou sobre uma loja de produtos importados com garantias, afirmando ser uma empresa legítima e mencionando a atuação da Policia Federal. O vendedor solicitou documentos, fotos e pagamento, prometendo encaminhar a nota fiscal. Após o pagamento, a vítima foi bloqueada nas redes sociais e solicitada a comprovar o pagamento com um mandado. A vítima alega ter realizado o pagamento e informa o número do atendimento (4)."
7985,dia 09112024 abrir instagram vi nao entrava mas  dai amigos começaram mandar prints postatem alacancagem dinheiro   dai vi rackeado começou tambem postar stories fotos esposa  videos nosso  alem disso ameaçou printar conversar mostrar esposa estao ate hoje postanto fotos esposa arrancar dinheiro pessoas ,CODIGO: 7985 | NATUREZA: ESTELIONATO | DATA: 2024-11-09 10:00:00.000 | HORA: 1970-01-01 10:00:00 | LOCAL: CUIABA/SANTA LAURA | TIPO LOCAL: OUTRO | NARRATIVA: dia 09112024 abrir instagram vi nao entrava mas  dai amigos começaram mandar prints postatem alacancagem dinheiro   dai vi rackeado começou tambem postar stories fotos esposa  videos nosso  alem disso ameaçou printar conversar mostrar esposa estao ate hoje postanto fotos esposa arrancar dinheiro pessoas ,"**RELATÓRIO TÉCNICO RESUMIDO – BOLETIM DE OCORRÊNCIA**  
**DATA DOS FATOS:** 2024-11-09  
**HORA INICIAL DOS FATOS:** 1970-01-01 10:00:00  
**LOCAL:** CUIABA/SANTA LAURA  
**NATUREZA DA OCORRÊNCIA:** ESTELIONATO  
**RELATO SUCINTO DOS ACONTECIMENTOS:** O relator informa que, no dia 09/11/2024, tentou acessar sua conta no Instagram, mas não conseguiu entrar. Após a tentativa, amigos começaram a enviar prints de posts que mencionavam ""alacancagem dinheiro"" e revelavam que alguém estava sendo rachado (fraudado). Em seguida, observou que uma pessoa postava stories com fotos e vídeos de sua esposa, além de ameaçar divulgar conversas privadas e mostrar a esposa em redes sociais. O autor também relatou que, até o momento, fotos da esposa continuam sendo compartilhadas, visando arrancar dinheiro de pessoas."
1209,fatos  casa recebeu ligação via whatsapp telefone  11  9471334  suspeito passou gerente banco bradesco  informou realizando compra valor r 000 que  desfazer compra  precisaria alguns dados vítima  após isso  comunicante informou cpf seguiu passos suspeito orientava  relata que  suspeitar golpe  logo seguida terminou ligação funcionário informou suspeito  1821092 nome boletim ocorrência ,CODIGO: 1209 | NATUREZA: ESTELIONATO | DATA: 2024-11-29 00:00:00.000 | HORA: 1970-01-01 11:15:00 | LOCAL: CUIABA/RESIDENCIAL COXIPO | TIPO LOCAL: OUTRO | NARRATIVA: fatos  casa recebeu ligação via whatsapp telefone  11  9471334  suspeito passou gerente banco bradesco  informou realizando compra valor r 000 que  desfazer compra  precisaria alguns dados vítima  após isso  comunicante informou cpf seguiu passos suspeito orientava  relata que  suspeitar golpe  logo seguida terminou ligação funcionário informou suspeito  1821092 nome boletim ocorrência ,"**RELATÓRIO TÉCNICO RESUMIDO – BOLETIM DE OCORRÊNCIA**  
**DATA DOS FATOS:** 2024-11-29  
**HORA INICIAL DOS FATOS:** 1970-01-01 11:15:00  
**LOCAL:** CUIABA/RESIDENCIAL COXIPO  
**NATUREZA DA OCORRÊNCIA:** ESTELIONATO  
**RELATO SUCINTO DOS ACONTECIMENTOS:** A vítima recebeu ligação via WhatsApp de um suspeito que simulava ser gerente do Banco Bradesco. O comunicante informou que estava realizando uma compra de valor R$ 000 e solicitou dados pessoais para cancelar a transação. Após solicitar o CPF da vítima, o suspeito orientou a seguir passos que geraram suspeita de golpe. A ligação foi encerrada após a vítima desconfiar. O funcionário do banco informou que o suspeito utilizou o nome fictício ""1821092"" e o boletim de ocorrência foi registrado com o código 1209."
3791,ontem dia 25102024 mae  franciele silvério souza portadora cpf n  060643 9 enviar valor via pix conta apareceu tela cpf   denuncia suspeita fraude  liguei banco verificar situação consta nada eles  então olhar email  ps17cbgmailcom  alguma notifição percebi movimentação conta virtual next  sendo uso conta aplicativo celular  então baixei novo percebi hackeado conta pois trocado senha  consegui recuperar acesso aplicado golpe conta passando mim pamela keise figueiredo portadora cpf n  0738 52109   então vitima denunciou aplicado golpe nelea  trabalho honestamente carteira assinada administrativo empresa ,CODIGO: 3791 | NATUREZA: OUTRAS FRAUDES | DATA: 2024-10-19 09:00:00.000 | HORA: 1970-01-01 09:00:00 | LOCAL: CUIABA/JARDIM PASSAREDO | TIPO LOCAL: A BANCO | NARRATIVA: ontem dia 25102024 mae  franciele silvério souza portadora cpf n  060643 9 enviar valor via pix conta apareceu tela cpf   denuncia suspeita fraude  liguei banco verificar situação consta nada eles  então olhar email  ps17cbgmailcom  alguma notifição percebi movimentação conta virtual next  sendo uso conta aplicativo celular  então baixei novo percebi hackeado conta pois trocado senha  consegui recuperar acesso aplicado golpe conta passando mim pamela keise figueiredo portadora cpf n  0738 52109   então vitima denunciou aplicado golpe nelea  trabalho honestamente carteira assinada administrativo empresa ,"**RELATÓRIO TÉCNICO RESUMIDO – BOLETIM DE OCORRÊNCIA**  
**DATA DOS FATOS:** 2024-10-25  
**HORA INICIAL DOS FATOS:** 2024-10-25 09:00:00  
**LOCAL:** CUIABA/JARDIM PASSAREDO  
**NATUREZA DA OCORRÊNCIA:** OUTRAS FRAUDES  
**RELATO SUCINTO DOS ACONTECIMENTOS:** A vítima, FRANCIELE SILVÉRIO SOUZA, CPF 060643 9, relatou que, no dia 25/10/2024, recebeu uma notificação de movimentação em sua conta virtual Next, suspeitando de fraude. Após verificar o CPF associado à conta, percebeu que havia sido hackeada, com a senha alterada. A conta foi utilizada por uma pessoa falsamente identificada como PAMELA KEISE FIGUEIREDO, CPF 0738 52109, para realizar transferências fraudulentas via PIX. A vítima informou que tentou contato com o banco, mas não obteve resposta, e posteriormente descobriu a fraude ao verificar o aplicativo celular. A vítima é uma pessoa com trabalho honesto, com carteira assinada, e ocupação administrativa."
6393,adentraram perfis instagram facebook  mesmos passando vitima propostas investimento bitcoin  ressalta tomou conhecimento através terceiros sobre invasão dispositivo eletronico ,CODIGO: 6393 | NATUREZA: INVASÃO DE DISPOSITIVO INFORMÁTICO | DATA: 2024-05-20 00:00:00.000 | HORA: 1970-01-01 16:10:00 | LOCAL: CUIABA/CENTRO NORTE | TIPO LOCAL: OUTRO | NARRATIVA: adentraram perfis instagram facebook  mesmos passando vitima propostas investimento bitcoin  ressalta tomou conhecimento através terceiros sobre invasão dispositivo eletronico ,"**RELATÓRIO TÉCNICO RESUMIDO – BOLETIM DE OCORRÊNCIA**  
**DATA DOS FATOS:** 2024-05-20  
**HORA INICIAL DOS FATOS:** 1970-01-01 16:10:00  
**LOCAL:** CUIABA/CENTRO NORTE  
**NATUREZA DA OCORRÊNCIA:** INVASÃO DE DISPOSITIVO INFORMÁTICO  
**RELATO SUCINTO DOS ACONTECIMENTOS:** A vítima relata que perfis de Instagram e Facebook foram invadidos por terceiros, que passaram a oferecer propostas de investimento em bitcoin. O conhecimento sobre a invasão foi informado pela vítima por meio de terceiros."
64,comunicante denuncia vitima estelionato homem entrou contato passando irmão  nessa conversa pedia dinheiro viu foto mesma perfil irmão mesma utilizou conta banco santander acabou fazendo pix r 6 reais r 65500 reais conta nome divino tristao godois  pagseguro  comunicante desconfiou descobriu data hoje  21112024  cobrar irmão ,CODIGO: 64 | NATUREZA: ESTELIONATO | DATA: 2024-11-20 00:00:00.000 | HORA: 1970-01-01 18:14:00 | LOCAL: CUIABA/CANJICA | TIPO LOCAL: INTERNET | NARRATIVA: comunicante denuncia vitima estelionato homem entrou contato passando irmão  nessa conversa pedia dinheiro viu foto mesma perfil irmão mesma utilizou conta banco santander acabou fazendo pix r 6 reais r 65500 reais conta nome divino tristao godois  pagseguro  comunicante desconfiou descobriu data hoje  21112024  cobrar irmão ,"**RELATÓRIO TÉCNICO RESUMIDO – BOLETIM DE OCORRÊNCIA**  
**DATA DOS FATOS:** 2024-11-20  
**HORA INICIAL DOS FATOS:** 18:14:00  
**LOCAL:** CUIABA/CANJICA  
**NATUREZA DA OCORRÊNCIA:** ESTELIONATO  
**RELATO SUCINTO DOS ACONTECIMENTOS:** Comunicante denuncia vítima de estelionato, onde um homem entrou em contato por meio da internet, simulando ser irmão da vítima. Durante a conversa, solicitou dinheiro, utilizando fotos e perfil idêntico ao do irmão. A vítima, após desconfiar, descobriu que o contato era fraudulento e que o suposto irmão havia sido cobrado para pagar uma dívida. O estelionatário utilizou conta bancária do Santander, realizando transferências via PIX de R$6,00 e R$65.500,00, com nome fictício ""Divino Tristão Godois"", e utilizou o sistema PagSeguro para a transação. A descoberta ocorreu em 21/11/2024, quando o comunicante confirmou a fraude."
13384,instagram hackeado dia 18112024  postaram doação vários móveis eletrodomésticos solicitando pagamento frete envio  nº 2    d0a  comunicante        ,CODIGO: 13384 | NATUREZA: FALSA IDENTIDADE | DATA: 2024-11-18 08:30:00.000 | HORA: 1970-01-01 08:30:00 | LOCAL: CUIABA/JARDIM DAS AMERICAS | TIPO LOCAL: INTERNET | NARRATIVA: instagram hackeado dia 18112024  postaram doação vários móveis eletrodomésticos solicitando pagamento frete envio  nº 2    d0a  comunicante        ,"**RELATÓRIO TÉCNICO RESUMIDO – BOLETIM DE OCORRÊNCIA**  
**DATA DOS FATOS:** 2024-11-18  
**HORA INICIAL DOS FATOS:** 1970-01-01 08:30:00  
**LOCAL:** CUIABA/JARDIM DAS AMERICAS  
**NATUREZA DA OCORRÊNCIA:** FALSA IDENTIDADE  
**RELATO SUCINTO DOS ACONTECIMENTOS:** O comunicante relatou que seu perfil do Instagram foi hackeado no dia 18/11/2024. O perfil postou uma solicitação falsa de doação de móveis e eletrodomésticos, solicitando pagamento para frete e envio, com o número ""2"" e a referência ""d0a"". A ocorrência foi registrada com a natureza de falsa identidade, considerando o uso indevido da conta para fins fraudulentos."
13725,narra comunicante pensionista escola tecnica federal  data 25 janeiro 2024 ate escola tecnica ver holerite  olhando holerite infirmado havia emprestimo folha nome  feito banco pan  comunicante nao reconhece emprestimo  nunca abriu conta nesse banco  menos fez algum emprestimo  alega ter sido vitima estelionatoe falsificacoes  tento vista nao ter assinado nada  nao ter perdido documentos  relatar ,CODIGO: 13725 | NATUREZA: ESTELIONATO | DATA: 2024-01-25 00:00:00.000 | HORA: 1970-01-01 10:30:00 | LOCAL: CUIABA/CENTRO SUL | TIPO LOCAL: A BANCO | NARRATIVA: narra comunicante pensionista escola tecnica federal  data 25 janeiro 2024 ate escola tecnica ver holerite  olhando holerite infirmado havia emprestimo folha nome  feito banco pan  comunicante nao reconhece emprestimo  nunca abriu conta nesse banco  menos fez algum emprestimo  alega ter sido vitima estelionatoe falsificacoes  tento vista nao ter assinado nada  nao ter perdido documentos  relatar ,"**RELATÓRIO TÉCNICO RESUMIDO – BOLETIM DE OCORRÊNCIA**  
**DATA DOS FATOS:** 2024-01-25  
**HORA INICIAL DOS FATOS:** 1970-01-01 10:30:00  
**LOCAL:** CUIABA/CENTRO SUL  
**NATUREZA DA OCORRÊNCIA:** ESTELIONATO  
**RELATO SUCINTO DOS ACONTECIMENTOS:** Comunicante, pensionista da Escola Técnica Federal, relatou que, ao verificar seu holerite em 25 de janeiro de 2024, constatou a existência de um empréstimo realizado no Banco Pan, sem ter realizado qualquer operação bancária ou assinado contratos. Alega que foi vítima de estelionato e falsificações, não tendo perdido documentos ou assinado nada, e busca esclarecimento sobre a origem do empréstimo."
10203,informando data acima recebeu mensagem whatsapp contato passando inquilina  mensagem havia dizendo precisava pagar conta porém acesso aplicativo banco pois ar  perguntar valor precisava pessoa pediu r 530   vitima realizou pix valor solicitado conta destino  pix cnpj  56895148 0196 banco destino  pag seguro  após transferência  enviou comprovante suposta inquilina solicitado 400  quatrocentos reais  vitima realizou transferência valor mesma conta destino anterior tomadas medidas cabíveis ,CODIGO: 10203 | NATUREZA: ESTELIONATO | DATA: 2024-08-22 00:00:00.000 | HORA: 1970-01-01 08:30:00 | LOCAL: CUIABA/ARAES | TIPO LOCAL: INTERNET | NARRATIVA: informando data acima recebeu mensagem whatsapp contato passando inquilina  mensagem havia dizendo precisava pagar conta porém acesso aplicativo banco pois ar  perguntar valor precisava pessoa pediu r 530   vitima realizou pix valor solicitado conta destino  pix cnpj  56895148 0196 banco destino  pag seguro  após transferência  enviou comprovante suposta inquilina solicitado 400  quatrocentos reais  vitima realizou transferência valor mesma conta destino anterior tomadas medidas cabíveis ,"**RELATÓRIO TÉCNICO RESUMIDO – BOLETIM DE OCORRÊNCIA**  
**DATA DOS FATOS:** 2024-08-22  
**HORA INICIAL DOS FATOS:** 1970-01-01 08:30:00  
**LOCAL:** CUIABA/ARAES  
**NATUREZA DA OCORRÊNCIA:** ESTELIONATO  
**RELATO SUCINTO DOS ACONTECIMENTOS:** A vítima recebeu, em 22/08/2024, uma mensagem no WhatsApp informando que uma suposta inquilina precisava pagar uma conta. O contato solicitou acesso ao aplicativo do banco para confirmar o valor, que foi informado como R$ 530,00. A vítima realizou um PIX para a conta com CNPJ 56895148/0196, no banco Pag Seguro. Posteriormente, a suposta inquilina solicitou novamente R$ 400,00, e a vítima transferiu o valor para a mesma conta. Após a transferência, a vítima encaminhou comprovante de pagamento e tomou as medidas cabíveis para evitar prejuízos."
12910, hora citado filha nome flavia  recebeu mensagem taisa vasconcelos passando secretaria escritório dra   informando pai  comunicante havia ganho processo contra caixa econômica federal mesma falou filha entrar contato  dra    logo seguida comunicante entrou contato possível dra  dessas trocas mensagens comunicante informou conta agência onde encaminhado valor causa  onde informado pequeno impedimento parte receita federal  referente duas certidões negativas precisa confeccionadas  entra contato advogada informado golpe aplicativo whatszapp havia sido clonado outros clientes recebeu mensagens parecidas          nada relatou            relataralegando erro transferência comunicante fazer,CODIGO: 12910 | NATUREZA: OUTRAS FRAUDES | DATA: 2024-12-09 00:00:00.000 | HORA: 1970-01-01 13:10:00 | LOCAL: CUIABA/PREJUDICADO | TIPO LOCAL: INTERNET | NARRATIVA:  hora citado filha nome flavia  recebeu mensagem taisa vasconcelos passando secretaria escritório dra   informando pai  comunicante havia ganho processo contra caixa econômica federal mesma falou filha entrar contato  dra    logo seguida comunicante entrou contato possível dra  dessas trocas mensagens comunicante informou conta agência onde encaminhado valor causa  onde informado pequeno impedimento parte receita federal  referente duas certidões negativas precisa confeccionadas  entra contato advogada informado golpe aplicativo whatszapp havia sido clonado outros clientes recebeu mensagens parecidas          nada relatou            relataralegando erro transferência comunicante fazer,"**RELATÓRIO TÉCNICO RESUMIDO – BOLETIM DE OCORRÊNCIA**  
**DATA DOS FATOS:** 2024-12-09  
**HORA INICIAL DOS FATOS:** 1970-01-01 13:10:00  
**LOCAL:** CUIABA/PREJUDICADO  
**NATUREZA DA OCORRÊNCIA:** OUTRAS FRAUDES  
**RELATO SUCINTO DOS ACONTECIMENTOS:** A filha (Flavia) recebeu mensagem de Taisa Vasconcelos, que se passava por secretária de uma médica, informando que o pai (comunicante) havia ganho processo contra Caixa Econômica Federal. Após contato com ""a médica"", foi informado sobre transferência de valor via conta bancária, com impedimento da Receita Federal referente a duas certidões negativas. O comunicante relatou que o aplicativo WhatsApp foi clonado e outros clientes receberam mensagens similares. Nenhum dado foi reportado, apenas uma falha na transferência, com o comunicante sendo instruído a realizar ações."
9269,dia janeiro comprei robo led internet atraves site httpfabricaderobosdeledcombr  nome 99  compra feita atraves whatssap  0  valor r 7500 pix dividido duas parcelas 1901 2202  suposto empresario disse estaria enviando produto momento recebi  parou atender whatsap apos segunda parcela  obs  atende telefone  mas  visualiza whatsap responde continua aplicando  respondeu amiga sobre possivel venda  rastrear individuo deixe dar golpe outras pessoas ,CODIGO: 9269 | NATUREZA: ESTELIONATO | DATA: 2024-01-19 12:23:00.000 | HORA: 1970-01-01 12:23:00 | LOCAL: CUIABA/ALVORADA | TIPO LOCAL: INTERNET | NARRATIVA: dia janeiro comprei robo led internet atraves site httpfabricaderobosdeledcombr  nome 99  compra feita atraves whatssap  0  valor r 7500 pix dividido duas parcelas 1901 2202  suposto empresario disse estaria enviando produto momento recebi  parou atender whatsap apos segunda parcela  obs  atende telefone  mas  visualiza whatsap responde continua aplicando  respondeu amiga sobre possivel venda  rastrear individuo deixe dar golpe outras pessoas ,"**RELATÓRIO TÉCNICO RESUMIDO – BOLETIM DE OCORRÊNCIA**  
**DATA DOS FATOS:** 2024-01-19  
**HORA INICIAL DOS FATOS:** 12:23  
**LOCAL:** CUIABA/ALVORADA  
**NATUREZA DA OCORRÊNCIA:** ESTELIONATO  
**RELATO SUCINTO DOS ACONTECIMENTOS:**  
No dia 19 de janeiro, a vítima adquiriu um robô LED via internet, através do site http://fabricaderobosdeledcombr, mediante pagamento de R$ 7.500,00 via PIX em duas parcelas (1901 e 2202). A compra foi feita por meio do WhatsApp, com contato do suposto empresário, que afirmou enviar o produto. Após a segunda parcela, o suposto empresário parou de atender o WhatsApp, apesar de atender o telefone e visualizar mensagens. A vítima observou que o contato respondia a mensagens sobre possíveis vendas, sugerindo rastrear o indivíduo para evitar o golpe."
1497,bom dia  existe numero celular passando mim abordando pessoas redes sociais utilizando foto imagem perfil  fazendo ligaçoes  nao conheco  numero questão 55 65 9950169,CODIGO: 1497 | NATUREZA: OUTRAS FRAUDES | DATA: 2024-05-13 09:30:00.000 | HORA: 1970-01-01 09:30:00 | LOCAL: CUIABA/RIBEIRAO DO LIPA | TIPO LOCAL: INTERNET | NARRATIVA: bom dia  existe numero celular passando mim abordando pessoas redes sociais utilizando foto imagem perfil  fazendo ligaçoes  nao conheco  numero questão 55 65 9950169,"**RELATÓRIO TÉCNICO RESUMIDO – BOLETIM DE OCORRÊNCIA**  
**DATA DOS FATOS:** 2024-05-13  
**HORA INICIAL DOS FATOS:** 09:30:00  
**LOCAL:** CUIABA/RIBEIRÃO DO LIPA  
**NATUREZA DA OCORRÊNCIA:** OUTRAS FRAUDES  
**RELATO SUCINTO DOS ACONTECIMENTOS:** O relato indica que uma pessoa recebeu ligações de um número celular desconhecido, iniciando com 55 65 9950169, através de redes sociais. O contato foi feito utilizando fotos de perfis para abordar pessoas, sem que o número fosse reconhecido pelo destinatário. O local da ocorrência foi informado como CUIABA/RIBEIRÃO DO LIPA, com o tipo de local sendo INTERNET."
9744,comunicante ligação numero identificando sendo banco brasil alertava havia tres pix agendados valor r    reais débito r 50 reais  todas dividas respeito compra aparelho iphone  comunicante assustado imediatamente negou tal compra atende disse medida segurança iria cancelar procedimentos bancarios negados ele  comunicante acabou seguindo orientações setor segurança  inclusive recebendo links dar prosseguimento instruções obtidas  porem  sabia verdade tratavase estelionato  atendente banco brasil sim criminosa  valores r 890  50100 reais vivi22233gmailcom  comunicante então alertado central banco brasil sobre tipo estelionato então bloqueado aplicativo senhas ,CODIGO: 9744 | NATUREZA: ESTELIONATO | DATA: 2024-01-08 00:00:00.000 | HORA: 1970-01-01 11:00:00 | LOCAL: CUIABA/SAO TOME II | TIPO LOCAL: INTERNET | NARRATIVA: comunicante ligação numero identificando sendo banco brasil alertava havia tres pix agendados valor r    reais débito r 50 reais  todas dividas respeito compra aparelho iphone  comunicante assustado imediatamente negou tal compra atende disse medida segurança iria cancelar procedimentos bancarios negados ele  comunicante acabou seguindo orientações setor segurança  inclusive recebendo links dar prosseguimento instruções obtidas  porem  sabia verdade tratavase estelionato  atendente banco brasil sim criminosa  valores r 890  50100 reais vivi22233gmailcom  comunicante então alertado central banco brasil sobre tipo estelionato então bloqueado aplicativo senhas ,"**RELATÓRIO TÉCNICO RESUMIDO – BOLETIM DE OCORRÊNCIA**  
**DATA DOS FATOS:** 2024-01-08  
**HORA INICIAL DOS FATOS:** 1970-01-01 11:00:00  
**LOCAL:** CUIABA/SAO TOME II  
**NATUREZA DA OCORRÊNCIA:** ESTELIONATO  
**RELATO SUCINTO DOS ACONTECIMENTOS:**  
O comunicante recebeu uma ligação identificando-se como Banco Brasil, alertando sobre três PIX agendados com valores de R$ 890, R$ 50.100 e R$ 50, relacionados a uma suposta compra de aparelho iPhone. O comunicante negou a compra e, após seguir orientações do ""setor de segurança"" para cancelar procedimentos bancários, recebeu links para prosseguir. Ao perceber que se tratava de estelionato, alertou a Central do Banco Brasil, resultando no bloqueio do aplicativo e senhas. O contato fraudulento utilizou o e-mail ""vivi22233gmailcom""."
1538,recebi mensagem via sms  dizendo seguinte   sua conta gov nova mensagem sobre cnh  acesse ww1cnhonlinetax47e2d9 confira detalhes   concidencia cnh vencida  então cliquei link  direcionaram pra site parecia govcom  seguindo instruções coloquei senha govcom  enrei app gov  vi autorização uso dados  assim percebi golpe mudei senha govcom  3,CODIGO: 1538 | NATUREZA: ESTELIONATO | DATA: 2024-11-17 09:59:00.000 | HORA: 1970-01-01 09:59:00 | LOCAL: CUIABA/JARDIM IMPERIAL | TIPO LOCAL: OUTRO | NARRATIVA: recebi mensagem via sms  dizendo seguinte   sua conta gov nova mensagem sobre cnh  acesse ww1cnhonlinetax47e2d9 confira detalhes   concidencia cnh vencida  então cliquei link  direcionaram pra site parecia govcom  seguindo instruções coloquei senha govcom  enrei app gov  vi autorização uso dados  assim percebi golpe mudei senha govcom  3,"**RELATÓRIO TÉCNICO RESUMIDO – BOLETIM DE OCORRÊNCIA**  
**DATA DOS FATOS:** 2024-11-17  
**HORA INICIAL DOS FATOS:** 09:59:00  
**LOCAL:** CUIABA/JARDIM IMPERIAL  
**NATUREZA DA OCORRÊNCIA:** ESTELIONATO  
**RELATO SUCINTO DOS ACONTECIMENTOS:** O relator recebeu uma mensagem via SMS informando sobre uma ""nova mensagem sobre CNH"" e direcionando a um site falso (ww1cnhonlinetax47e2d9), que simulava o portal govcom. Após inserir senha e autorizar o uso de dados, percebeu que o link era um golpe, alterando imediatamente a senha da conta govcom."
11387,horario supracitados  criminosos realizado  forma fraudulenta  saque bolsa familia  valor 17820 reais  informa tal valor sido creditado junto conta sra claudia aparecida sntos cruz reis  cpf 553750 08077  providencias ,CODIGO: 11387 | NATUREZA: ESTELIONATO | DATA: 2024-08-21 00:00:00.000 | HORA: 1970-01-01 04:26:00 | LOCAL: CUIABA/PREJUDICADO | TIPO LOCAL: INTERNET | NARRATIVA: horario supracitados  criminosos realizado  forma fraudulenta  saque bolsa familia  valor 17820 reais  informa tal valor sido creditado junto conta sra claudia aparecida sntos cruz reis  cpf 553750 08077  providencias ,"**RELATÓRIO TÉCNICO RESUMIDO – BOLETIM DE OCORRÊNCIA**  
**DATA DOS FATOS:** 2024-08-21  
**HORA INICIAL DOS FATOS:** 04:26  
**LOCAL:** CUIABA/PREJUDICADO  
**NATUREZA DA OCORRÊNCIA:** ESTELIONATO  
**RELATO SUCINTO DOS ACONTECIMENTOS:** Ocorreu fraude na internet, onde criminosos utilizaram método fraudulento para realizar saque de R$ 17.820,00 do Programa Bolsa Família. O valor foi informado como creditado na conta da Srª Claudia Aparecida Santos Cruz Reis, CPF 553.750.080-77. As providências foram registradas."
9516,ano realizei emprestimo  empresa bltree solucoes tecnologicas  197058 136  onde todo mês pagava parcelas juros  funcionario  financeiro empresa  solicitou enviasse via pix  pix email ricalepaulagmailcom  assim feito todo mês  outubro 0 empresa  procurei dono rodrigo kimura  reunião  então passei r 1 especie  mãos  testemunha pagamento  funcionaria empresa  disso juros diminuiram continuei pagando porque informou passando dono empresa  dia 2810 finalizei pagamento via pix feito diretamente  pix finalizando emprestimo feito  ano protestaram nome  entrei contato  disse precisava preocupar tudo resolvido  falado rodrigo kimura  informou gastado dinheiro  iria pagar gastado dono  agora 4 mes maio  tentei fazer emprestimo caixa  deu nome sujo conta protesto  entrei contato  conversas soube ainda finalizado pagamento  marquei ir empresa conversar dono rodrigo kimura  consegui  informou usou dinheiro cirurgia feita 3  sendo paguei 2022  disse faltava somente r 1000 passar rodrigo  logo apos falar  consegui contato dono empresa  informou nunca recebeu nada  sabia historia alguma pagaria mes ele  motivo protestou nome  reconheceu roubou dinheiro dele  protocolo 7,CODIGO: 9516 | NATUREZA: ESTELIONATO | DATA: 2024-05-08 00:00:00.000 | HORA: 1970-01-01 08:15:00 | LOCAL: CUIABA/QUILOMBO | TIPO LOCAL: ESCRITORIO | NARRATIVA: ano realizei emprestimo  empresa bltree solucoes tecnologicas  197058 136  onde todo mês pagava parcelas juros  funcionario  financeiro empresa  solicitou enviasse via pix  pix email ricalepaulagmailcom  assim feito todo mês  outubro 0 empresa  procurei dono rodrigo kimura  reunião  então passei r 1 especie  mãos  testemunha pagamento  funcionaria empresa  disso juros diminuiram continuei pagando porque informou passando dono empresa  dia 2810 finalizei pagamento via pix feito diretamente  pix finalizando emprestimo feito  ano protestaram nome  entrei contato  disse precisava preocupar tudo resolvido  falado rodrigo kimura  informou gastado dinheiro  iria pagar gastado dono  agora 4 mes maio  tentei fazer emprestimo caixa  deu nome sujo conta protesto  entrei contato  conversas soube ainda finalizado pagamento  marquei ir empresa conversar dono rodrigo kimura  consegui  informou usou dinheiro cirurgia feita 3  sendo paguei 2022  disse faltava somente r 1000 passar rodrigo  logo apos falar  consegui contato dono empresa  informou nunca recebeu nada  sabia historia alguma pagaria mes ele  motivo protestou nome  reconheceu roubou dinheiro dele  protocolo 7,"**RELATÓRIO TÉCNICO RESUMIDO – BOLETIM DE OCORRÊNCIA**  
**DATA DOS FATOS:** 2024-05-08  
**HORA INICIAL DOS FATOS:** 08:15:00  
**LOCAL:** CUIABA/QUILOMBO  
**NATUREZA DA OCORRÊNCIA:** ESTELIONATO  
**RELATO SUCINTO DOS ACONTECIMENTOS:**  
O autor relatou ter realizado um empréstimo de R$ 197.058,136 à empresa Bltree Soluções Tecnologicas, pagando parcelas mensais com juros. O funcionário financeiro da empresa solicitou o pagamento via PIX ao email ricalepaulagmailcom. Em outubro, o autor procurou o dono da empresa, Rodrigo Kimura, para confirmar o pagamento, entregando R$ 1,00 em espécie com testemunha. Os juros diminuíram, e o autor continuou pagando, conforme orientação do dono. Em 28/10, finalizou o pagamento via PIX, encerrando o empréstimo. Posteriormente, o nome do autor foi incluído em protesto, e após contato com Rodrigo Kimura, foi informado que o dinheiro foi utilizado para cirurgia realizada em 2022, com apenas R$ 1.000,00 restantes. O autor tentou novo empréstimo, mas foi negado devido ao nome sujo. Após contato novamente com Rodrigo, foi confirmado que ele nunca recebeu o valor e desconhecia a história, reconhecendo que o dinheiro foi roubado. O caso foi registrado com protocolo 7."
2034, feitas transferências bancárias via pix  quais reconhecidas comunicante  enviada quantia r 1660  destinatário  correspondente financeira ltda  cnpj  184904 04   94816   seguida supracitados ,CODIGO: 2034 | NATUREZA: ESTELIONATO | DATA: 2024-03-26 00:00:00.000 | HORA: 1970-01-01 10:30:00 | LOCAL: CUIABA/CARUMBE | TIPO LOCAL: VIA PÚBLICA | NARRATIVA:  feitas transferências bancárias via pix  quais reconhecidas comunicante  enviada quantia r 1660  destinatário  correspondente financeira ltda  cnpj  184904 04   94816   seguida supracitados ,"**RELATÓRIO TÉCNICO RESUMIDO – BOLETIM DE OCORRÊNCIA**  
**DATA DOS FATOS:** 2024-03-26  
**HORA INICIAL DOS FATOS:** 10:30  
**LOCAL:** CUIABA/CARUMBE  
**NATUREZA DA OCORRÊNCIA:** ESTELIONATO  
**RELATO SUCINTO DOS ACONTECIMENTOS:** O comunicante relatou ter realizado transferências bancárias via PIX, reconhecidas por ele mesmo, no valor de R$ 1.660,00, destinadas à empresa ""Correspondente Financeira Ltda"", CNPJ 184904 04 94816. A operação foi seguida por outros movimentos, conforme mencionado no relato."
3376,data hora recebeu mensagem colega trabalho nesta disse enviaria codigo comunicante enviar volta  comunicante sabia celular colega sido clonado  logo foi  codigo enviado 01  narrado  comunicante trabalho  logo celular clonado comunicante recebeu pedido ajuda financeira  comunicante então percebeu golpe  obs  comunicante relata vitima golpe usando nome umas 04 pessoas  individuo pediu pix nome comunicante cpf  543528 59842 ,CODIGO: 3376 | NATUREZA: ESTELIONATO | DATA: 2025-03-07 00:00:00.000 | HORA: 1970-01-01 10:00:00 | LOCAL: CUIABA/CENTRO POLITICO ADMINISTRATIVO | TIPO LOCAL: OUTRO | NARRATIVA: data hora recebeu mensagem colega trabalho nesta disse enviaria codigo comunicante enviar volta  comunicante sabia celular colega sido clonado  logo foi  codigo enviado 01  narrado  comunicante trabalho  logo celular clonado comunicante recebeu pedido ajuda financeira  comunicante então percebeu golpe  obs  comunicante relata vitima golpe usando nome umas 04 pessoas  individuo pediu pix nome comunicante cpf  543528 59842 ,"**RELATÓRIO TÉCNICO RESUMIDO – BOLETIM DE OCORRÊNCIA**  
**DATA DOS FATOS:** 2025-03-07  
**HORA INICIAL DOS FATOS:** 1970-01-01 10:00:00  
**LOCAL:** CUIABA/CENTRO POLITICO ADMINISTRATIVO  
**NATUREZA DA OCORRÊNCIA:** ESTELIONATO  
**RELATO SUCINTO DOS ACONTECIMENTOS:** O comunicante recebeu uma mensagem de um colega de trabalho informando que o código seria enviado. Após a comunicação, o colega afirmou que sabia que o celular havia sido clonado e solicitou o envio do código 01. O comunicante, ao perceber a situação, constatou que o celular estava clonado e recebeu um pedido de ajuda financeira, suspeitando de um golpe. O comunicante relata que a vítima utilizou o nome de quatro pessoas, com o indivíduo solicitando um pagamento via PIX sob seu nome, utilizando o CPF 54352859842."
815,data 1724 verificou conta havia sido hackeada feito transferencia conta poupança via pix valor r  quatrocentos reais  sqalapay pagamentos ltda   cnpj  496184 14  2 dois pagamentos boletos valor r 0 duzentos reais   stripe brasil solucoes pagamento   cnpj  22121209 0146  totalizando valor r 4 reais boletos  onde vitima nao consentimento feito pagamentos  caixa tem   totalizando valor transfereido r 800 oitocentos devidas providências                 nada declarar,CODIGO: 815 | NATUREZA: FURTO | DATA: 2024-02-19 00:00:00.000 | HORA: 1970-01-01 14:00:00 | LOCAL: CUIABA/PREJUDICADO | TIPO LOCAL: INTERNET | NARRATIVA: data 1724 verificou conta havia sido hackeada feito transferencia conta poupança via pix valor r  quatrocentos reais  sqalapay pagamentos ltda   cnpj  496184 14  2 dois pagamentos boletos valor r 0 duzentos reais   stripe brasil solucoes pagamento   cnpj  22121209 0146  totalizando valor r 4 reais boletos  onde vitima nao consentimento feito pagamentos  caixa tem   totalizando valor transfereido r 800 oitocentos devidas providências                 nada declarar,"**RELATÓRIO TÉCNICO RESUMIDO – BOLETIM DE OCORRÊNCIA**  
**DATA DOS FATOS:** 2024-02-19  
**HORA INICIAL DOS FATOS:** 14:00  
**LOCAL:** CUIABA/PREJUDICADO  
**NATUREZA DA OCORRÊNCIA:** FURTO  
**RELATO SUCINTO DOS ACONTECIMENTOS:**  
A vítima informa que, em 17/02/2024, verificou que sua conta havia sido hackeada, resultando em transferências não autorizadas. Foram realizadas: (1) transferência de R$ 400,00 via PIX para a empresa Squalapay Pagamentos Ltda (CNPJ: 496184142), e (2) dois pagamentos de boletos no valor de R$ 200,00 cada, totalizando R$ 400,00, para a empresa Stripe Brasil Soluções Pagamento (CNPJ: 221212090146). A vítima não consentiu com os pagamentos e informa que o total transferido foi de R$ 800,00. Não há declarações adicionais.  

**NOTA:** O campo ""HORA"" apresenta inconsistência (1970-01-01 14:00:00), sendo adotada a hora 14:00 conforme a data dos fatos."
13534,recebeu notificação protestos oficio 1º tabelionato protestos valor 356450 junto aplicativo bancário vitima valor atualizado  achou estranho procurou gerente bancário pediu orientações sobre fato  gerente disse comum bancos receberem tipo notificações valores descontados conta  após notificação procurou cartório protestos ficou sabendo protesto origem resolveu entrar contato irmã mora naquele estado pediu verificasse origem protesto  irmã descobriu protesto referente cnpj abrido nome vitima valores iniciais protesto 293144 reais datado dia 09012025 referentes conta mei consta nome  disse cobranças indevidas  vez mudou daquela cidade estado ainda ano 1995 nunca possuiu nenhum empresa nome possivel clonado dados pessoais causar prejuizos  quaisquer valores possa gerar fraude encontrada nome perante autoridades,CODIGO: 13534 | NATUREZA: ESTELIONATO | DATA: 2025-01-23 00:00:00.000 | HORA: 1970-01-01 10:00:00 | LOCAL: CUIABA/PARQUE GEORGIA | TIPO LOCAL: A BANCO | NARRATIVA: recebeu notificação protestos oficio 1º tabelionato protestos valor 356450 junto aplicativo bancário vitima valor atualizado  achou estranho procurou gerente bancário pediu orientações sobre fato  gerente disse comum bancos receberem tipo notificações valores descontados conta  após notificação procurou cartório protestos ficou sabendo protesto origem resolveu entrar contato irmã mora naquele estado pediu verificasse origem protesto  irmã descobriu protesto referente cnpj abrido nome vitima valores iniciais protesto 293144 reais datado dia 09012025 referentes conta mei consta nome  disse cobranças indevidas  vez mudou daquela cidade estado ainda ano 1995 nunca possuiu nenhum empresa nome possivel clonado dados pessoais causar prejuizos  quaisquer valores possa gerar fraude encontrada nome perante autoridades,"**RELATÓRIO TÉCNICO RESUMIDO – BOLETIM DE OCORRÊNCIA**  
**DATA DOS FATOS:** 2025-01-23  
**HORA INICIAL DOS FATOS:** 1970-01-01 10:00:00  
**LOCAL:** CUIABA/PARQUE GEORGIA – A BANCO  
**NATUREZA DA OCORRÊNCIA:** ESTELIONATO  
**RELATO SUCINTO DOS ACONTECIMENTOS:**  
A vítima recebeu notificação de protesto referente a um valor de R$ 356.450, enviada pelo 1º Tabelionato de Protestos, junto ao aplicativo bancário. Ao verificar o valor atualizado em sua conta, percebeu a irregularidade e procurou o gerente bancário, que informou ser comum receber notificações de descontos. Após investigação, a vítima procurou o cartório de protestos e descobriu que o protesto originava-se de uma irmã, que constatou que o protesto estava vinculado a um CNPJ aberto em seu nome, com valor inicial de R$ 293.144, datado 09/01/2025, referente a uma conta MEI. A vítima afirma não ter possuído empresa em tal cidade/estado desde 1995, alegando que o nome foi clonado, causando prejuízos e fraudes. O nome está registrado em autoridades, mas a vítima não está mais residente na região."
1597,comparece nesta central  rosangela soares  relatando esposo  sr  encontrase impossibilitado realizar transações bancárias devido questões judiciais  constatou movimentações indevidas realizadas internet outros estados  por suspeito identificado  comunicante repassou gerente banco brasil  inclusive pessoalmente duas vezes  valores referente compras mes junhovalor aproximado r 242567  extornados  faturas vencer  r 389988serão cobradas próximo mês  relata também  orientada registro boletim policial  providencias cabíveis caso requer     dados confecção sob responsabilidade comunicante  dia 140620  comunicante compareceu novamente nesta delegacia sentido descriminar compras criminosas realizadas cartão ourocard visa  final 7243  compras relacionadas campo especifico   compras pagamentos   vitima encontra acesso qualquer meio comunicação eletronico  celular computador   nenhum tipo acesso sinal internet  sendo assim  torna impossível realizar qualquer tipo movimentação financeira  cartão cedido vitima  usado comunicante forma emergência  pequenas compras  conforme histórico faturas  nunca passou r 500 quinhentos reais  comunicante mostra indignada surpresa  pois nenhum momento recebeu notificações compras realizadas  realizaram sequências compras internet  intervalo curto tempo forma repetitiva estabelecimento comercial  dispositivos segurança banco identificasse possibilidade fraude  prejuízo estimado valor r 841938 oito mil quatrocentos dezenove reais trinta oito centavos  valor superior histórico uso cartão  informou ainda constatou compras prestação serviços aplicativos  spotify   netflix   exigem inserir dados cadastrais  bem id  usuário  podendo auxiliar investigações  sentido identificação autoria  relatar  comunicante informou ainda possui procuração assinada reconhecida firma cartório  dando poderes representar esposo vitima  assim tomou conhecimento fatos  procurou ajuda meios comunicação banco  ligação  mensagens whatsapp  presencial  sempre encontrando dificuldades solucionar problema  lugar fala pode resolver presencial outro faz atendimento procuração  informa muita dificuldade  conseguiu contestar transações aplicativos  principio valores entornados  recebeu mensagens brasil informando  seu pedido contestação compras negado valor recobrado próxima fatura   vez comunicante  desconhece poderia os  beneficiários  transações  impossível vitima ter realizado transações financeiras acredita vitima fraude golpes  ,CODIGO: 1597 | NATUREZA: OUTRAS FRAUDES | DATA: 2024-06-10 00:00:00.000 | HORA: 1970-01-01 08:00:00 | LOCAL: CUIABA/CARUMBE | TIPO LOCAL: INTERNET | NARRATIVA: comparece nesta central  rosangela soares  relatando esposo  sr  encontrase impossibilitado realizar transações bancárias devido questões judiciais  constatou movimentações indevidas realizadas internet outros estados  por suspeito identificado  comunicante repassou gerente banco brasil  inclusive pessoalmente duas vezes  valores referente compras mes junhovalor aproximado r 242567  extornados  faturas vencer  r 389988serão cobradas próximo mês  relata também  orientada registro boletim policial  providencias cabíveis caso requer     dados confecção sob responsabilidade comunicante  dia 140620  comunicante compareceu novamente nesta delegacia sentido descriminar compras criminosas realizadas cartão ourocard visa  final 7243  compras relacionadas campo especifico   compras pagamentos   vitima encontra acesso qualquer meio comunicação eletronico  celular computador   nenhum tipo acesso sinal internet  sendo assim  torna impossível realizar qualquer tipo movimentação financeira  cartão cedido vitima  usado comunicante forma emergência  pequenas compras  conforme histórico faturas  nunca passou r 500 quinhentos reais  comunicante mostra indignada surpresa  pois nenhum momento recebeu notificações compras realizadas  realizaram sequências compras internet  intervalo curto tempo forma repetitiva estabelecimento comercial  dispositivos segurança banco identificasse possibilidade fraude  prejuízo estimado valor r 841938 oito mil quatrocentos dezenove reais trinta oito centavos  valor superior histórico uso cartão  informou ainda constatou compras prestação serviços aplicativos  spotify   netflix   exigem inserir dados cadastrais  bem id  usuário  podendo auxiliar investigações  sentido identificação autoria  relatar  comunicante informou ainda possui procuração assinada reconhecida firma cartório  dando poderes representar esposo vitima  assim tomou conhecimento fatos  procurou ajuda meios comunicação banco  ligação  mensagens whatsapp  presencial  sempre encontrando dificuldades solucionar problema  lugar fala pode resolver presencial outro faz atendimento procuração  informa muita dificuldade  conseguiu contestar transações aplicativos  principio valores entornados  recebeu mensagens brasil informando  seu pedido contestação compras negado valor recobrado próxima fatura   vez comunicante  desconhece poderia os  beneficiários  transações  impossível vitima ter realizado transações financeiras acredita vitima fraude golpes  ,"**RELATÓRIO TÉCNICO RESUMIDO – BOLETIM DE OCORRÊNCIA**  
**DATA DOS FATOS:** 2024-06-10  
**HORA INICIAL DOS FATOS:** 1970-01-01 08:00:00  
**LOCAL:** CUIABA/CARUMBE  
**NATUREZA DA OCORRÊNCIA:** OUTRAS FRAUDES  
**RELATO SUCINTO DOS ACONTECIMENTOS:**  
A vítima, Rosangela Soares, relata que seu esposo está impossibilitado de realizar transações bancárias devido a questões judiciais. Foi constatado movimentações indevidas no cartão Ourocard Visa final 7243, realizadas por suspeito identificado, com valores de aproximadamente R$242.567,00 extornados, e faturas pendentes de R$389.988,00 a serem cobradas. A vítima orientou o registro de boletim policial e informa que o cartão foi cedido apenas para emergências e pequenas compras, nunca ultrapassando R$500,00. Não recebeu notificações sobre as compras, que ocorreram em intervalo curto e repetitivamente em estabelecimentos específicos. O prejuízo estimado é de R$841.938,00. A vítima também menciona compras em aplicativos como Spotify e Netflix, que exigem dados cadastrais, auxiliando na identificação da autoria. Possui procuração assinada para representar o esposo e tentou contato com o Banco do Brasil via diversos canais, enfrentando dificuldades para resolver o caso. A instituição informou que a contestação foi negada e o valor seria recobrado na próxima fatura, mas a vítima desconhece os beneficiários das transações, acreditando que o esposo não tenha realizado as operações, suspeitando de fraude."
13070, recebeu mensagem suposto advogado  identificado  informando havia vencido processo possuía valores receber  suposto advogado entrou contato através numero   99632  relatando comunicante havia vencido processo processo judicial  receberia valor r 20  vinte mil reais  norte construtora  juiz entraria contato terminar trâmite  nesse passo  65  40427698  enviando link chamada video  onde começou ditar passo passo receber dinheiro  durante video chamada  presentes 4 pessoas  contudo nenhuma possuía rosto amostra  todas câmera desligada  sendo comunicante único expor rosto  comunicante aduz durante instrução receber dinheiro  quase enviando pix valor r reais  senhora identificada valeria  momento resolveu ligar numero correto advogado  enquanto suposta audiência acontecendo  razão suspeitos desligaram chamada          nada relatou            relatar ,CODIGO: 13070 | NATUREZA: ESTELIONATO | DATA: 2025-02-15 00:00:00.000 | HORA: 1970-01-01 12:00:00 | LOCAL: CUIABA/PREJUDICADO | TIPO LOCAL: INTERNET | NARRATIVA:  recebeu mensagem suposto advogado  identificado  informando havia vencido processo possuía valores receber  suposto advogado entrou contato através numero   99632  relatando comunicante havia vencido processo processo judicial  receberia valor r 20  vinte mil reais  norte construtora  juiz entraria contato terminar trâmite  nesse passo  65  40427698  enviando link chamada video  onde começou ditar passo passo receber dinheiro  durante video chamada  presentes 4 pessoas  contudo nenhuma possuía rosto amostra  todas câmera desligada  sendo comunicante único expor rosto  comunicante aduz durante instrução receber dinheiro  quase enviando pix valor r reais  senhora identificada valeria  momento resolveu ligar numero correto advogado  enquanto suposta audiência acontecendo  razão suspeitos desligaram chamada          nada relatou            relatar ,"**RELATÓRIO TÉCNICO RESUMIDO – BOLETIM DE OCORRÊNCIA**  
**DATA DOS FATOS:** 2025-02-15  
**HORA INICIAL DOS FATOS:** 1970-01-01 12:00:00  
**LOCAL:** CUIABA/PREJUDICADO  
**NATUREZA DA OCORRÊNCIA:** ESTELIONATO  
**RELATO SUCINTO DOS ACONTECIMENTOS:** A vítima recebeu uma mensagem de suposto advogado informando que havia vencido um processo e poderia receber R$ 20.000,00. O suposto advogado solicitou contato via telefone (número 99632) e orientou a realização de uma videoconferência, onde foram apresentadas 4 pessoas (sem identificação facial, câmeras desligadas). Durante a conversa, foi solicitado o envio de dinheiro via PIX, mas a vítima resolveu ligar para o advogado real, resultando na interrupção da ligação. Nenhum valor foi transferido e a vítima não relatou outras ações."
8939,conta instagram eudirleiavet anos  hoje ligaram vendendo eletrodomestico nela  tentar acessar consigo  mudaram email conta     ocorrência confeccionado responsabilidade civil criminal declarante    ,CODIGO: 8939 | NATUREZA: OUTRAS FRAUDES | DATA: 2024-07-25 13:12:00.000 | HORA: 1970-01-01 13:12:00 | LOCAL: CUIABA/TIJUCAL | TIPO LOCAL: INTERNET | NARRATIVA: conta instagram eudirleiavet anos  hoje ligaram vendendo eletrodomestico nela  tentar acessar consigo  mudaram email conta     ocorrência confeccionado responsabilidade civil criminal declarante    ,"**RELATÓRIO TÉCNICO RESUMIDO – BOLETIM DE OCORRÊNCIA**  
**DATA DOS FATOS:** 2024-07-25  
**HORA INICIAL DOS FATOS:** 1970-01-01 13:12:00 (possível erro de sistema, data não correspondente ao contexto)  
**LOCAL:** CUIABA/TIJUCAL  
**NATUREZA DA OCORRÊNCIA:** OUTRAS FRAUDES  
**RELATO SUCINTO DOS ACONTECIMENTOS:** A vítima relata que sua conta do Instagram (eudirleiavet) foi alvo de tentativa de fraude, onde um suposto vendedor de eletrodomésticos tentou acessar sua conta, alterando o e-mail associado. A ocorrência envolve tentativa de confeccionar uma fraude, com possíveis implicações de responsabilidade civil e criminal. A vítima informa que a tentativa de acesso foi frustrada, mas ações de segurança foram tomadas."
