id_bo,sentenca,non_conformity_score
1997,"**RELATÓRIO TÉCNICO RESUMIDO – BOLETIM DE OCORRÊNCIA**  
**DATA DOS FATOS:** 2025-03-15  
**HORA INICIAL DOS FATOS:** 1970-01-01 16:35:00  
**LOCAL:** CUIABA/JARDIM MARIANA  
**NATUREZA DA OCORRÊNCIA:** OUTRAS FRAUDES  
**RELATO SUCINTO DOS ACONTECIMENTOS:** O comunicante relatou ter recebido ligações e mensagens de pessoas que perguntavam sobre agiotagem e realização de empréstimos de valores.",0.0
1997,"Após negar a solicitação, o comunicante foi contactado por pessoas que visualizaram anúncios em redes sociais (Facebook) e marketplace, onde constavam seu nome e telefone.",0.0
1997,"Preocupado com possíveis fraudes, solicitou a remoção imediata dos anúncios e registro de ocorrência.",0.0
1578,"**RELATÓRIO TÉCNICO RESUMIDO – BOLETIM DE OCORRÊNCIA**  
**DATA DOS FATOS:** 2024-05-15  
**HORA INICIAL DOS FATOS:** 12:13  
**LOCAL:** CUIABA/DUQUE DE CAXIAS – TIPO LOCAL: EM BANCO  
**NATUREZA DA OCORRÊNCIA:** ESTELIONATO  
**RELATO SUCINTO DOS ACONTECIMENTOS:**  
A vítima relata que recebeu uma ligação de uma mulher, que afirmou que a editora Globo iria cancelar sua assinatura de revista.",0.0
1578,"A vítima, que possuía uma assinatura, acreditou que a editora solicitasse dinheiro para cancelamento e realizou diversos pagamentos via PIX ao longo de dias.",0.0
1578,"Os valores envolvidos incluem: 052024 (2394, 2), 2340, 48, 30, 78, 4, 77, 50 (Lara), 3, 5, 7 (Thabata Santana Oliveira), 5, 58 (Adrieli Fatima), 588, 48, 9 (Ria Silva Nascimento), 5779, 1599900 (Andreia Evangelista Alves).",0.0
1578,"Após o pagamento, o valor foi estornado, resultando em um saldo de R$ 1.213,00 às 14:37.",0.0
1578,"A vítima foi contactada e forneceu dados bancários, incluindo a agência 46965, conta corrente 10 0110, no Banco do Brasil.",0.0
1578,A vítima foi orientada a comparecer à delegacia especializada em estelionato para registrar a ocorrência e efetuar a representação.,0.0
1578,"A versão do caso é ""nada declarar"".",0.0
11656,"**RELATÓRIO TÉCNICO RESUMIDO – BOLETIM DE OCORRÊNCIA**  
**DATA DOS FATOS:** 2024-09-25  
**HORA INICIAL DOS FATOS:** 1970-01-01 08:00:00  
**LOCAL:** CUIABA/RESIDENCIAL COXIPO  
**NATUREZA DA OCORRÊNCIA:** ESTELIONATO  
**RELATO SUCINTO DOS ACONTECIMENTOS:** O comunicante relatou que seu número celular e conta Gmail foram clonados.",0.0
11656,"O autor do crime utilizou essas informações para enviar mensagens a pessoas conhecidas, solicitando transferências via PIX.",0.0
11656,"O pagamento foi realizado para a pessoa Bruna Silva, CPF 49931379861.",0.0
11656,"O caso envolve a utilização de dados pessoais para fins fraudulentos, com possível comprometimento de informações sensíveis.",0.0
7703,"**RELATÓRIO TÉCNICO RESUMIDO – BOLETIM DE OCORRÊNCIA**  
**DATA DOS FATOS:** 2024-02-09  
**HORA INICIAL DOS FATOS:** 1970-01-01 13:45:00  
**LOCAL:** CUIABA/PREJUDICADO  
**NATUREZA DA OCORRÊNCIA:** ESTELIONATO  
**RELATO SUCINTO DOS ACONTECIMENTOS:** A vítima, profissional da área de enfermagem, foi contactada por uma amiga (Suzy), que indicou um deputado estadual para auxiliar na obtenção de uma vaga em uma unidade.",0.0
7703,"O suposto intermediário solicitou diversos documentos e, posteriormente, pediu o pagamento de R$ 25.000,00 para um servidor chamado Gonçalo, via cooperativa Sicredi Sudeste.",0.0
7703,"Após o depósito, o deputado alegou que estava ""enrolando"" a vítima e não conseguiu arrumar a vaga, resultando em prejuízo de R$ 25.000,00.",0.0
7703,A ocorrência foi registrada e medidas cabíveis foram tomadas.,0.0
13564,"**RELATÓRIO TÉCNICO RESUMIDO – BOLETIM DE OCORRÊNCIA**  
**DATA DOS FATOS:** 2024-01-27  
**HORA INICIAL DOS FATOS:** 08:00  
**LOCAL:** CUIABA/COOPHAMIL  
**NATUREZA DA OCORRÊNCIA:** ESTELIONATO  
**RELATO SUCINTO DOS ACONTECIMENTOS:**  
A vítima relatou que suas contas de redes sociais (Google, Instagram, Facebook) foram hackeadas, sendo utilizadas para causar prejuízos.",0.0
13564,"O suspeito, após acessar as contas clonadas, realizou vendas e compras em plataformas como Mercado Livre e Spotify, além de modificar contas de Netflix e Spotify.",0.0
13564,"A vítima, após perceber a fraude, conseguiu recuperar o acesso às contas e identificou a manipulação, registrando o caso perante autoridades competentes.",0.0
2881,"**RELATÓRIO TÉCNICO RESUMIDO – BOLETIM DE OCORRÊNCIA**  
**DATA DOS FATOS:** 2025-02-12  
**HORA INICIAL DOS FATOS:** 17:00  
**LOCAL:** CUIABA/SAO JOAO DEL REI  
**NATUREZA DA OCORRÊNCIA:** ESTELIONATO  
**RELATO SUCINTO DOS ACONTECIMENTOS:** A vítima foi contatada por uma empresa via internet que ofereceu a venda de veículo com procedimento de financiamento.",0.0
2881,"Após contato, foi apresentado um contrato que, após análise, foi identificado como consórcio.",0.0
2881,"A vítima foi induzida a realizar um depósito de R$ 128.371, assinando o contrato mesmo após perceber a falsidade.",0.0
2881,"Posteriormente, solicitou reembolso ao responsável, sendo informada de que o valor já havia sido restituído.",0.0
2881,A vítima suspeita de comportamento fraudulento por parte da empresa.,0.0
5417,"**RELATÓRIO TÉCNICO RESUMIDO – BOLETIM DE OCORRÊNCIA**  
**DATA DOS FATOS:** 2024-02-14  
**HORA INICIAL DOS FATOS:** 11:00:00  
**LOCAL:** CUIABA/CENTRO SUL  
**NATUREZA DA OCORRÊNCIA:** OUTRAS FRAUDES  
**RELATO SUCINTO DOS ACONTECIMENTOS:**  
No dia 14/02/2024, o autor recebeu um e-mail com suposto conteúdo de pesquisa de satisfação da operadora VIVO, solicitando informações de contato.",0.0
5417,"Após identificar a possível fraude, encaminhou a mensagem à operadora via meio endereço fornecido (fale_conoscovivocombr).",0.0
5417,"No dia seguinte, compareceu a uma loja da VIVO no Shopping Pantanal, Cuiabá, solicitando a pesquisa de CPF, informando que a linha estava sendo utilizada por terceiros.",0.0
5417,O atendente abriu protocolo nº 3 e orientou contato com a Ouvidoria.,0.0
5417,"No dia seguinte, entrou em contato com a Ouvidoria por telefone, sendo atendido por Katiucia, que informou que o procedimento de cancelamento deveria ter sido realizado na loja.",0.0
5417,"Após verificação de dados e documentos, a Ouvidoria confirmou o protocolo nº e orientou a retomada do processo.",0.0
5417,"No dia seguinte, retornou à loja, onde a linha foi desativada, fornecendo protocolo atendimento nº 132910/2024.",0.0
5417,O autor informa que reconhece a linha como própria e afirma que a fraude foi evitada.,0.0
12917,"**RELATÓRIO TÉCNICO RESUMIDO – BOLETIM DE OCORRÊNCIA**  
**DATA DOS FATOS:** 2024-07-16  
**HORA INICIAL DOS FATOS:** 1970-01-01 16:30:00  
**LOCAL:** CUIABA/JARDIM DAS AMERICAS  
**NATUREZA DA OCORRÊNCIA:** OUTRAS FRAUDES  
**RELATO SUCINTO DOS ACONTECIMENTOS:** Ocorreu tentativa de golpe via internet, onde fraudadores utilizaram um nome falsificado para contactar clientes, solicitando transferências de dinheiro.",0.0
12917,O número utilizado pelos golpistas foi 65 998110392.,0.0
12917,"Apesar da comunicação, os clientes não transferiram valores.",0.0
12917,"Idosos são considerados alvos de risco, devido ao possível cometimento de erros durante a transferência.",0.0
12917,A ocorrência foi registrada como confeccionada pelo comunicante.,0.0
10424,"**RELATÓRIO TÉCNICO RESUMIDO – BOLETIM DE OCORRÊNCIA**  
**DATA DOS FATOS:** 2024-10-10  
**HORA INICIAL DOS FATOS:** 1970-01-01 16:11:00  
**LOCAL:** CUIABA/GRANDE TERCEIRO  
**NATUREZA DA OCORRÊNCIA:** OUTRAS FRAUDES  
**RELATO SUCINTO DOS ACONTECIMENTOS:** Relato de uma transação indevida no valor de R$ 225.189,89, ocorrida na data mencionada.",0.0
10424,"A pessoa relata desconhecer o nome do responsável pela operação, mencionando apenas ""Lucas"".",0.0
10424,Nenhum outro detalhe foi fornecido sobre o caso.,0.0
8729,"**RELATÓRIO TÉCNICO RESUMIDO – BOLETIM DE OCORRÊNCIA**  
**DATA DOS FATOS:** 2025-01-13  
**HORA INICIAL DOS FATOS:** 1970-01-01 21:37:00  
**LOCAL:** CUIABA/BOA ESPERANÇA  
**NATUREZA DA OCORRÊNCIA:** OUTRAS FRAUDES  
**RELATO SUCINTO DOS ACONTECIMENTOS:**  
No dia 13/01/2025, o autor realizou compra via WhatsApp com a empresa Manocell, pagando R$ 1.500,00 por um iPad da marca Apple, com prazo de entrega de 10 a 15 dias.",0.0
8729,"Durante o período, o autor enviou diversas mensagens solicitando informações sobre a entrega, mas o vendedor alegou atrasos.",0.0
8729,"No dia 05/02/2025, o vendedor informou que devolveria o valor via Pix, mas o autor não recebeu a mercadoria nem o dinheiro.",0.0
8729,"Após tentativas de contato, o vendedor não respondeu, e o autor enviou mensagem via meio de comunicação solicitando esclarecimentos, afirmando que não recebeu o material comprado e que a mercadoria não foi entregue.",0.0
15216,"**RELATÓRIO TÉCNICO RESUMIDO – BOLETIM DE OCORRÊNCIA**  
**DATA DOS FATOS:** 2024-01-09  
**HORA INICIAL DOS FATOS:** 1970-01-01 15:23:00  
**LOCAL:** CUIABA/DUQUE DE CAXIAS  
**NATUREZA DA OCORRÊNCIA:** OUTRAS FRAUDES  
**RELATO SUCINTO DOS ACONTECIMENTOS:** O relator informa ter recebido dois boletos com valor total de R$ 372.802, envolvendo cartório 4, tabeliontao de notas, protestos e títulos em Cuiabá.",0.0
15216,"A narrativa menciona a apresentação de boletos pelo PGF (Procuradoria Geral Federal), sacador associado ao INMETRO/SGI, referência a cobrança via SEI (Sistema Eletrônico de Informações) e a ausência de empresas precisando de serviços do INMETRO para proteger problemas futuros.",0.0
15216,Há reconhecimento de cobranças pré-registradas com protocolo nº não especificado.,0.0
4710,"**RELATÓRIO TÉCNICO RESUMIDO – BOLETIM DE OCORRÊNCIA**  
**DATA DOS FATOS:** 2024-07-10  
**HORA INICIAL DOS FATOS:** 00:00:00 (informação inconsistente, conforme narrativa)  
**LOCAL:** CUIABA/PREJUDICADO  
**NATUREZA DA OCORRÊNCIA:** ESTELIONATO  
**RELATO SUCINTO DOS ACONTECIMENTOS:**  
O declarante, vítima de estelionato, relatou ter recebido uma ligação de pessoa identificada como representante do Banco Brasil.",0.0
4710,"Durante o contato, foi informado que havia uma suspeita de compra fraudulenta em seu cartão de crédito, com suposto uso em aeroporto.",0.0
4710,"O suposto representante solicitou o recorte do chip do cartão, alegando que seria levado à polícia para perícia.",0.0
4710,"O declarante, acreditando na legitimidade do procedimento, recortou o chip e o entregou a um homem de meia-idade, branco, em veículo prisma preto, no local de trabalho.",0.0
4710,"Posteriormente, ao verificar com o Banco Brasil, constatou que a compra mencionada havia sido negada pelo sistema de segurança.",0.0
4710,"Adicionalmente, foi identificado tentativas de compra fraudulenta, incluindo valores de R$ 180.000,00 e R$ 225.000,00, com mensagens falsas do banco.",0.0
4710,"O declarante afirma não ter fornecido senha, não ter acessado links suspeitos e não ter compartilhado informações pessoais.",0.0
11064,"**RELATÓRIO TÉCNICO RESUMIDO – BOLETIM DE OCORRÊNCIA**  
**DATA DOS FATOS:** 2024-08-26  
**HORA INICIAL DOS FATOS:** 1970-01-01 09:00:00  
**LOCAL:** CUIABA/PREJUDICADO  
**NATUREZA DA OCORRÊNCIA:** OUTRAS FRAUDES  
**RELATO SUCINTO DOS ACONTECIMENTOS:** O comunicante recebeu ligação de pessoa identificada como primo ou esposo, que informou que estava com veículo quebrado e precisava parar em oficina mecânica.",0.0
11064,"O comunicante foi orientado a realizar transferência via PIX para ""mecânico"", após o que recebeu mensagem confirmando a transferência de R$ 300 para beneficiário Matheus Cavalcante Nery.",0.0
11064,"Posteriormente, o suposto mecânico deixou de responder mensagens, e o comunicante entrou em contato com o primo para confirmar o contato e relatar o fato.",0.0
5431,"**RELATÓRIO TÉCNICO RESUMIDO – BOLETIM DE OCORRÊNCIA**  
**DATA DOS FATOS:** 2024-04-11  
**HORA INICIAL DOS FATOS:** 1970-01-01 08:00:00  
**LOCAL:** CUIABA/CPA 4  
**NATUREZA DA OCORRÊNCIA:** OUTRAS FRAUDES  
**RELATO SUCINTO DOS ACONTECIMENTOS:**  
No dia 10/04/2024, o relator compareceu à empresa CDL e encontrou um extrato de consulta bancária com nome protestado no SPÇ e Serasa, referente à empresa Banco Safra, com qual não havia contato anterior.",0.0
5431,"O protesto foi realizado em 03/06/2022, com valor de R$ 64.868,00.",0.0
5431,"No dia 11/04/2024, às 08:00, o relator entrou em contato com o Banco Safra, sendo atendido pela operadora Jovana, que informou a existência do protesto e seu vínculo com o banco.",0.0
5431,"Foi solicitado o encaminhamento de um protocolo para a regularização, com a possibilidade de impactar um empréstimo em andamento, que poderia ser reprovado devido ao protesto.",0.0
13926,"**RELATÓRIO TÉCNICO RESUMIDO – BOLETIM DE OCORRÊNCIA**  
**DATA DOS FATOS:** 2024-08-12  
**HORA INICIAL DOS FATOS:** 17:40  
**LOCAL:** CUIABA/VILA ROSA  
**NATUREZA DA OCORRÊNCIA:** OUTRAS FRAUDES  
**RELATO SUCINTO DOS ACONTECIMENTOS:** O denunciante viu um anúncio de fogão com 4 bocas, marca Atlas, no site Marketplace do Facebook, anunciado por Thalita Rafaela, que declarou ser prima do proprietário da empresa Ideal Móveis (CNPJ 0553440001).",0.0
13926,A vendedora forneceu um número de contato (65 99945523) e encaminhou três chaves Pix para pagamento.,0.0
13926,"Duas tentativas falharam, e a terceira foi enviada para uma conta Pix aleatória (0bccdd5f3c30481f88a07ae077b1edc8).",0.0
13926,"O denunciante entrou em contato com a vendedora, apresentou comprovante de transação e solicitou bloqueio da conta.",0.0
13926,O boletim foi validado com protocolo 7.,0.0
12131,"**RELATÓRIO TÉCNICO RESUMIDO – BOLETIM DE OCORRÊNCIA**  
**DATA DOS FATOS:** 2024-04-30  
**HORA INICIAL DOS FATOS:** 07:30  
**LOCAL:** CUIABA/CONSIL  
**NATUREZA DA OCORRÊNCIA:** ESTELIONATO  
**RELATO SUCINTO DOS ACONTECIMENTOS:** A vítima recebeu propaganda de curso online de perícias médicas por canais oficiais (WhatsApp e email).",0.0
12131,"Após acessar um link de matrícula supostamente oficial, realizou pagamento via PIX no valor de R$ 6.000,00 para uma conta fraudulenta.",0.0
12131,"A vítima percebeu o golpe após verificar o email de retorno e constatar que o link utilizado era falsificado, criado por um membro do grupo oficial do WhatsApp, que aplicou o golpe a pessoas do grupo.",0.0
11530,"**RELATÓRIO TÉCNICO RESUMIDO – BOLETIM DE OCORRÊNCIA**  
**DATA DOS FATOS:** 2024-06-18  
**HORA INICIAL DOS FATOS:** 1970-01-01 08:45:00  
**LOCAL:** CUIABA/DUQUE DE CAXIAS  
**NATUREZA DA OCORRÊNCIA:** FALSA IDENTIDADE  
**RELATO SUCINTO DOS ACONTECIMENTOS:** O comunicante informou que amigos e familiares foram avisados sobre um usuário pessoal, identificado por meio da mesma foto de perfil no aplicativo WhatsApp.",0.0
11530,A ação envolveu a identificação e divulgação de informações referentes a um comunicante acusado de atividades criminosas.,0.0
1621,"**RELATÓRIO TÉCNICO RESUMIDO – BOLETIM DE OCORRÊNCIA**  
**DATA DOS FATOS:** 2024-04-01  
**HORA INICIAL DOS FATOS:** 1970-01-01 14:00:00  
**LOCAL:** CUIABA/PREJUDICADO  
**NATUREZA DA OCORRÊNCIA:** ESTELIONATO  
**RELATO SUCINTO DOS ACONTECIMENTOS:** O comunicante relatou que acessaram sua conta corrente no Banco Mercantil, na agência 0421, e realizaram um empréstimo via PIX no valor de R$ 90.600,00.",0.0
1621,O banco foi orientado a elaborar um boletim de ocorrência.,0.0
1621,"O caso envolve a pessoa Costa Dementino, CPF 851107, e a empresa PagSeguro SA.",0.0
14448,"**RELATÓRIO TÉCNICO RESUMIDO – BOLETIM DE OCORRÊNCIA**  
**DATA DOS FATOS:** 2024-11-27  
**HORA INICIAL DOS FATOS:** 1970-01-01 21:28:00  
**LOCAL:** CUIABA/PREJUDICADO  
**NATUREZA DA OCORRÊNCIA:** ESTELIONATO  
**RELATO SUCINTO DOS ACONTECIMENTOS:** A vítima recebeu, no dia 27/11/2024, uma mensagem WhatsApp de um número antigo, informando sobre um ""irmão"" (Silvia Calichio) que mencionava um caminhão na estrada e um banco.",0.0
14448,"Após ser solicitada a realizar uma transferência via PIX no dia sexta-feira, a vítima efetuou o pagamento de R$ 730,00 (setecentos trinta reais) através do PicPay, utilizando CPF 675691.",0.0
14448,O suspeito apagou as mensagens após a transferência e aguardou as providências da autoridade.,0.0
14448,Nada a declarar.,0.0
6428,"**RELATÓRIO TÉCNICO RESUMIDO – BOLETIM DE OCORRÊNCIA**  
**DATA DOS FATOS:** 2024-05-17  
**HORA INICIAL DOS FATOS:** 1970-01-01 00:00:00  
**LOCAL:** CUIABA/PREJUDICADO  
**NATUREZA DA OCORRÊNCIA:** OUTRAS FRAUDES  
**RELATO SUCINTO DOS ACONTECIMENTOS:** O comunicante manteve contato com suspeito desde a data do fato, que afirmava ser comprador interessado em motocicleta placa QCY9129, anunciada para venda na plataforma OLX.",0.0
6428,"Após o suspeito informar que a transferência de valor foi realizada e o dinheiro foi creditado à conta do comunicante, este identificou que estava vítima de golpe e decidiu registrar a ocorrência.",0.0
6428,"O golpe foi confirmado após o suspeito afirmar que a transferência foi concluída, porém o comunicante não relatou o recebimento do valor.",0.0
9431,"**RELATÓRIO TÉCNICO RESUMIDO – BOLETIM DE OCORRÊNCIA**  
**DATA DOS FATOS:** 2024-03-05  
**HORA INICIAL DOS FATOS:** 1970-01-01 09:00:00  
**LOCAL:** CUIABA/CENTRO SUL  
**NATUREZA DA OCORRÊNCIA:** OUTRAS FRAUDES  
**RELATO SUCINTO DOS ACONTECIMENTOS:** A vítima relatou que foi vítima de fraude por meio da internet, ao realizar dois pedidos de compra com a empresa Basalto, pagando valores de R$ 258.390,00 e R$ 2.630,00 via QR Code, utilizando o PagSeguro.",0.0
9431,"Após a transação, percebeu que havia sido vítima de golpe, pois o favorecido indicado no pagamento não era a empresa Basalto, mas uma terceira parte.",0.0
9431,"A vítima encaminhou comprovante à empresa Basalto, que constatou que o favorecido não era a empresa, e informou que não haveria declaração de nada.",0.0
438,"**RELATÓRIO TÉCNICO RESUMIDO – BOLETIM DE OCORRÊNCIA**  
**DATA DOS FATOS:** 2024-07-25  
**HORA INICIAL DOS FATOS:** 1970-01-01 11:24:00  
**LOCAL:** CUIABA/POPULAR  
**NATUREZA DA OCORRÊNCIA:** ESTELIONATO  
**RELATO SUCINTO DOS ACONTECIMENTOS:**  
O relato apresenta um caso de estelionato via internet, envolvendo a vítima e seus familiares.",0.0
438,"O irmão da vítima recebeu, por WhatsApp, uma mensagem de um suposto filho, que solicitava a transferência de R$ 135.000,00 via PIX.",0.0
438,O remetente solicitou a divulgação de duas chaves PIX: 1 - 475440 e 2 - Matheus Rodrigues Pires (2706480 95169).,0.0
438,"Em seguida, a mãe da vítima, residente em Brasília, ligou para informar que havia recebido um ""print"" de um pedido de transferência, alegando que o dinheiro já estava disponível.",0.0
438,"O fraudador, supostamente utilizando um telefone clonado, solicitou novamente as chaves PIX, mas a vítima informou que não realizou a transferência.",0.0
438,Nenhum valor foi movimentado.,0.0
438,A vítima forneceu os números de contato e detalhes adicionais para auxiliar na investigação.,0.0
438,O caso foi protocolado com número 8.,0.0
5703,"**RELATÓRIO TÉCNICO RESUMIDO – BOLETIM DE OCORRÊNCIA**  
**DATA DOS FATOS:** 2024-01-11  
**HORA INICIAL DOS FATOS:** 09:18:00  
**LOCAL:** CUIABA/PARQUE CUIABA  
**NATUREZA DA OCORRÊNCIA:** OUTRAS FRAUDES  
**RELATO SUCINTO DOS ACONTECIMENTOS:** A vítima recebeu mensagem via WhatsApp do número 65 9817346, que se dizia representante da Gerência Estadual Polinter da Polícia Judiciária Civil de Mato Grosso, solicitando sua comparecimento em uma unidade policial.",0.0
5703,"A vítima, através de advogado, solicitou prorrogação para o dia 15/01/2024.",0.0
5703,"Posteriormente, foi informada de que seu CPF nº 57 149 foi utilizado para habilitar um chip, vinculado ao nome 972129647.",0.0
5703,A vítima informa que não reside em Rio de Janeiro e foi assustada com a intimação.,0.0
5703,"Dirigiu-se à loja vivo do Shopping 03 Américas, onde obteve informações que o chip era pré-pago e exigia cadastro com CPF da pessoa física para habilitação.",0.0
8307,"**RELATÓRIO TÉCNICO RESUMIDO – BOLETIM DE OCORRÊNCIA**  
**DATA DOS FATOS:** 2024-03-20  
**HORA INICIAL DOS FATOS:** 08:00  
**LOCAL:** CUIABA/PREJUDICADO  
**NATUREZA DA OCORRÊNCIA:** ESTELIONATO  
**RELATO SUCINTO DOS ACONTECIMENTOS:** A vítima relatou o extravio de documentos pessoais, que foram utilizados por terceiros para a compra de um veículo (VW Gol 16V, cor prata, ano 2000, placa não informada).",0.0
8307,A vítima não tem conhecimento do automóvel e nunca o viu.,0.0
8307,"Recebeu mensagem via SMS do número 27440, informando sobre dívida ativa referente a licenciamento veicular, solicitando negociação de débito.",0.0
8307,"A vítima informa que os dados pessoais foram utilizados com outra cédula de identidade, especificamente o nome da mãe, e que está registrada como pessoa física.",0.0
7380,"**RELATÓRIO TÉCNICO RESUMIDO – BOLETIM DE OCORRÊNCIA**  
**DATA DOS FATOS:** 2024-06-10  
**HORA INICIAL DOS FATOS:** 1970-01-01 10:30:00  
**LOCAL:** CUIABA/SAO JOAO DEL REI  
**NATUREZA DA OCORRÊNCIA:** ESTELIONATO  
**RELATO SUCINTO DOS ACONTECIMENTOS:** O comunicante recebeu solicitação de amizade no Facebook, sendo solicitado fotos de nudez.",0.0
7380,"Após negar, o autor da solicitação enviou foto de nudez e bloqueou o comunicante.",0.0
7380,"Duas dias depois, o comunicante denunciou à polícia, informando que o autor estava se relacionando com menor de idade.",0.0
7380,"A família do menor solicitou fiança de R$ 4.260,00, sendo acordado que o comunicante compareceria à delegacia.",0.0
7380,"No entanto, o autor contactou novamente, solicitando dinheiro para custear medicamentos de um garoto internado.",0.0
7380,"Após pagamento, a família não agiu contra o autor.",0.0
7380,"Posteriormente, o autor solicitou R$ 11.400,00 via PIX, sendo transferido para a mesma beneficiária.",0.0
7380,"O comunicante realizou empréstimo bancário e enviou o valor, além de outro PIX para um telefone no Rio Grande do Sul, com DDD 0 e WhatsApp com logotipo da PJC.",0.0
7380,"Antes da transferência, o autor ameaçou forçar o comunicante a enviar dinheiro.",0.0
6057,"**RELATÓRIO TÉCNICO RESUMIDO – BOLETIM DE OCORRÊNCIA**  
**DATA DOS FATOS:** 2024-01-10  
**HORA INICIAL DOS FATOS:** 12:00  
**LOCAL:** CUIABA/PREJUDICADO  
**NATUREZA DA OCORRÊNCIA:** FURTO  
**RELATO SUCINTO DOS ACONTECIMENTOS:** Ocorreu um furto de água no local indicado, conforme registrado em 11/01/2024.",0.0
6057,"A narrativa menciona a data de registro como 10/01/2024, possivelmente com inconsistência.",0.0
6057,Não há declarações adicionais a serem feitas.,0.0
13773,"**RELATÓRIO TÉCNICO RESUMIDO – BOLETIM DE OCORRÊNCIA**  
**DATA DOS FATOS:** 2025-03-03  
**HORA INICIAL DOS FATOS:** 1970-01-14:33:00  
**LOCAL:** CUIABA/PREJUDICADO  
**NATUREZA DA OCORRÊNCIA:** ESTELIONATO  
**RELATO SUCINTO DOS ACONTECIMENTOS:** O comunicante foi contactado por uma suposta funcionária do Banco BV, que simulou um empréstimo para capital de giro empresarial.",0.0
13773,"Após verificar informações e enviar dados solicitados, foi cobrado pagamento de R$ 71.210 para aumentar limite de crédito e rating.",0.0
13773,"Após o pagamento, a suposta funcionária (Vania) informou novo problema relacionado ao CPF, orientando a contato com a empresa AZ Assessoria Empresarial (CNPJ 56065401).",0.0
13773,Novos pedidos de pagamento foram feitos (R$ 780 e R$ 130.500 para demonstração de movimento de patrimônio líquido).,0.0
13773,"O comunicante suspeitou de golpe e consultou colega contador, que confirmou a natureza fraudulenta da operação.",0.0
8927,"**RELATÓRIO TÉCNICO RESUMIDO – BOLETIM DE OCORRÊNCIA**  
**DATA DOS FATOS:** 2024-06-04  
**HORA INICIAL DOS FATOS:** 17:15  
**LOCAL:** CUIABÁ/CENTRO NORTE – A BANCO  
**NATUREZA DA OCORRÊNCIA:** ESTELIONATO  
**RELATO SUCINTO DOS ACONTECIMENTOS:**  
Na data 04/06/2024, às 17h15, o autor recebeu uma mensagem de texto via telefone, identificando-se como ""BIA – Atendente Digital Bradesco"", informando que havia uma tentativa de compra com código R$ 6792.",0.0
8927,O autor foi orientado a acessar um link (https://contatobiaonline) e selecionar a opção 1.,0.0
8927,"Após realizar o procedimento, recebeu uma mensagem confirmando o crédito de um valor indevido (R$ 000) na conta corrente, com a justificativa de que o processo seria concluído no dia seguinte.",0.0
8927,"No dia 05/06/2024, às 08h30, foi informado de que o valor deveria ser transferido para o nome de Felipe Carvalho Oliveira, o que foi descartado como golpe.",0.0
8927,"O autor desligou o telefone, procurou um atendente da agência e solicitou a realização de um boletim de ocorrência.",0.0
8927,"Após desligar o contato, houve tentativas de contato por uma mulher, que foi imediatamente desligada.",0.0
8927,O autor solicita o imediato estorno do valor creditado (R$ 000) e a devolução de despesas eventualmente geradas.,0.0
8927,"Dados do autor: Adriani Alvarenga Correa Costa, CPF 911.654.581-87, correntista do Banco Bradesco, Agência 3218, Conta 17418.",0.0
1065,"**RELATÓRIO TÉCNICO RESUMIDO – BOLETIM DE OCORRÊNCIA**  
**DATA DOS FATOS:** 2024-11-12  
**HORA INICIAL DOS FATOS:** 1970-01-01 12:32:00  
**LOCAL:** CUIABA/CENTRO-NORTE  
**NATUREZA DA OCORRÊNCIA:** ESTELIONATO  
**RELATO SUCINTO DOS ACONTECIMENTOS:** A empresa MTSUL Construções foi vítima de golpes cometidos por indivíduos que simularam ser funcionários, aplicando fraudes comerciais em lojas da região de Cuiabá (Várzea Grande).",0.0
1065,"Os golpistas retiraram materiais da loja Acofer Cuiabá e apresentaram notas fiscais com valores totais de R$ 9.720.760,00 (números: 78, 13, 66, 8, 3237, 21, 158091, 19, 3595, 121124).",0.0
1065,"O fato foi consumado, mas nos últimos dias houve tentativas repetidas de aprimorar o golpe em outras lojas, com uso de números seguidos e perda financeira e entrega de materiais.",0.0
6836,"**RELATÓRIO TÉCNICO RESUMIDO – BOLETIM DE OCORRÊNCIA**  
**DATA DOS FATOS:** 2025-01-17  
**HORA INICIAL DOS FATOS:** 1970-01-01 16:48:00  
**LOCAL:** CUIABA/PORTO  
**NATUREZA DA OCORRÊNCIA:** FALSA IDENTIDADE  
**RELATO SUCINTO DOS ACONTECIMENTOS:** A vítima relatou quebrou mensagem mae seguida quebrou mensagem mae.",0.0
2744,"**RELATÓRIO TÉCNICO RESUMIDO – BOLETIM DE OCORRÊNCIA**  
**DATA DOS FATOS:** 2024-01-03  
**HORA INICIAL DOS FATOS:** 1970-01-01 16:30:00  
**LOCAL:** CUIABA/DUQUE DE CAXIAS  
**NATUREZA DA OCORRÊNCIA:** OUTRAS FRAUDES  
**RELATO SUCINTO DOS ACONTECIMENTOS:**  
A vítima relata que foi vítima de fraude, onde indivíduos falsamente representaram o escritório de advocacia Lacerda, solicitando transferências de valores.",0.0
2744,"Foram solicitados R$ 898.833,00 e R$ 579.367,00, totalizando R$ 1.478.200,00.",0.0
2744,"A vítima entrou em contato com os advogados do escritório, sendo informada de que os supostos representantes eram criminosos que utilizavam sócios do escritório.",0.0
2744,"O caso foi registrado em boletim de ocorrência nº 3191, datado em 2024, informando tentativa de golpe contra terceiros.",0.0
2744,"Além disso, foram mencionadas tentativas de fraudes por meio de redes sociais, utilizando números de telefone e dados bancários, incluindo o Pix de Adilson B. Rodrigues (picpay, agência 0001, conta ).",0.0
2744,"O protocolo de transferência foi informado, mas não foi especificado.",0.0
2027,"**RELATÓRIO TÉCNICO RESUMIDO – BOLETIM DE OCORRÊNCIA**  
**DATA DOS FATOS:** 2025-01-30  
**HORA INICIAL DOS FATOS:** 1970-01-01 13:45:00  
**LOCAL:** CUIABA/PREJUDICADO  
**NATUREZA DA OCORRÊNCIA:** ESTELIONATO  
**RELATO SUCINTO DOS ACONTECIMENTOS:**  
Na data 30/01/2025, a vítima recebeu mensagem via WhatsApp de um suspeito que se passava por advogado, informando que uma ação judicial foi ganha e finalizada, exigindo pagamento de taxa de R$ 129.966,66 para liberar o valor.",0.0
2027,"O destinatário foi indicado como Samara, com dados bancários no Nu Pagamentos SA, agência 021, conta 021 e CPF 0194310.",0.0
2027,"Posteriormente, o suspeito solicitou outro valor de R$ 700, com destino ao Banco Mercado Pago Instituição Pagamento Ltda, CPF 62822486395.",0.0
2027,"A vítima efetuou os pagamentos e encaminhou comprovante, sendo informada para aguardar 45 minutos até a liberação do dinheiro.",0.0
2027,"Em seguida, o suspeito solicitou novo valor de R$ 3.000 para finalizar a liberação.",0.0
2027,"A vítima percebeu que o suspeito não estava cumprindo as providências necessárias, não declarando nenhuma ação ou resultado.",0.0
10797,"**RELATÓRIO TÉCNICO RESUMIDO – BOLETIM DE OCORRÊNCIA**  
**DATA DOS FATOS:** 2024-12-15  
**HORA INICIAL DOS FATOS:** 1970-01-01 15:33:00 (hora inválida, possivelmente erro de sistema)  
**LOCAL:** CUIABA/CAMPO VELHO  
**NATUREZA DA OCORRÊNCIA:** ESTELIONATO  
**RELATO SUCINTO DOS ACONTECIMENTOS:** O relator realizou compra de produto via cartão de crédito, utilizando o link **httpsprincipiaskincareskincareoficialcom** (site suspeito), com valor total de R$5, parcelado em 1x.",0.0
10797,"Após a compra, recebeu e-mail de transportadora com código de rastreio, porém o site da empresa **Principia** (informações fornecidas) era falso.",0.0
10797,"Em 18/12/2024, ao constatar o golpe, entrou em contato com a empresa **Principia**, solicitando cancelamento da compra junto ao banco.",0.0
10797,Tentou obter informações complementares para relatar o caso.,0.0
8976,"**RELATÓRIO TÉCNICO RESUMIDO – BOLETIM DE OCORRÊNCIA**  
**DATA DOS FATOS:** 2025-02-20  
**HORA INICIAL DOS FATOS:** 1970-01-01 10:00:00  
**LOCAL:** CUIABA/SANTA ROSA  
**NATUREZA DA OCORRÊNCIA:** ESTELIONATO  
**RELATO SUCINTO DOS ACONTECIMENTOS:** A vítima acessou, por meio da internet, um site supostamente oficial do DETRAN para renovação de CNH.",0.0
8976,"Após fornecer dados pessoais e realizar pagamento de R$ 5.424,00 referente a uma ""taxa"" fictícia, foi encaminhada para o site Mangofy (CNPJ: 48.780.455/0001).",0.0
8976,"No dia seguinte (21/02/2025), ao comparecer ao DETRAN, foi informada sobre a ocorrência de fraude, comprovando a existência de um site falso.",0.0
14310,"**RELATÓRIO TÉCNICO RESUMIDO – BOLETIM DE OCORRÊNCIA**  
**DATA DOS FATOS:** 2024-11-01  
**HORA INICIAL DOS FATOS:** 11:20  
**LOCAL:** CUIABA/BOA ESPERANCA  
**NATUREZA DA OCORRÊNCIA:** ESTELIONATO  
**RELATO SUCINTO DOS ACONTECIMENTOS:** O declarante recebeu uma promoção de livros via internet, da editora Saraiva, que solicitava dados pessoais e telefone para entrega.",0.0
14310,"Após ser direcionado a um site onde precisava escolher um box de livros, pagar frete e taxa de importação, suspeitou de golpe.",0.0
14310,"Com medo, ligou para a mãe e foi orientado a confeccionar um boletim de ocorrência, com registro de responsabilidade civil e criminal.",0.0
2207,"**RELATÓRIO TÉCNICO RESUMIDO – BOLETIM DE OCORRÊNCIA**  
**DATA DOS FATOS:** 2024-02-20  
**HORA INICIAL DOS FATOS:** 1970-01-01 13:00:00  
**LOCAL:** CUIABA/PREJUDICADO  
**NATUREZA DA OCORRÊNCIA:** AMEAÇA  
**RELATO SUCINTO DOS ACONTECIMENTOS:**  
O comunicante relata que, no início do ano passado, foi contratado para realizar uma obra.",0.0
2207,"Após meio ano, o contratante (Sr. Cidinei) encerrou o contrato e pretendia contratar outro profissional.",0.0
2207,"Em seguida, o Sr. Cidinei solicitou o pagamento de R$ 7.000,00, referente a adiantamento para compras de materiais e pagamento de mão de obra.",0.0
2207,"O comunicante informa que o Sr. Cidinei encarregou terceiros de cobrar a dívida, resultando em constantes ameaças contra ele, por parte de suspeitos chamados Adones e outro indivíduo.",0.0
2207,O comunicante suspeita que os envolvidos utilizem drogas e que o Sr. Cidinei esteja envolvido na situação.,0.0
2207,Nada mais foi declarado.,0.0
11940,"**RELATÓRIO TÉCNICO RESUMIDO – BOLETIM DE OCORRÊNCIA**  
**DATA DOS FATOS:** 2024-10-03  
**HORA INICIAL DOS FATOS:** 10:30  
**LOCAL:** CUIABA/PREJUDICADO  
**NATUREZA DA OCORRÊNCIA:** ESTELIONATO  
**RELATO SUCINTO DOS ACONTECIMENTOS:**  
O comunicante adquiriu uma motocicleta em Cuiabá e buscou uma transportadora online (Agil Transportes) para seu deslocamento.",0.0
11940,"Após cadastrar-se no site, recebeu contato de um representante identificado como Walaf, que orientou a assinatura de um termo e a divulgação de dados pessoais.",0.0
11940,"O transporte foi agendado, e o comunicante recebeu imagens da motocicleta e informações da empresa para comprovar a validade do serviço.",0.0
11940,"Posteriormente, foi informado que era necessário instalar um aplicativo de rastreamento, o que foi realizado via vídeo chamada com uma pessoa identificada como Igor.",0.2
11940,"Durante o processo, o celular do comunicante foi espelhado, e a configuração do aplicativo foi feita.",0.0
11940,"O comunicante suspeitou de fraude, desligou o aparelho e, ao reativá-lo, constatou movimentações em sua conta do Banco Bradesco: duas transferências no valor total de R$ 962.360,36 para uma conta do PagSeguro (CNPJ 56.078.161).",0.0
11940,"Além disso, verificou perda de acesso ao aplicativo Banco Inter (R$ 15,00) e outro pagamento de R$ 990,00 para uma conta do PagSeguro (conta 000152).",0.0
11940,"A motocicleta permanece em Cuiabá, não tendo sido entregue.",0.0
10025,"**RELATÓRIO TÉCNICO RESUMIDO – BOLETIM DE OCORRÊNCIA**  
**DATA DOS FATOS:** 2024-06-21 00:00:00.000  
**HORA INICIAL DOS FATOS:** 1970-01-01 15:43:00  
**LOCAL:** CUIABA/NOVO TERCEIRO  
**NATUREZA DA OCORRÊNCIA:** ESTELIONATO  
**RELATO SUCINTO DOS ACONTECIMENTOS:** A comunicante Edicléia Aparecida recebeu documentos que solicitavam que realizasse uma perícia médica, acompanhados de foto e procuração supostamente emitida por ela.",0.0
10025,"A comunicante afirma desconhecer os documentos e relata que não autorizou a emissão da procuração, alegando que o documento não é válido.",0.0
14991,"**RELATÓRIO TÉCNICO RESUMIDO – BOLETIM DE OCORRÊNCIA**  
**DATA DOS FATOS:** 2024-09-02  
**HORA INICIAL DOS FATOS:** 1970-01-01 12:00:00  
**LOCAL:** CUIABA/PREJUDICADO  
**NATUREZA DA OCORRÊNCIA:** ESTELIONATO  
**RELATO SUCINTO DOS ACONTECIMENTOS:** A vítima relatou que foi contactada por uma suposta funcionária da empresa Boticário, que informou ter sido sorteada para uma passagem para Camboriú.",0.0
14991,"Para validar a premiação, foi solicitado um código de confirmação, que foi fornecido.",0.0
14991,"Em seguida, o aplicativo foi derrubado, revelando-se um golpe.",0.0
14991,"Adicionalmente, os criminosos utilizaram o WhatsApp com o número 66 2200532 e um Pix sob o nome de Rebeca (CPF 62759954323) para solicitar dinheiro a amigos, parentes e familiares.",0.0
14991,A vítima confirmou a atividade fraudulenta após verificar o uso do WhatsApp.,0.0
7206,"**RELATÓRIO TÉCNICO RESUMIDO – BOLETIM DE OCORRÊNCIA**  
**DATA DOS FATOS:** 2024-08-30  
**HORA INICIAL DOS FATOS:** 1970-01-01 09:19:00  
**LOCAL:** CUIABA/TRES BARRAS  
**NATUREZA DA OCORRÊNCIA:** ESTELIONATO  
**RELATO SUCINTO DOS ACONTECIMENTOS:** O comunicante relatou que pagou o IPVA via site do DETRAN, dividindo o pagamento em 06 parcelas.",0.0
7206,"A primeira parcela foi paga com cartão, enquanto a segunda foi realizada através da empresa ""Pagamentos Online Digitais Ltda"" (CNPJ: 52746809000160), com valor de R$ 12.515,00.",0.0
7206,O comunicante observa que o pagamento foi realizado de forma digital.,0.0
6816,"**RELATÓRIO TÉCNICO RESUMIDO – BOLETIM DE OCORRÊNCIA**  
**DATA DOS FATOS:** 2025-01-23  
**HORA INICIAL DOS FATOS:** 1970-01-01 13:25:00  
**LOCAL:** CUIABA/PORTO  
**NATUREZA DA OCORRÊNCIA:** ESTELIONATO  
**RELATO SUCINTO DOS ACONTECIMENTOS:**  
O relato descreve uma tentativa de recuperação de conta no Instagram (usuário: taisreginatr), após ser hackeada por criminosos que alteraram o telefone e e-mail associados à conta.",0.0
6816,"O autor relatou a perda total de acesso, tentativas de recuperação com falhas, e a necessidade de notificação imediata a colegas para evitar novas vítimas.",0.0
6816,"Durante o período vespertino, foram publicadas postagens fraudulentas por uma conta falsa (consultora Lay Campos), incluindo fotos familiares e mensagens como ""tbt amo"".",0.0
6816,"O autor realizou múltiplas tentativas de recuperação, incluindo troca de senha, contato com suporte via email (securitymailinstagramcom) e acesso a plataformas digitais.",0.0
6816,"Em 2025-01-24, houve sucesso parcial com respostas da plataforma, mas erros persistiram em páginas Instagram, levando a falhas e bugs.",0.0
12464,"**RELATÓRIO TÉCNICO RESUMIDO – BOLETIM DE OCORRÊNCIA**  
**DATA DOS FATOS:** 2024-06-08  
**HORA INICIAL DOS FATOS:** 10:37:00  
**LOCAL:** CUIABA/JARDIM ACLIMACAO  
**NATUREZA DA OCORRÊNCIA:** OUTRAS FRAUDES  
**RELATO SUCINTO DOS ACONTECIMENTOS:** O autor recebeu um anúncio via Facebook prometendo promoções de uma loja, com link compartilhado.",0.0
12464,"Após clicar no link, realizou pagamento via PIX no valor de R$ 17.488,00.",0.0
12464,"Percebeu posteriormente que a transação era suspeita, pois o cartão utilizado foi alvo de tentativa de fraude, com a operadora informando sobre possível golpe.",0.0
12464,O autor já havia realizado o pagamento e reconhece a ocorrência como golpe.,0.0
14212,"**RELATÓRIO TÉCNICO RESUMIDO – BOLETIM DE OCORRÊNCIA**  
**DATA DOS FATOS:** 2024-01-10  
**HORA INICIAL DOS FATOS:** 14:45  
**LOCAL:** CUIABA/DOM AQUINO  
**NATUREZA DA OCORRÊNCIA:** ESTELIONATO  
**RELATO SUCINTO DOS ACONTECIMENTOS:** O comunicante relatou que, no dia 10/01/2024, foi conduzido a uma agência de negociação financeira, onde foi identificado como facilitador.",0.2
14212,O caso envolveu a comunicação com uma pessoa que estava com duas parcelas em atraso.,0.0
14212,"O veículo envolvido era um Chevrolet Onix 1.4 LTZ, cor branca, placa QBJ9J75.",0.0
14212,A empresa responsável pela negociação realizava propaganda televisiva.,0.0
14212,"O comunicante foi direcionado a um ponto de atendimento, sentindo-se coagido.",0.0
14212,"Suspeitos informaram que o veículo seria buscado e apreendido, exigindo a assinatura de um acordo para evitar a perda do carro.",0.0
14212,"O comunicante sabia do fato e foi instruído a responder apenas com ""sim"" ou ""não"", com suspeitos mencionando que o caso deveria ser mantido em segredo diante da justiça.",0.0
14212,O comunicante expressou dúvidas e foi obrigado a retornar ao início do processo.,0.0
1347,"**RELATÓRIO TÉCNICO RESUMIDO – BOLETIM DE OCORRÊNCIA**  
**DATA DOS FATOS:** 2024-10-04  
**HORA INICIAL DOS FATOS:** 06:40:00  
**LOCAL:** CUIABA/PREJUDICADO  
**NATUREZA DA OCORRÊNCIA:** ESTELIONATO  
**RELATO SUCINTO DOS ACONTECIMENTOS:** A vítima recebeu uma mensagem com o número 65 40425362, simulando uma comunicação de suposta filha que solicitava dinheiro para pagar contas.",0.0
1347,"Após acreditar na narrativa, realizou transferências para beneficiários com CNPJ 054391 156 (valor R$ 1.680,00) e CNPJ não totalmente informado (valor R$ 145.900,00).",0.0
1347,"Posteriormente, pagou boleto no valor de R$ 1.999,99, com beneficiário de CPF oculto.",0.0
1347,O crime ocorreu via internet.,0.0
13928,"**RELATÓRIO TÉCNICO RESUMIDO – BOLETIM DE OCORRÊNCIA**  
**DATA DOS FATOS:** 2024-08-02  
**HORA INICIAL DOS FATOS:** 1970-01-01 15:00:00  
**LOCAL:** CUIABA/DOM AQUINO  
**NATUREZA DA OCORRÊNCIA:** ESTELIONATO  
**RELATO SUCINTO DOS ACONTECIMENTOS:** A vítima tomou conhecimento de uma publicação no Facebook referente a um investimento, onde constava um perfil fake de amiga.",0.0
13928,"Após contato, foi solicitado o envio de R$ 100,00 via PIX para uma conta destinada a ""playslow processadora pagamentos"" (conta corrente).",0.0
13928,"O valor foi transferido, mas não foi relatado o ocorrido.",0.0
13928,A vítima buscou relatar o caso.,0.0
12449,"**RELATÓRIO TÉCNICO RESUMIDO – BOLETIM DE OCORRÊNCIA**  
**DATA DOS FATOS:** 2024-06-24  
**HORA INICIAL DOS FATOS:** 11:10  
**LOCAL:** CUIABA/QUILOMBO  
**NATUREZA DA OCORRÊNCIA:** OUTRAS FRAUDES  
**RELATO SUCINTO DOS ACONTECIMENTOS:**  
No dia 24/06/2024, o autor recebeu mensagem no WhatsApp oferecendo empréstimo bancário, com suposta liberação de R$ 70.000,00.",0.0
12449,"Após pagar taxa de R$ 198,00 e enviar documentos pessoais (CPF 086.091.021-06, RG 36.267.155), foi solicitado contrato falso para liberação do dinheiro.",0.0
12449,"Após 10 minutos, o autor recebeu suposta liberação, mas foi cobrado taxa adicional de R$ 54.590,00 (IOF).",0.0
12449,"Ao tentar cancelar o contrato, foi ameaçado de registro em Serasa e bloqueio de nome.",0.0
12449,"O autor entrou em contato com a empresa mencionada (Euro 17 Crédito), solicitando prints de conversas e boletim de ocorrência.",0.0
12449,"Após a comunicação, o golpista informou que o empréstimo ""funciona"" e tentou evitar a denúncia.",0.0
12449,"O autor bloqueou o contato, denunciou o caso e agora busca registrar o boletim de ocorrência nº 9.",0.0
9179,"**RELATÓRIO TÉCNICO RESUMIDO – BOLETIM DE OCORRÊNCIA**  
**DATA DOS FATOS:** 2024-05-20  
**HORA INICIAL DOS FATOS:** 1970-01-01 10:00:00  
**LOCAL:** CUIABA/PREJUDICADO  
**NATUREZA DA OCORRÊNCIA:** ESTELIONATO  
**RELATO SUCINTO DOS ACONTECIMENTOS:** A comunicante relatou que um anúncio de venda de motocicleta foi divulgado, atraindo seu interesse.",0.0
9179,"Após contato com o suposto vendedor, foi informado que o dono da oficina era seu cunhado, que testaria a moto por R$ 8.000,00.",0.0
9179,"A comunicante forneceu nome, CPF (478151) e e-mail (joaciraguiar3gmailcom) para contato.",0.0
9179,"No entanto, o suposto dono da oficina bloqueou a comunicação, revelando que a venda era falsa.",0.0
9179,Nenhum outro relato foi fornecido.,0.0
4930,"**RELATÓRIO TÉCNICO RESUMIDO – BOLETIM DE OCORRÊNCIA**  
**DATA DOS FATOS:** 2025-01-20  
**HORA INICIAL DOS FATOS:** 1970-01-01 08:00:00  
**LOCAL:** CUIABA/JARDIM EUROPA  
**NATUREZA DA OCORRÊNCIA:** ESTELIONATO  
**RELATO SUCINTO DOS ACONTECIMENTOS:** A vítima relata ter recebido uma mensagem via WhatsApp solicitando dinheiro emprestado, acompanhada de uma foto e outro número de celular.",0.0
4930,"Após informar familiares sobre o golpe, foi solicitada a transferência de recursos a um nome e CPF 690962282, com boleto 000 em seu nome.",0.0
1477,"**RELATÓRIO TÉCNICO RESUMIDO – BOLETIM DE OCORRÊNCIA**  
**DATA DOS FATOS:** 2024-12-09  
**HORA INICIAL DOS FATOS:** 1970-01-01 11:23:00  
**LOCAL:** CUIABA/OSMAR CABRAL  
**NATUREZA DA OCORRÊNCIA:** OUTRAS FRAUDES  
**RELATO SUCINTO DOS ACONTECIMENTOS:** O autor recebeu, em 07/12/2024, um e-mail da Serasa informando sobre vazamento de dados no dark web.",0.0
1477,"Após assinar um plano de verificação, constatou que seus dados pessoais, incluindo nome, endereço, CPF, nome da mãe, senha e e-mail, estavam disponíveis em meios não autorizados.",0.0
1477,O autor busca registrar o boletim de ocorrência para formalizar o caso.,0.0
846,"**RELATÓRIO TÉCNICO RESUMIDO – BOLETIM DE OCORRÊNCIA**  
**DATA DOS FATOS:** 2025-02-11  
**HORA INICIAL DOS FATOS:** 1970-01-01 19:26:00  
**LOCAL:** CUIABA/CENTRO-SUL  
**NATUREZA DA OCORRÊNCIA:** ESTELIONATO  
**RELATO SUCINTO DOS ACONTECIMENTOS:**  
O autor relata que, por meio de um amigo, obteve contato com um suposto diretor de uma empresa da Unibank Brasil, sediada em Itajaí, Santa Catarina.",0.0
846,"O indivíduo foi oferecido um serviço de ""limpeza de nome"" por R$ 1.000,00, garantindo que o nome sairia de todos os órgãos de negativação (Serasa, SPC, Boa Vista) em 10 dias.",0.0
846,"Após realizar o pagamento via PIX em uma conta poupança do Banco Sicredi, recebeu um e-mail com um contrato de prestação de serviços assinado via DocuSign.",0.0
846,"A narrativa afirma que o serviço foi prestado, mas após o prazo acordado, o contato foi interrompido.",0.0
846,"O suposto diretor informou que estaria disponível após o recesso judiciário por causa do Carnaval, mas o autor, após quase 50 dias de espera, solicitou a devolução do valor.",0.0
846,"O último contato foi realizado em 26/03, onde o agente afirmou ter suspeitas, mas garantiu que seria possível realizar a devolução.",0.0
10476,"**RELATÓRIO TÉCNICO RESUMIDO – BOLETIM DE OCORRÊNCIA**  
**DATA DOS FATOS:** 2024-08-02  
**HORA INICIAL DOS FATOS:** 1970-01-01 14:00:00  
**LOCAL:** CUIABA/PREJUDICADO  
**NATUREZA DA OCORRÊNCIA:** ESTELIONATO  
**RELATO SUCINTO DOS ACONTECIMENTOS:** A vítima emprestou R$248.800,00, combinando devolução em 30 dias.",0.0
10476,"Após 90 dias, o devedor emitiu dois cheques, totalizando R$33.000,00.",0.0
10476,"Ao tentar descontar os cheques no banco, foram verificados como inválidos, motivos 11 e 12.",0.0
10476,"O emissor dos cheques é Lucimara Auxiliadora Mendes Silva, CPF 92142613187, vinculado ao Banco do Brasil.",0.0
6151,"**RELATÓRIO TÉCNICO RESUMIDO – BOLETIM DE OCORRÊNCIA**  
**DATA DOS FATOS:** 2024-08-11  
**HORA INICIAL DOS FATOS:** 1970-01-01 08:00:00  
**LOCAL:** CUIABA/NOVO TERCEIRO  
**NATUREZA DA OCORRÊNCIA:** INVASÃO DE DISPOSITIVO INFORMÁTICO  
**RELATO SUCINTO DOS ACONTECIMENTOS:** O comunicante relata que sua conta do Facebook foi hackeada, com suspeitos que trocaram informações de contato (email, número de telefone e dados da conta).",0.0
6151,"Os suspeitos estão utilizando a conta para realizar publicações, utilizando fotos falsas e promover esquemas piramidais fictícios com intuito de enganar amigos e familiares.",0.0
6151,"O comunicante informa que não conseguiu recuperar a conta e não sabe quem são os suspeitos, sendo necessário ações para investigar a invasão e prevenir danos adicionais.",0.0
8498,"**RELATÓRIO TÉCNICO RESUMIDO – BOLETIM DE OCORRÊNCIA**  
**DATA DOS FATOS:** 2024-09-12  
**HORA INICIAL DOS FATOS:** 1970-01-01 10:00:00  
**LOCAL:** CUIABA/RESID JAMIL BOUTROS NADAF  
**NATUREZA DA OCORRÊNCIA:** ESTELIONATO  
**RELATO SUCINTO DOS ACONTECIMENTOS:**  
O relator informa que entrou em contato com uma loja de artesanato, identificada como ""Loja Santa Arte Bom Jesus"", por meio do perfil de rede social Facebook.",0.0
8498,"Após contato com o telefone 12 996875333, foi realizado pedido de compra, sendo o pagamento efetuado via PIX em nome de CPF 360707 15861.",0.0
8498,"O valor foi enviado para um ""sócio"" da loja, que solicitou o envio do produto.",0.0
8498,"A loja informou um prazo de 20 dias para entrega, mas após o recebimento dos produtos, o cliente solicitou reembolso.",0.0
8498,"A loja deixou de responder mensagens, atender ligações e não cumpriu a solicitação, resultando em prejuízo.",0.0
9832,"**RELATÓRIO TÉCNICO RESUMIDO – BOLETIM DE OCORRÊNCIA**  
**DATA DOS FATOS:** 2025-02-18  
**HORA INICIAL DOS FATOS:** 1970-01-01 09:33:00  
**LOCAL:** CUIABA/GOIABEIRAS  
**NATUREZA DA OCORRÊNCIA:** ESTELIONATO  
**RELATO SUCINTO DOS ACONTECIMENTOS:** A vítima acessou o site da SEFAZ para efetuar o pagamento do IPVA de um veículo.",0.0
9832,"Após inserir os dados do automóvel, o site gerou uma guia de pagamento com valor de R$ 7.128, atribuindo a titularidade à empresa ""Pagamentos Cobranças Estadual SEFAZ Ltda"", CNPJ 59411404000110.",0.0
9832,A transação foi realizada com o ID e9e426b.,0.0
9832,"Posteriormente, ao consultar o site SEFAZMT, a vítima verificou que o débito havia sido quitado, mas constatou que o pagamento foi efetuado ao estado de Mato Grosso, não ao estado de Goiás, resultando em um possível erro ou fraude.",0.0
13501,"**RELATÓRIO TÉCNICO RESUMIDO – BOLETIM DE OCORRÊNCIA**  
**DATA DOS FATOS:** 2024-01-19  
**HORA INICIAL DOS FATOS:** 19:21  
**LOCAL:** CUIABA/DOM AQUINO  
**NATUREZA DA OCORRÊNCIA:** OUTRAS FRAUDES  
**RELATO SUCINTO DOS ACONTECIMENTOS:** O relator recebeu uma ligação via Instagram informando sobre uma promoção, sendo solicitado o código de acesso ao celular pessoal para participar.",0.0
13501,"Após um momento, conseguiu acesso a informações ou recursos, possivelmente comprometendo a segurança da conta.",0.0
8326,"**RELATÓRIO TÉCNICO RESUMIDO – BOLETIM DE OCORRÊNCIA**  
**DATA DOS FATOS:** 2024-04-11  
**HORA INICIAL DOS FATOS:** 00:00:00  
**LOCAL:** CUIABA/PREJUDICADO  
**NATUREZA DA OCORRÊNCIA:** OUTRAS FRAUDES  
**RELATO SUCINTO DOS ACONTECIMENTOS:** Ocorreu fraudes envolvendo compras realizadas em 11 e 12 de março de 2024, utilizando um cartão de crédito (marca: ouze visa, final 5905) por pessoas desconhecidas.",0.0
8326,"O suspeito acessou o cartão físico e declarou o valor total de 4 compras, totalizando R$ 3.400,00.",0.0
8326,"O relato foi feito de forma incompleta, com menção a ""nada relatou"" e ""relatar"".",0.0
1132,"**RELATÓRIO TÉCNICO RESUMIDO – BOLETIM DE OCORRÊNCIA**  
**DATA DOS FATOS:** 2024-11-12  
**HORA INICIAL DOS FATOS:** 1970-01-01 15:02:00  
**LOCAL:** CUIABA/JARDIM VITORIA  
**NATUREZA DA OCORRÊNCIA:** ESTELIONATO  
**RELATO SUCINTO DOS ACONTECIMENTOS:**  
Na tarde de terça-feira, 12, o comunicante foi abordado via WhatsApp por um contato que apresentava uma foto do filho, Kleber, solicitando a transferência de R$ 1.870,00 para pagamento.",0.0
1132,"O comunicante realizou o pagamento via PIX no valor de R$ 15,00, informando os dados de nome, agência 0001, conta 5 e CPF 251.633.000-00.",0.0
1132,"Posteriormente, ao verificar a situação, percebeu que havia sido vítima de golpe.",0.0
1132,"Imediatamente entrou em contato com o Banco do Brasil, abrindo um protocolo para relatar o caso.",0.0
1132,O filho informou que não havia realizado nenhuma transferência e que outro dispositivo estava acessando seu WhatsApp.,0.0
1132,O caso foi registrado sob o protocolo nº 9 d0a.,0.0
12904,"**RELATÓRIO TÉCNICO RESUMIDO – BOLETIM DE OCORRÊNCIA**  
**DATA DOS FATOS:** 2025-04-02  
**HORA INICIAL DOS FATOS:** 1970-01-01 20:31:00  
**LOCAL:** CUIABA/DUQUE DE CAXIAS  
**NATUREZA DA OCORRÊNCIA:** ESTELIONATO  
**RELATO SUCINTO DOS ACONTECIMENTOS:** Cidadão solicitou renovação de CNH, foi solicitado a pagar duas taxas (R$ 6.824,00 e R$ 12.731,00), realizou o pagamento via CNPJ 550919000120 (Cartos SCD SA).",0.0
12904,"Posteriormente, ao consultar o DETRAN, foi informado que o pagamento já havia sido registrado, mas ao tentar obter comprovação, constatou-se que não houve registro de boletim de ocorrência.",0.0
12904,A comunicação foi feita por meio da internet.,0.0
8654,"**RELATÓRIO TÉCNICO RESUMIDO – BOLETIM DE OCORRÊNCIA**  
**DATA DOS FATOS:** 2025-03-16  
**HORA INICIAL DOS FATOS:** 20:42  
**LOCAL:** CUIABA/ALVORADA  
**NATUREZA DA OCORRÊNCIA:** ESTELIONATO  
**RELATO SUCINTO DOS ACONTECIMENTOS:**  
A vítima navegava no Instagram quando encontrou propaganda de promoção de pizzas da pizzaria Dominos, com preço de R$ 49,90.",0.0
8654,"Após clicar no anúncio, informou dados pessoais (CPF, endereço) e efetuou pagamento via PIX (copia-colaplink).",0.0
8654,"O valor final incluía itens adicionais (borda doce) e cobrança de frete, o que gerou desconfiança, pois a promoção anunciava frete grátis.",0.0
8654,"A vítima tentou cancelar o pedido, mas a tela de cancelamento desapareceu.",0.0
8654,"Em seguida, contactou o banco Cora SCD, que orientou a elaboração de boletim de ocorrência e envio de e-mail para o endereço suasegurancacoracombr.",0.0
13628,"**RELATÓRIO TÉCNICO RESUMIDO – BOLETIM DE OCORRÊNCIA**  
**DATA DOS FATOS:** 2024-05-03  
**HORA INICIAL DOS FATOS:** 1970-01-01 10:30:00  
**LOCAL:** CUIABA/JARDIM IMPERIAL  
**NATUREZA DA OCORRÊNCIA:** ESTELIONATO  
**RELATO SUCINTO DOS ACONTECIMENTOS:** O comunicante informa que foi vítima de golpe, transferindo o valor de R$ 75.000,00 para a conta bancária de Breno, mediante uma transação solicitada durante o crime.",0.0
13628,A vítima relatou que o dinheiro foi transferido após a manipulação de informações fraudulentas.,0.0
14209,"**RELATÓRIO TÉCNICO RESUMIDO – BOLETIM DE OCORRÊNCIA**  
**DATA DOS FATOS:** 2024-01-15  
**HORA INICIAL DOS FATOS:** 1970-01-01 18:08:00  
**LOCAL:** CUIABA/JARDIM PETROPOLIS  
**NATUREZA DA OCORRÊNCIA:** ESTELIONATO  
**RELATO SUCINTO DOS ACONTECIMENTOS:** A vítima recebeu uma ligação de um número supostamente associado ao Banco do Brasil (número 00 591 23 55), informando que havia caído em um golpe.",0.0
14209,O suspeito solicitou que a vítima fosse a uma agência bancária por 40 minutos a 1 hora.,0.0
14209,"Posteriormente, o suspeito entrou novamente em contato, pedindo que a vítima inserisse seu cartão em um campo específico do DETRAN.",0.0
14209,"A vítima desconfiou do golpe, informando prejuízo financeiro de R$ 148.074,40 (conta corrente), R$ 7.000,00 (cartão de crédito) e R$ 350,00 (conta poupança).",0.0
14209,"Após o fato, a vítima conseguiu contato com os suspeitos.",0.0
1197,"**RELATÓRIO TÉCNICO RESUMIDO – BOLETIM DE OCORRÊNCIA**  
**DATA DOS FATOS:** 2024-05-16  
**HORA INICIAL DOS FATOS:** 1970-01-01 12:30:00  
**LOCAL:** CUIABA/JARDIM IMPERIAL  
**NATUREZA DA OCORRÊNCIA:** ESTELIONATO  
**RELATO SUCINTO DOS ACONTECIMENTOS:** O comunicante recebeu mensagem via WhatsApp de um golpista que falsamente informava sobre o filho e a instabilidade do sistema bancário, solicitando pagamento via PIX.",0.0
1197,"Realizou três transações, totalizando R$ 3.620,00 (R$ 3,00 e R$ 1.000,00), e reportou a ocorrência.",0.0
5105,"**RELATÓRIO TÉCNICO RESUMIDO – BOLETIM DE OCORRÊNCIA**  
**DATA DOS FATOS:** 2024-02-24  
**HORA INICIAL DOS FATOS:** 1970-01-01 12:00:00 (possível erro de registro, assumindo horário 12:00)  
**LOCAL:** CUIABA/DESPRAIADO  
**NATUREZA DA OCORRÊNCIA:** ESTELIONATO  
**RELATO SUCINTO DOS ACONTECIMENTOS:**  
A vítima relatou que estava tentando vender um sofá por meio do Facebook, após contato com uma amiga (Sueli Barcelos), que informou ter conhecimento de uma pessoa capaz de realizar o pagamento via PIX.",0.0
5105,"A vítima encaminhou o PIX para Kaue Kevin Hipólito (CPF: 52569943878, banco Bradesco SA).",0.0
5105,"Posteriormente, a pessoa que recebeu o pagamento solicitou o retorno do dinheiro, enviando 5 códigos para a vítima receber o valor.",0.0
5105,A vítima informou ter R$ 200 em conta e foi questionada sobre o saldo.,0.0
5105,"Após a comunicação, a pessoa apagou todas as mensagens trocadas e alterou a foto de perfil para uma conta do BNCC e Nubank, sem fornecer mais detalhes.",0.0
5105,Nenhum outro dado foi relatado.,0.0
2254,"**RELATÓRIO TÉCNICO RESUMIDO – BOLETIM DE OCORRÊNCIA**  
**DATA DOS FATOS:** 2024-11-18  
**HORA INICIAL DOS FATOS:** 1970-01-01 12:00:00 (informação inconsistente, sugerir verificação)  
**LOCAL:** CUIABA/PREJUDICADO  
**NATUREZA DA OCORRÊNCIA:** ESTELIONATO  
**RELATO SUCINTO DOS ACONTECIMENTOS:** Vítima relata ter extraviado documentos pessoais em ambiente público, lembrando onde os documentos estão desde a data citada.",0.0
2254,Recebeu mensagens de celular de pessoas utilizando os dados para cometer estelionato.,0.0
2254,A vítima realizou boletim de ocorrência para resguardar e relatar o caso.,0.0
2518,"**RELATÓRIO TÉCNICO RESUMIDO – BOLETIM DE OCORRÊNCIA**  
**DATA DOS FATOS:** 2025-04-03  
**HORA INICIAL DOS FATOS:** 1970-01-01 10:00:00  
**LOCAL:** CUIABA/PORTO  
**NATUREZA DA OCORRÊNCIA:** ESTELIONATO  
**RELATO SUCINTO DOS ACONTECIMENTOS:**  
O comunicante, senhor Joary Vitório Miranda, relata ter recebido mensagens via WhatsApp de um suposto advogado, que afirmava discutir um processo contra o INSS.",0.0
2518,"O contato falso informou que o processo estava julgado e que era possível solicitar recursos, além de mencionar um valor de causa após desconto de impostos (R$ 519.680,00).",0.0
2518,"O suposto advogado pressionou a vítima para pagar o valor integral, solicitando duas certidões (R$ 28,00) e exigindo transferência via PIX.",0.0
2518,"A vítima, após conversa prolongada, transferiu R$ 149.875,00 para uma conta registrada sob o CPF 373.",0.0
2518,"Posteriormente, o golpista continuou a pressionar, informando que uma pessoa tentava entrar em contato com a vítima e exigindo mais R$ 499.750,00.",0.0
2518,"Após perceber a situação estranha, a vítima solicitou reembolso, mas não obteve resposta.",0.0
2518,"O valor total transferido foi de R$ 540,00.",0.0
473,"**RELATÓRIO TÉCNICO RESUMIDO – BOLETIM DE OCORRÊNCIA**  
**DATA DOS FATOS:** 2024-08-17  
**HORA INICIAL DOS FATOS:** 1970-01-01 23:23:00  
**LOCAL:** CUIABA/PREJUDICADO  
**NATUREZA DA OCORRÊNCIA:** DANO  
**RELATO SUCINTO DOS ACONTECIMENTOS:** Ocorreu um dano envolvendo um veículo modelo Touro, que, ao dar ré, colidiu de forma bruta com outro veículo.",0.0
473,"A mulher, que estava na praça, foi envolvida no incidente e, após a colisão, saiu contra a mão (possivelmente contra o trânsito ou em direção oposta).",0.0
473,Nada foi declarado pela parte envolvida.,0.0
15013,"**RELATÓRIO TÉCNICO RESUMIDO – BOLETIM DE OCORRÊNCIA**  
**DATA DOS FATOS:** 2024-03-01  
**HORA INICIAL DOS FATOS:** 1970-01-01 12:00:00  
**LOCAL:** CUIABA/RES ALTOS DO PARQUE  
**NATUREZA DA OCORRÊNCIA:** OUTRAS FRAUDES  
**RELATO SUCINTO DOS ACONTECIMENTOS:** O comunicante relatou ter sido cobrado em março por empréstimos, com valores de R$10 e R$7, cujas parcelas foram descontadas repetidamente.",0.0
15013,"Após 12 meses de pagamento, o banco continua descontando valores referentes a parcelas, com um total combinado de R$165, mas cobrando valores não especificados.",0.0
15013,"O comunicante afirma que o limite do cartão de crédito foi cancelado em fevereiro, porém o banco Agibank cobrou R$1.754, mesmo com limite zerado.",0.0
15013,"Além disso, o comunicante desconhece a suposta dívida e relata que autorizou portabilidade de benefício e seguro de vida.",0.0
15013,"Em 23/09/2024, ao comparecer a uma agência do Agibank, funcionários alegaram uma dívida de R$3.300, mas o comunicante não relatou outras informações.",0.0
15322,"**RELATÓRIO TÉCNICO RESUMIDO – BOLETIM DE OCORRÊNCIA**  
**DATA DOS FATOS:** 2024-07-13  
**HORA INICIAL DOS FATOS:** 10:30  
**LOCAL:** CUIABA/CENTRO POLITICO ADMINISTRATIVO – TERMINAL RODOVIARIO  
**NATUREZA DA OCORRÊNCIA:** OUTRAS FRAUDES  
**RELATO SUCINTO DOS ACONTECIMENTOS:** Uma mulher foi abordada dentro do Terminal Rodoviário CPA, em Cuiabá.",0.0
15322,"O suspeito solicitou sua identidade, que foi apresentada.",0.0
15322,"O suspeito afirmou que a identidade não era válida, mencionando que a identidade com QR code era válida e que iria emitir uma nova.",0.0
15322,"Após a vítima assinar um papel semelhante a uma nota fiscal, ela percebeu que poderia ter sido vítima de fraude.",0.0
15322,"A versão registrada indica que ""nada foi declarado"" inicialmente.",0.0
13978,"**RELATÓRIO TÉCNICO RESUMIDO – BOLETIM DE OCORRÊNCIA**  
**DATA DOS FATOS:** 2024-07-23  
**HORA INICIAL DOS FATOS:** 1970-01-01 08:00:00  
**LOCAL:** CUIABA/PRIMEIRO DE MARCO  
**NATUREZA DA OCORRÊNCIA:** ESTELIONATO  
**RELATO SUCINTO DOS ACONTECIMENTOS:** O comunicante recebeu uma ligação de um suposto atendente do banco Inbursa, que alegava que ele possuía empréstimos no BMG e Banrisul e ofereceu a opção de portabilidade para reduzir as parcelas.",0.0
13978,"Após aceitar, o comunicante seguiu todos os passos solicitados, incluindo enviar uma fotografia do rosto, acessar um link via WhatsApp e assinar contratos.",0.0
13978,"Posteriormente, foi induzido a realizar transferências de R$ 2.400,00 via PIX no Nubank e acessar a conta do Itaú para compras no cartão de crédito.",0.0
13978,"Após perceber a fraude, o comunicante bloqueou as contas dos bancos envolvidos.",0.0
14295,"**RELATÓRIO TÉCNICO RESUMIDO – BOLETIM DE OCORRÊNCIA**  
**DATA DOS FATOS:** 2024-11-01  
**HORA INICIAL DOS FATOS:** 1970-01-01 12:30:00 (possível erro de registro, considerar como 12:30 do dia 01/11/2024)  
**LOCAL:** CUIABA/JARDIM MARIANA – EM BANCO  
**NATUREZA DA OCORRÊNCIA:** INVASÃO DE DISPOSITIVO INFORMÁTICO  
**RELATO SUCINTO DOS ACONTECIMENTOS:**  
O declarante relatou ter recebido uma ligação fraudulenta, supostamente de um funcionário do Banco Bradesco, solicitando a autorização para realizar uma transação via Pix com valor elevado.",0.0
14295,"Após verificar a situação com o gerente, constatou que seu cartão de crédito foi utilizado para duas compras fraudulentas no dia 29/10: uma na Pizzaria Sol, em Maringá/Paraná, no valor de R$ 422.173,00, e outra na mesma pizzaria com valor de R$ 953.664,00.",0.0
14295,"O declarante solicitou o bloqueio do cartão, a contestação dos valores debitados e a comunicação da fraude ao Banco Bradesco e à Visa 40 7052.",0.0
14295,"Durante a investigação, foi identificado que a Pizzaria Sol em Maringá/Paraná foi o local das transações fraudulentas, mas não foi possível localizar a responsabilidade civil ou criminal.",0.0
607,"**RELATÓRIO TÉCNICO RESUMIDO – BOLETIM DE OCORRÊNCIA**  
**DATA DOS FATOS:** 2024-10-06  
**HORA INICIAL DOS FATOS:** 11:00  
**LOCAL:** CUIABÁ/SOL NASCENTE  
**NATUREZA DA OCORRÊNCIA:** ESTELIONATO  
**RELATO SUCINTO DOS ACONTECIMENTOS:**  
O comunicante relatou que recebeu visita de Rosa, que procurava alugar uma kitnet em sua residência.",0.0
607,"Após a visita, o comunicante pagou adiantamento de R$ 10,00 integralmente.",0.0
607,"Posteriormente, foi convidado a participar de propostas de trabalho de empresas como Concremat Planova, onde foi indicado a outras pessoas, como Sr. Felipe, para oferecer vagas.",0.0
607,"Alegava-se que os candidatos deveriam realizar exames e enviar documentos, mas nunca foram atendidos, com desculpas de agendamento.",0.0
607,Um grupo WhatsApp foi criado para orientação e demandas.,0.0
607,"O comunicante indicou sua irmã, Sra.",0.0
607,"Ireni, que teria recebido R$ 7.500,00 emprestados e solicitado acompanhamento ao banco para pagar dívidas.",0.0
607,"Também mencionou a contratação de seu irmão, Sr. Idelson, para gerenciar carretas, mas nunca recebeu pagamento e não houve aquisição oficial de veículos.",0.0
607,"Em 06/10/2024, ocorreu um almoço com a família, onde foi solicitado auxílio para resolver um problema de venda indevida de casa, resultando em recebimento de R$ 500,00 de Sra.",0.0
607,"Ivanete, outra irmã.",0.0
607,"Houve tentativa de transferência de R$ 20,00 via celular, além de solicitações para levar o comunicante a Cuiabá para resolver questões com a polícia, envolvendo funcionários.",0.0
607,O comunicante também relatou que foi levado a uma rodoviária após impedido por Sra.,0.0
607,"Ireni, e que seu celular foi hackeado, com ligações cruzadas e vozes múltiplas.",0.0
607,"A polícia foi acionada por denúncias de tráfico de drogas, com o comunicante relatando que foi exposto a cigarro fedido, causando vômito.",0.0
607,Nenhum documento foi declarado.,0.0
6238,"**RELATÓRIO TÉCNICO RESUMIDO – BOLETIM DE OCORRÊNCIA**  
**DATA DOS FATOS:** 2024-10-07  
**HORA INICIAL DOS FATOS:** 10:00  
**LOCAL:** CUIABA/PARAÍSO  
**NATUREZA DA OCORRÊNCIA:** ESTELIONATO  
**RELATO SUCINTO DOS ACONTECIMENTOS:** A vítima informou ter visualizado uma venda de televisor em meio digital, entrando em contato com um suspeito por telefone.",0.0
6238,"O suspeito combinou a entrega do produto via correio, solicitando fotos da CNH, nome e número de rastreamento do Sedex.",0.0
6238,"A vítima acreditou em uma transação legítima e efetuou dois pagamentos: R$ 6,00 e R$ 66.500,00, com beneficiário no PicPay.",0.0
6238,"Posteriormente, percebeu que tratava-se de um golpe, tendo enviado uma mensagem a outro número suspeito, que ofereceu o produto.",0.0
6238,A vítima já havia registrado o boletim de ocorrência para relatar o caso.,0.0
6588,"**RELATÓRIO TÉCNICO RESUMIDO – BOLETIM DE OCORRÊNCIA**  
**DATA DOS FATOS:** 2024-05-23  
**HORA INICIAL DOS FATOS:** 1970-01-01 10:00:00  
**LOCAL:** CUIABA/CENTRO SUL  
**NATUREZA DA OCORRÊNCIA:** FALSA IDENTIDADE  
**RELATO SUCINTO DOS ACONTECIMENTOS:** O declarante relata que foi vítima de falsa identidade, tendo seu nome utilizado para obtenção de um cartão de crédito em um mercado atacadão.",0.0
6588,"Após entregar documentos originais e ser informado de que o cartão não foi aprovado, realizou compras, mas posteriormente recebeu cobranças via SMS por atraso.",0.0
6588,"O nome foi enviado para SPC e Serasa, resultando em dívida.",0.0
6588,O declarante afirma que não utilizou o cartão em estabelecimentos comerciais e que o cartão foi retirado por meliantes.,0.0
6588,"Após ações judiciais, foi condenado a pagar custas e honorários, alegando que o erro ocorreu na justiça, prejudicando sua situação.",0.0
6588,"Solicita reestabelecimento de direitos, com referência a artigos legais não especificados.",0.0
10013,"**RELATÓRIO TÉCNICO RESUMIDO – BOLETIM DE OCORRÊNCIA**  
**DATA DOS FATOS:** 2024-01-24  
**HORA INICIAL DOS FATOS:** 18:45:00  
**LOCAL:** CUIABA/SANTA AMALIA  
**NATUREZA DA OCORRÊNCIA:** ESTELIONATO  
**RELATO SUCINTO DOS ACONTECIMENTOS:** O comunicante foi contactado por um funcionário da Casas Bahia solicitando confirmação de compra.",0.0
10013,"Após desligar a ligação, o comunicante ligou para o número do cartão Nubank e observou atividades suspeitas, gerando um protocolo.",0.0
10013,"O banco identificou a fraude na conta do comunicante, concedendo prazo de 11 dias úteis para análise interna e eventual ressarcimento dos valores envolvidos.",0.0
7550,"**RELATÓRIO TÉCNICO RESUMIDO – BOLETIM DE OCORRÊNCIA**  
**DATA DOS FATOS:** 2024-02-06  
**HORA INICIAL DOS FATOS:** 1970-01-01 14:50:00 (possível erro de registro)  
**LOCAL:** CUIABA/CENTRO POLITICO ADMINISTRATIVO  
**NATUREZA DA OCORRÊNCIA:** ESTELIONATO  
**RELATO SUCINTO DOS ACONTECIMENTOS:** A vítima acreditou em um golpe no Facebook, onde uma publicação falsa informava sobre a queima de estoque, com perfil associado ao nome ""Leal Móveis"".",0.0
7550,"Após contato com o suposto vendedor, a vítima fechou negócio, pagou R$ 300,00 via PIX ao banco Arkipago Ltda, com intenção de entregar e montar um sofá.",0.0
7550,"Após a montagem, foi descoberto que o entregador, Marcos, era proprietário da loja e que a vítima havia sido vítima de estelionato, perdendo o valor já pago.",0.0
9767,"**RELATÓRIO TÉCNICO RESUMIDO – BOLETIM DE OCORRÊNCIA**  
**DATA DOS FATOS:** 2024-12-11  
**HORA INICIAL DOS FATOS:** 19:30  
**LOCAL:** CUIABA/PREJUDICADO  
**NATUREZA DA OCORRÊNCIA:** OUTRAS FRAUDES  
**RELATO SUCINTO DOS ACONTECIMENTOS:** Ocorreu tentativa de fraude via WhatsApp clonado, onde terceiros utilizaram a conta falsificada para solicitar pagamentos via PIX, com alegação de emissão de boletim.",0.0
9767,O relato foi registrado como ocorrência de fraudes.,0.0
6780,"**RELATÓRIO TÉCNICO RESUMIDO – BOLETIM DE OCORRÊNCIA**  
**DATA DOS FATOS:** 2025-02-17  
**HORA INICIAL DOS FATOS:** 10:00  
**LOCAL:** CUIABA/DOUTOR FABIO LEITE  
**NATUREZA DA OCORRÊNCIA:** ESTELIONATO  
**RELATO SUCINTO DOS ACONTECIMENTOS:**  
No dia 17/02/2025, às 10h, a vítima recebeu contato de uma pessoa identificada como advogada, que afirmou ter ganhado uma ação contra o DETRAN e solicitou dados bancários (agência, conta) para liberação de dinheiro.",0.0
6780,A vítima forneceu as informações após acreditar na legitimidade do comunicado.,0.0
6780,"Posteriormente, uma pessoa identificada como ""Wallace Nunes"", supostamente auditor fiscal da Receita Federal, contactou a vítima, solicitando pagamento de uma ""dívida"" com CPF e informações de pagamento via PIX.",0.0
6780,"A vítima, junto com sua irmã e cliente Dr. Hélen, foi vítima de um golpe, pois a suposta advogada utilizava foto e número falsos para enganar.",0.0
6780,"Após o pagamento, foi apresentado um código PIX (703468) e um comprovante anexado, seguido da divulgação de uma conta referente a impostos (255580) com proposta de parcelamento.",0.0
6780,A vítima acredita na impunidade do crime.,0.0
9312,"**RELATÓRIO TÉCNICO RESUMIDO – BOLETIM DE OCORRÊNCIA**  
**DATA DOS FATOS:** 2024-09-10  
**HORA INICIAL DOS FATOS:** 1970-01-01 13:00:00  
**LOCAL:** CUIABA/PORTO  
**NATUREZA DA OCORRÊNCIA:** ESTELIONATO  
**RELATO SUCINTO DOS ACONTECIMENTOS:** O relator informou ter contato com vendedor via internet, que prometeu produtos importados, garantias e envio de documentos, afirmando ser uma loja legítima e mencionando a Polícia Federal.",0.0
9312,"Após pagamento, o vendedor bloqueou redes sociais, solicitou comprovante de pagamento e envio de documentos, alegando mandado.",0.0
9312,"O relator afirma ter realizado o pagamento e encaminhado a nota fiscal, mas o atendimento foi encerrado sem resolução.",0.0
7985,"**RELATÓRIO TÉCNICO RESUMIDO – BOLETIM DE OCORRÊNCIA**  
**DATA DOS FATOS:** 2024-11-09  
**HORA INICIAL DOS FATOS:** 10:00:00  
**LOCAL:** CUIABA/SANTA LAURA  
**NATUREZA DA OCORRÊNCIA:** ESTELIONATO  
**RELATO SUCINTO DOS ACONTECIMENTOS:** No dia 09/11/2024, o autor da ocorrência abriu sua conta no Instagram e não conseguiu entrar.",0.0
7985,"Posteriormente, amigos começaram a enviar prints de posts, incluindo alacancagem de dinheiro.",0.0
7985,"Em seguida, uma pessoa chamada ""rackeado"" começou a postar stories, fotos e vídeos da esposa do autor, além de ameaçar compartilhar conversas privadas e mostrar a esposa.",0.0
7985,"Até o momento, continuam sendo publicadas fotos da esposa com o objetivo de arrancar dinheiro de pessoas.",0.0
1209,"**RELATÓRIO TÉCNICO RESUMIDO – BOLETIM DE OCORRÊNCIA**  
**DATA DOS FATOS:** 2024-11-29  
**HORA INICIAL DOS FATOS:** 1970-01-01 11:15:00  
**LOCAL:** CUIABA/RESIDENCIAL COXIPO  
**NATUREZA DA OCORRÊNCIA:** ESTELIONATO  
**RELATO SUCINTO DOS ACONTECIMENTOS:** A vítima recebeu ligação via WhatsApp de um suspeito que fingiu ser gerente do Banco Bradesco.",0.0
1209,"O comunicante informou que estava realizando uma compra de valor R$ 000 e solicitou a desistência, exigindo dados pessoais da vítima.",0.0
1209,"Após a vítima suspeitar de golpe, encerrou a ligação.",0.0
1209,"O funcionário informou que o suspeito utilizava o nome 1821092, sendo registrado como boletim de ocorrência.",0.0
3791,"**RELATÓRIO TÉCNICO RESUMIDO – BOLETIM DE OCORRÊNCIA**  
**DATA DOS FATOS:** 2024-10-25  
**HORA INICIAL DOS FATOS:** 09:00:00  
**LOCAL:** CUIABA/JARDIM PASSAREDO  
**NATUREZA DA OCORRÊNCIA:** OUTRAS FRAUDES  
**RELATO SUCINTO DOS ACONTECIMENTOS:** A vítima, Franciele Silvério Souza, CPF 0606439, relatou que, no dia 25/10/2024, percebeu uma suspeita de fraude após enviar um valor via PIX.",0.0
3791,"Uma tela de CPF apareceu, e a vítima denunciou a situação ao banco.",0.0
3791,"Ao verificar, constatou que não havia movimentações, mas percebeu notificações de uma conta virtual ""Next"" sendo usada.",0.0
3791,"A conta do aplicativo celular foi hackeada, com a senha alterada.",0.0
3791,"A vítima recuperou o acesso e identificou que o golpe foi aplicado por Pamela Keise Figueiredo, CPF 073852109.",0.0
3791,"A vítima é uma pessoa com carteira assinada, trabalhando como administrativo em uma empresa.",0.0
6393,"**RELATÓRIO TÉCNICO RESUMIDO – BOLETIM DE OCORRÊNCIA**  
**DATA DOS FATOS:** 2024-05-20  
**HORA INICIAL DOS FATOS:** 16:10 (anomalia na data registrada como 1970-01-01)  
**LOCAL:** CUIABA/CENTRO NORTE  
**NATUREZA DA OCORRÊNCIA:** INVASÃO DE DISPOSITIVO INFORMÁTICO  
**RELATO SUCINTO DOS ACONTECIMENTOS:** A vítima relatou que perfis de Instagram e Facebook foram adentrados por terceiros, que passaram propostas fraudulentas de investimento em Bitcoin.",0.0
6393,"A informação sobre a invasão foi divulgada por terceiros, indicando que o dispositivo eletrônico foi comprometido.",0.0
64,"**RELATÓRIO TÉCNICO RESUMIDO – BOLETIM DE OCORRÊNCIA**  
**DATA DOS FATOS:** 2024-11-20  
**HORA INICIAL DOS FATOS:** 2024-11-20 18:14:00  
**LOCAL:** CUIABA/CANJICA  
**NATUREZA DA OCORRÊNCIA:** ESTELIONATO  
**RELATO SUCINTO DOS ACONTECIMENTOS:** Comunicante denuncia que vítima foi vítima de estelionato.",0.0
64,"Um homem entrou em contato com a vítima, fingindo ser seu irmão, e solicitou dinheiro.",0.0
64,"Durante a conversa, apresentou fotos do mesmo perfil do irmão.",0.0
64,"O estelionatário utilizou conta bancária do Santander, realizando transferências via PIX no valor de R$6,00 e R$65.500,00, utilizando a conta de nome Divino Tristão Godois.",0.0
64,"A vítima foi cobrada para pagar ao irmão, mas o comunicante desconfiou e descobriu a fraudulência no dia 21/11/2024.",0.0
13384,"**RELATÓRIO TÉCNICO RESUMIDO – BOLETIM DE OCORRÊNCIA**  
**DATA DOS FATOS:** 2024-11-18  
**HORA INICIAL DOS FATOS:** 08:30:00  
**LOCAL:** Cuiabá/Jardim das Américas  
**NATUREZA DA OCORRÊNCIA:** FALSA IDENTIDADE  
**RELATO SUCINTO DOS ACONTECIMENTOS:** O comunicante relatou que seu perfil do Instagram foi hackeado no dia 18/11/2024, resultando em publicações falsas solicitando doação de móveis e eletrodomésticos.",0.0
13384,"O perfil postou informações falsas sobre a necessidade de pagamento de frete, incluindo o número ""2"" e a referência ""d0a"".",0.0
13384,"O incidente ocorreu via internet, com o uso de uma conta comprometida para fins de fraudes.",0.0
13725,"**RELATÓRIO TÉCNICO RESUMIDO – BOLETIM DE OCORRÊNCIA**  
**DATA DOS FATOS:** 2024-01-25  
**HORA INICIAL DOS FATOS:** 2024-01-25 10:30:00  
**LOCAL:** CUIABA/CENTRO SUL – A BANCO  
**NATUREZA DA OCORRÊNCIA:** ESTELIONATO  
**RELATO SUCINTO DOS ACONTECIMENTOS:**  
O comunicante, pensionista da Escola Técnica Federal, relatou que, em 25 de janeiro de 2024, verificou seu holerite e constatou a existência de um empréstimo realizado ao Banco Pan, com nome próprio.",0.0
13725,"Alega não ter aberto conta nesse banco, nem realizado qualquer empréstimo, e afirma ter sido vítima de estelionato e falsificações.",0.0
13725,"Ressalta que não assinou documentos, não perdeu documentos e tentou visualizar a situação, mas não encontrou evidências de autorização ou assinatura.",0.0
13725,O caso foi registrado como possível fraude.,0.0
10203,"**RELATÓRIO TÉCNICO RESUMIDO – BOLETIM DE OCORRÊNCIA**  
**DATA DOS FATOS:** 2024-08-22  
**HORA INICIAL DOS FATOS:** 08:30:00  
**LOCAL:** CUIABA/ARAES  
**NATUREZA DA OCORRÊNCIA:** ESTELIONATO  
**RELATO SUCINTO DOS ACONTECIMENTOS:** A vítima recebeu mensagem via WhatsApp informando que uma suposta inquilina precisava pagar uma conta.",0.0
10203,"Após verificar o valor solicitado no aplicativo do banco, a vítima realizou transferência via PIX no valor de R$ 530,00 para conta com CNPJ 56895148/0196, indicada como ""pag seguro"".",0.0
10203,"Posteriormente, a suposta inquilina solicitou novamente R$ 400,00, sendo realizado novo pagamento para a mesma conta.",0.0
10203,As medidas cabíveis foram tomadas após a transferência.,0.0
12910,"**RELATÓRIO TÉCNICO RESUMIDO – BOLETIM DE OCORRÊNCIA**  
**DATA DOS FATOS:** 2024-12-09  
**HORA INICIAL DOS FATOS:** 1970-01-01 13:10:00  
**LOCAL:** CUIABA/PREJUDICADO  
**NATUREZA DA OCORRÊNCIA:** OUTRAS FRAUDES  
**RELATO SUCINTO DOS ACONTECIMENTOS:** A vítima, Flavia, recebeu uma mensagem via internet de uma pessoa identificada como Taisa Vasconcelos, supostamente secretária de um escritório.",0.0
12910,A mensagem informava que o pai da vítima (comunicante) havia ganho um processo contra a Caixa Econômica Federal e solicitava que Flavia entrasse em contato com uma médica.,0.0
12910,"Posteriormente, o comunicante afirmou que havia um pequeno impedimento relacionado a certidões negativas da Receita Federal, exigindo a confecção de documentos.",0.0
12910,"Durante as interações, foi informado que o aplicativo WhatsApp havia sido clonado, e outros clientes haviam recebido mensagens similares.",0.0
12910,"A vítima não relatou prejuízo, mas mencionou um erro na transferência, alegando que o comunicante realizou a operação.",0.0
9269,"**RELATÓRIO TÉCNICO RESUMIDO – BOLETIM DE OCORRÊNCIA**  
**DATA DOS FATOS:** 2024-01-19  
**HORA INICIAL DOS FATOS:** 12:23:00  
**LOCAL:** CUIABA/ALVORADA  
**NATUREZA DA OCORRÊNCIA:** ESTELIONATO  
**RELATO SUCINTO DOS ACONTECIMENTOS:** O autor relatou que, no dia 19 de janeiro, adquiriu um robô LED via site ""http://fabricaderobosdeled.com.br"" por meio de WhatsApp, utilizando PIX dividido em duas parcelas (R$ 1.900,00 e R$ 2.200,00).",0.0
9269,"O suposto empresário prometia enviar o produto, mas após a segunda parcela, deixou de atender o WhatsApp.",0.0
9269,"O autor observa que o vendedor atende ao telefone, mas não responde ao WhatsApp, além de ter sido informado sobre possíveis golpes contra outras pessoas.",0.0
1497,"**RELATÓRIO TÉCNICO RESUMIDO – BOLETIM DE OCORRÊNCIA**  
**DATA DOS FATOS:** 2024-05-13  
**HORA INICIAL DOS FATOS:** 1970-01-01 09:30:00  
**LOCAL:** CUIABA/RIBEIRÃO DO LIPA  
**NATUREZA DA OCORRÊNCIA:** OUTRAS FRAUDES  
**RELATO SUCINTO DOS ACONTECIMENTOS:** O relator informa que recebeu uma ligação de um número celular iniciando com 55 65 9950169, que se passava por uma pessoa abordando usuários nas redes sociais.",0.0
1497,"O contato utilizava fotos de perfil para enganar os destinatários, realizando ligações sem que o chamador fosse conhecido pelo receptor.",0.0
1497,"O caso ocorreu via internet, com o local indicado como Cuiabá/Ribeirão do Lira.",0.0
9744,"**RELATÓRIO TÉCNICO RESUMIDO – BOLETIM DE OCORRÊNCIA**  
**DATA DOS FATOS:** 2024-01-08  
**HORA INICIAL DOS FATOS:** 1970-01-01 11:00:00  
**LOCAL:** CUIABA/SAO TOME II  
**NATUREZA DA OCORRÊNCIA:** ESTELIONATO  
**RELATO SUCINTO DOS ACONTECIMENTOS:**  
O comunicante recebeu uma ligação de pessoa identificada como atendente do Banco do Brasil, alertando sobre três PIX agendados com valores de R$890, R$50100 e R$50, supostamente relacionados a uma compra de aparelho iPhone.",0.0
9744,"O comunicante, assustado, negou a compra e seguiu orientações para cancelar os procedimentos bancários.",0.0
9744,"Após receber links para continuar as instruções, percebeu que se tratava de um estelionato e alertou a central do Banco do Brasil, resultando no bloqueio do aplicativo e das senhas.",0.0
1538,"**RELATÓRIO TÉCNICO RESUMIDO – BOLETIM DE OCORRÊNCIA**  
**DATA DOS FATOS:** 2024-11-17  
**HORA INICIAL DOS FATOS:** 1970-01-01 09:59:00  
**LOCAL:** CUIABA/JARDIM IMPERIAL  
**NATUREZA DA OCORRÊNCIA:** ESTELIONATO  
**RELATO SUCINTO DOS ACONTECIMENTOS:** A vítima recebeu mensagem via SMS informando sobre uma ""nova mensagem sobre CNH"" e foi direcionada a um site suspeito (ww1cnhonlinetax47e2d9).",0.0
1538,"O site, que parecia ser oficial (govcom), solicitou senha e autorização para uso de dados.",0.0
1538,"Após perceber o golpe, a vítima alterou a senha do serviço govcom.",0.0
11387,"**RELATÓRIO TÉCNICO RESUMIDO – BOLETIM DE OCORRÊNCIA**  
**DATA DOS FATOS:** 2024-08-21  
**HORA INICIAL DOS FATOS:** 1970-01-01 04:26:00  
**LOCAL:** CUIABA/PREJUDICADO  
**NATUREZA DA OCORRÊNCIA:** ESTELIONATO  
**RELATO SUCINTO DOS ACONTECIMENTOS:** A vítima relatou que criminosos, por meio de fraude, realizaram o saque de R$ 17.820,00 do programa Bolsa Família, informando que o valor foi creditado na conta da senhora Claudia Aparecida Santos Cruz Reis, CPF 55375008077.",0.0
11387,"O crime ocorreu via internet, com registro da ocorrência e providências iniciadas.",0.0
9516,"**RELATÓRIO TÉCNICO RESUMIDO – BOLETIM DE OCORRÊNCIA**  
**DATA DOS FATOS:** 2024-05-08  
**HORA INICIAL DOS FATOS:** 08:15  
**LOCAL:** CUIABA/QUILOMBO  
**NATUREZA DA OCORRÊNCIA:** ESTELIONATO  
**RELATO SUCINTO DOS ACONTECIMENTOS:**  
O relator informa ter realizado empréstimo com a empresa ""BlTree Soluções Tecnológicas"" (código 197058 136), pagando mensalmente parcelas com juros via PIX para o e-mail ""ricalepaulagmailcom"".",0.0
9516,"Em outubro, após contato com o dono da empresa, Rodrigo Kimura, foi realizado pagamento de R$1 em mãos com testemunha, reduzindo os juros.",0.0
9516,O empréstimo foi finalizado em 28/10/2024 via PIX.,0.0
9516,"Posteriormente, o nome foi protestado, gerando contato com Rodrigo, que informou ter gasto o dinheiro em cirurgia e exigiu R$1.000.",0.0
9516,"Após conversas, Rodrigo negou ter recebido os pagamentos, reconhecendo o roubo e o protesto do nome.",0.0
9516,O protocolo da ocorrência é 7.,0.0
2034,"**RELATÓRIO TÉCNICO RESUMIDO – BOLETIM DE OCORRÊNCIA**  
**DATA DOS FATOS:** 2024-03-26  
**HORA INICIAL DOS FATOS:** 10:30  
**LOCAL:** CUIABA/CARUMBE  
**NATUREZA DA OCORRÊNCIA:** ESTELIONATO  
**RELATO SUCINTO DOS ACONTECIMENTOS:** O comunicante relatou ter realizado transferências bancárias via PIX, reconhecidas por ele, no valor total de R$ 1.660,00, destinadas à empresa ""Correspondente Financeira Ltda"", CNPJ 184904 04 94816.",0.0
2034,"A operação foi realizada em via pública, em local de fácil acesso ao público, com a suposta finalidade de enganar o comunicante mediante falsa representação.",0.0
3376,"**RELATÓRIO TÉCNICO RESUMIDO – BOLETIM DE OCORRÊNCIA**  
**DATA DOS FATOS:** 2025-03-07  
**HORA INICIAL DOS FATOS:** 1970-01-01 10:00:00  
**LOCAL:** CUIABA/CENTRO POLITICO ADMINISTRATIVO  
**NATUREZA DA OCORRÊNCIA:** ESTELIONATO  
**RELATO SUCINTO DOS ACONTECIMENTOS:** O comunicante recebeu mensagem de colega de trabalho informando que o celular havia sido clonado e que o código 01 seria enviado.",0.0
3376,"Após a comunicação, o comunicante percebeu que o colega estava envolvido em um golpe, pois recebeu pedido de ajuda financeira.",0.0
3376,"O golpe foi realizado usando o nome e CPF 54352859842 de quatro pessoas, com o objetivo de fraudar o comunicante.",0.0
3376,O comunicante relata que foi vítima de estelionato após a divulgação do código e a solicitação de transferência.,0.0
815,"**RELATÓRIO TÉCNICO RESUMIDO – BOLETIM DE OCORRÊNCIA**  
**DATA DOS FATOS:** 2024-02-19  
**HORA INICIAL DOS FATOS:** 1970-01-01 14:00:00  
**LOCAL:** CUIABA/PREJUDICADO  
**NATUREZA DA OCORRÊNCIA:** FURTO  
**RELATO SUCINTO DOS ACONTECIMENTOS:** A vítima informou que, no dia 1724 (possivelmente erro de digitação, considerando a data da ocorrência como 2024-02-19), verificou que sua conta havia sido hackeada, resultando em transferência de R$ 400,00 da poupança via PIX para a empresa ""Sqalapay Pagamentos Ltda"", CNPJ 496184 14 2.",0.0
815,"Adicionalmente, foram realizados dois pagamentos de boletos, totalizando R$ 400,00, sendo um para ""Stripe Brasil Soluções Pagamento"", CNPJ 22121209 0146.",0.0
815,"A vítima não consentiu com os pagamentos e informa que o valor total transferido foi de R$ 800,00.",0.0
815,Nenhuma declaração foi feita pela vítima.,0.0
13534,"**RELATÓRIO TÉCNICO RESUMIDO – BOLETIM DE OCORRÊNCIA**  
**DATA DOS FATOS:** 2025-01-23  
**HORA INICIAL DOS FATOS:** 1970-01-01 10:00:00  
**LOCAL:** CUIABA/PARQUE GEORGIA  
**NATUREZA DA OCORRÊNCIA:** ESTELIONATO  
**RELATO SUCINTO DOS ACONTECIMENTOS:** A vítima recebeu notificação de protestos referente a um valor de R$ 356.450, vinculado a um ofício do 1º Tabelionato de Protestos, via aplicativo bancário.",0.0
13534,"Após verificar o valor atualizado, procurou o gerente bancário, que explicou que o recebimento de notificações é comum.",0.0
13534,"A vítima, suspeitando de irregularidade, procurou o cartório de protestos e descobriu que o protesto originava-se de um CNPJ aberto em seu nome.",0.0
13534,"A irmã, residente no estado, verificou que o protesto referia-se a R$ 293.144, datado em 09/01/2025, vinculado a uma conta MEI.",0.0
13534,"A vítima alega que as cobranças são indevidas, já que não possui empresa, nem reside na cidade há anos.",0.0
13534,"Afirmou que o nome pode ter sido clonado, causando prejuízos e fraudes, e que o nome está registrado perante autoridades.",0.0
1597,"**RELATÓRIO TÉCNICO RESUMIDO – BOLETIM DE OCORRÊNCIA**  
**DATA DOS FATOS:** 2024-06-10  
**HORA INICIAL DOS FATOS:** 08:00  
**LOCAL:** CUIABA/CARUMBE  
**NATUREZA DA OCORRÊNCIA:** OUTRAS FRAUDES  
**RELATO SUCINTO DOS ACONTECIMENTOS:**  
A vítima, Rosangela Soares, relatou que seu esposo, impossibilitado de realizar transações bancárias devido a questões judiciais, constatou movimentações indevidas em sua conta bancária, realizadas via internet em outros estados, por um suspeito identificado.",0.0
1597,"O comunicante repassou o caso ao gerente do Banco do Brasil, inclusive pessoalmente duas vezes, informando sobre valores referentes a compras realizadas em junho, totalizando aproximadamente R$242.567, que foram extornados.",0.0
1597,Faturas com valor de R$389.988 serão cobradas no próximo mês.,0.0
1597,"A vítima também relatou orientação para registro de boletim policial e dificuldades para resolver o caso, pois não conseguiu acesso a meios de comunicação eletrônico, celular ou computador.",0.0
1597,"O cartão Ourocard Visa final 7243, cedido como emergência, foi utilizado para compras, mas a vítima nunca passou R$500, sendo surpresa com transações repetitivas em estabelecimentos específicos.",0.0
1597,"O prejuízo estimado foi de R$841.938, superior ao histórico de uso do cartão.",0.0
1597,"A vítima também mencionou que aplicativos como Spotify e Netflix exigiram dados cadastrais, possivelmente auxiliando na investigação.",0.0
1597,"Possui procuração para representar o esposo e tentou contato com o banco por diversas vias, mas enfrentou dificuldades.",0.0
1597,"Informou que a contestação de transações foi negada e que a recuperação ocorrerá na próxima fatura, desconhecendo a autoria das transações, acreditando que o esposo não as realizou.",0.0
13070,"**RELATÓRIO TÉCNICO RESUMIDO – BOLETIM DE OCORRÊNCIA**  
**DATA DOS FATOS:** 2025-02-15  
**HORA INICIAL DOS FATOS:** 1970-01-01 12:00:00 (informação inconsistente, não disponível)  
**LOCAL:** CUIABA/PRÉDIO DE FALTA (CUIABA/PREJUDICADO)  
**NATUREZA DA OCORRÊNCIA:** ESTELIONATO  
**RELATO SUCINTO DOS ACONTECIMENTOS:**  
A vítima recebeu uma mensagem de um suposto advogado, informando que havia vencido um processo judicial e poderia receber R$ 20.000,00.",0.0
13070,"O suposto advogado, identificado pelo número 99632, contactou a vítima, afirmando que o juiz entraria em contato para finalizar o trâmite e que era necessário enviar dinheiro via PIX.",0.0
13070,"Foi enviado um link para uma chamada de vídeo, onde estavam presentes quatro pessoas, todas com câmeras desligadas, exceto a vítima, que expôs seu rosto.",0.0
13070,"Durante a chamada, foi instruída a enviar o dinheiro, mas a vítima resolveu ligar para o número correto do advogado.",0.0
13070,"Enquanto isso, os suspeitos desligaram a chamada.",0.0
13070,A vítima não relatou outros detalhes e não realizou a transação.,0.0
8939,"**RELATÓRIO TÉCNICO RESUMIDO – BOLETIM DE OCORRÊNCIA**  
**DATA DOS FATOS:** 2024-07-25 13:12:00.000  
**HORA INICIAL DOS FATOS:** 1970-01-01 13:12:00  
**LOCAL:** CUIABA/TIJUCAL  
**NATUREZA DA OCORRÊNCIA:** OUTRAS FRAUDES  
**RELATO SUCINTO DOS ACONTECIMENTOS:** A vítima, que possui uma conta no Instagram (nome: eudirleiavet), relatou que recebeu uma ligação de pessoa que afirmava vender eletrodomésticos.",0.0
8939,"O suspeito tentou acessar sua conta, mas foi impedido.",0.0
8939,"Posteriormente, o email da conta foi alterado.",0.0
8939,"A ocorrência foi confeccionada, envolvendo responsabilidade civil e criminal.",0.0
8939,O local do crime foi registrado como Internet.,0.0
15434,"**RELATÓRIO TÉCNICO RESUMIDO – BOLETIM DE OCORRÊNCIA**  
**DATA DOS FATOS:** 2024-06-08  
**HORA INICIAL DOS FATOS:** 21:00  
**LOCAL:** CUIABA/RESIDENCIAL COXIPO  
**NATUREZA DA OCORRÊNCIA:** ESTELIONATO  
**RELATO SUCINTO DOS ACONTECIMENTOS:**  
A vítima foi vítima de golpe falso de aluguel, após ter depositado valores em conta de indivíduo que oferecia imóvel para alugar na região de Tijucal, em Cuiabá.",0.0
15434,"A comunicação ocorreu por meio de contato na internet, onde a vítima e a esposa mantiveram conversas com a pessoa suspeita.",0.0
15434,"Após a esposa tentar realizar depósito suspeito, o suspeito solicitou pagamento via PIX, informando que constatou o golpe após o depósito de R$500,00.",0.0
15434,O suspeito parou de responder mensagens após o depósito.,0.0
15434,"A vítima denunciou o caso ao banco, realizou pesquisas online e descobriu que o receptor dos valores, Denner, está vinculado a empresa de segurança em Chapada Guimarães.",0.0
3509,"**RELATÓRIO TÉCNICO RESUMIDO – BOLETIM DE OCORRÊNCIA**  
**DATA DOS FATOS:** 2024-08-07  
**HORA INICIAL DOS FATOS:** 11:58:00  
**LOCAL:** CUIABA/JARDIM ACLIMACAO  
**NATUREZA DA OCORRÊNCIA:** ESTELIONATO  
**RELATO SUCINTO DOS ACONTECIMENTOS**: O autor recebeu uma ligação de pessoa identificada como ""T 13 Amazon Internacional"", que informou a necessidade de pagamento de taxa alfandegária de R$ 8.985,00 via PIX.",0.0
3509,"Após envio de SMS confirmando a cobrança, o autor realizou o pagamento através da plataforma Payspectra Gateway, financeira Ltda (CNPJ: 60164300193), com nome de beneficiário ""Castrillon Costa Marques"" (CPF: C7DAE1D1154A47D9).",0.0
3509,A operação foi identificada como golpe.,0.0
11523,"**RELATÓRIO TÉCNICO RESUMIDO – BOLETIM DE OCORRÊNCIA**  
**DATA DOS FATOS:** 2024-06-05  
**HORA INICIAL DOS FATOS:** 10:03  
**LOCAL:** CUIABA/CARUMBE  
**NATUREZA DA OCORRÊNCIA:** OUTRAS FRAUDES  
**RELATO SUCINTO DOS ACONTECIMENTOS:** A vítima informa ter recebido mensagens por e-mail pessoal, indicando que abriu uma conta no Banco Santander.",0.0
11523,"A pessoa acredita que os dados pessoais foram utilizados de forma criminosa para a abertura da conta, com agência 3483 e conta 01080006.",0.0
11523,"O comunicante recebeu e-mail de confirmação mencionando cadastro de biometria, mas não realizou o cadastro.",0.0
11523,A ocorrência envolve tentativa de fraude mediante uso de dados pessoais e comunicação criminosa.,0.0
2690,"**RELATÓRIO TÉCNICO RESUMIDO – BOLETIM DE OCORRÊNCIA**  
**DATA DOS FATOS:** 2025-04-01  
**HORA INICIAL DOS FATOS:** 1970-01-01 10:00:00  
**LOCAL:** CUIABA/JARDIM EUROPA  
**NATUREZA DA OCORRÊNCIA:** ESTELIONATO  
**RELATO SUCINTO DOS ACONTECIMENTOS:** A vítima informa que, no dia 1º de abril de 2025, consultou seu CPF no site ""jusfycom"" e descobriu estar sendo processada em um caso civil na 2ª Vara Cível da Comarca de Itaboraí, RJ.",0.0
2690,"O processo alega que a vítima supostamente vendeu um caminhão no site OLX.com por R$ 50.000,00.",0.0
2690,"A vítima afirma nunca ter entrado em contato com o suspeito, desconhecer vendas de veículos de tal porte e ter realizado um depósito de R$ 50.000,00 sob o nome de ""Lucas"", configurando um possível esquema de fraude.",0.0
9283,"**RELATÓRIO TÉCNICO RESUMIDO – BOLETIM DE OCORRÊNCIA**  
**DATA DOS FATOS:** 2024-03-19  
**HORA INICIAL DOS FATOS:** 1970-01-01 12:00:00  
**LOCAL:** CUIABA/CENTRO NORTE  
**NATUREZA DA OCORRÊNCIA:** ESTELIONATO  
**RELATO SUCINTO DOS ACONTECIMENTOS:** O relato indica que o autor, Ayres (CPF 35809262848), solicitou empréstimo de R$ 500 mil a uma pessoa, com quem mantinha relacionamento de longa data.",0.0
9283,"A vítima, confiando no autor, concedeu o empréstimo.",0.0
9283,"Em meados de março, descobriu que Ayres contraiu outros empréstimos com intenção de não pagar, além de ter assinado cheques falsos, que foram devolvidos ao Banco Alina 22.",0.0
9283,"A vítima foi surpreendida com a fuga de Ayres para Cuiabá, MT, e constatou que outras pessoas estavam em situação semelhante, com alguns casos envolvendo invasão de lojas e saque de pequeno valor.",0.0
9283,"O caso é caracterizado como crime de estelionato, pois o autor agiu com intenção de não honrar o empréstimo.",0.0
15268,"**RELATÓRIO TÉCNICO RESUMIDO – BOLETIM DE OCORRÊNCIA**  
**DATA DOS FATOS:** 2024-04-02  
**HORA INICIAL DOS FATOS:** 10:09  
**LOCAL:** CUIABA/DOM AQUINO – A BANCO  
**NATUREZA DA OCORRÊNCIA:** OUTRAS FRAUDES  
**RELATO SUCINTO DOS ACONTECIMENTOS:** O comunicante relatou que, ao conferir o extrato do cartão de crédito final 0851 vinculado à agência 23639 e conta 150118 do Banco do Brasil, percebeu duas compras não autorizadas.",0.0
15268,"Uma ocorreu no dia 2 de abril de 2024, às 10h09, com valor de R$ 587, parcelada em várias vezes.",0.0
15268,"Outra compra foi registrada no dia 05/04/2024, com valor de R$ 49.439.",0.0
15268,"O comunicante imediatamente bloqueou o cartão, que esteve sob sua posse o tempo todo.",0.0
4684,"**RELATÓRIO TÉCNICO RESUMIDO – BOLETIM DE OCORRÊNCIA**  
**DATA DOS FATOS:** 2024-01-26  
**HORA INICIAL DOS FATOS:** 1970-01-01 15:00:00  
**LOCAL:** CUIABA/JARDIM SHANGRI-LA  
**NATUREZA DA OCORRÊNCIA:** OUTRAS FRAUDES  
**RELATO SUCINTO DOS ACONTECIMENTOS:** O comunicante recebeu diversas mensagens com números diferentes, referindo-se à empresa Claro, informando débito de R$ 18.185,00 e solicitando pagamento via PIX com desconto de R$ 15.457,00.",0.0
4684,"A narrativa menciona o banco Santander Claro Multi Móvel Ltda, CNPJ, pertencente a uma rede de empresas.",0.0
4684,"O comunicante não relatou outras ações, apenas a solicitação de reportar o caso.",0.0
11453,"**RELATÓRIO TÉCNICO RESUMIDO – BOLETIM DE OCORRÊNCIA**  
**DATA DOS FATOS:** 2024-05-22  
**HORA INICIAL DOS FATOS:** 20:00:00  
**LOCAL:** CUIABA/DESPRAIADO  
**NATUREZA DA OCORRÊNCIA:** OUTRAS FRAUDES  
**RELATO SUCINTO DOS ACONTECIMENTOS:** A vítima viu um anúncio em um marketplace, interessou-se por um homem e entrou em contato via WhatsApp (número: 991861150).",0.0
11453,"Negociaram a venda de uma geladeira por R$ 90, com pagamento de R$ 300 via PIX.",0.0
11453,"O suspeito informou que o valor seria transferido para uma conta, mas não respondeu posteriormente.",0.0
11199,"**RELATÓRIO TÉCNICO RESUMIDO – BOLETIM DE OCORRÊNCIA**  
**DATA DOS FATOS:** 2024-10-18  
**HORA INICIAL DOS FATOS:** 11:00  
**LOCAL:** CUIABA/NOVO TEMPO  
**NATUREZA DA OCORRÊNCIA:** INVASÃO DE DISPOSITIVO INFORMÁTICO  
**RELATO SUCINTO DOS ACONTECIMENTOS:**  
No dia 24, o autor recebeu uma mensagem de aviso referente a uma compra autorizada no cartão de crédito Sicoob, com valor não especificado, realizada em um estabelecimento localizado em Holomua Labs (Scottsdale, EUA).",0.0
11199,"A mensagem informava que a compra foi aprovada via cartão Visa, com número de transação 10/12/11800.",0.0
11199,"Em seguida, foram registradas duas tentativas de compra negadas, com valores de R$ 34.386,00 e R$ 222,30, e uma compra aprovada no valor de R$ 66.974,00.",0.0
11199,"O autor imediatamente contactou o banco, solicitando a abertura de um chamado para apurar a situação, estornar o valor, bloquear o cartão, solicitar um novo cartão e registrar um boletim de ocorrência.",0.0
11199,"A ocorrência foi classificada como invasão de dispositivo informático, envolvendo atividades suspeitas de fraude ou phishing.",0.0
11479,"**RELATÓRIO TÉCNICO RESUMIDO – BOLETIM DE OCORRÊNCIA**  
**DATA DOS FATOS:** 2025-01-07  
**HORA INICIAL DOS FATOS:** 1970-01-01 15:38:00  
**LOCAL:** CUIABA/ARAES  
**NATUREZA DA OCORRÊNCIA:** ESTELIONATO  
**RELATO SUCINTO DOS ACONTECIMENTOS:** A vítima relatou ter recebido contato via Instagram de uma pessoa que se passava por funcionário da Unimed, oferecendo plano de saúde conveniado ao Banco do Brasil.",0.0
11479,"O suspeito solicitou que a vítima entrasse em contato com um ""gerente"" do setor de cadastro da Unimed Nacional, Jhonata, por meio de um número de WhatsApp.",0.0
11479,"Após orientações para acessar o site do Banco do Brasil e realizar simulação de parcelamento de plano de saúde, o suspeito solicitou que a vítima realizasse transferências de aproximadamente R$ 305.000, alegando que a conta estava bloqueada e que era necessário ""declarar"" informações.",0.0
11479,"A vítima informou que as transferências foram realizadas, resultando no bloqueio do aplicativo e da conta bancária.",0.0
11479,Não houve declarações adicionais ou outros detalhes fornecidos.,0.0
2757,"**RELATÓRIO TÉCNICO RESUMIDO – BOLETIM DE OCORRÊNCIA**  
**DATA DOS FATOS:** 2024-10-21  
**HORA INICIAL DOS FATOS:** 1970-01-01 07:00:00  
**LOCAL:** CUIABA/PREJUDICADO – CENTRO COMUNITÁRIO, BAIRRO PEDREGAL  
**NATUREZA DA OCORRÊNCIA:** FURTO  
**RELATO SUCINTO DOS ACONTECIMENTOS:**  
A vítima estava prestando serviço no centro comunitário do bairro Pedregal, onde entregou as chaves ao vereador Marcream, que utilizaria o local para um velório e festa.",0.0
2757,"Após o evento, verificou que diversos materiais de trabalho estavam faltando.",0.0
2757,"Nenhum portão ou porta estava arrombado, todos estavam trancados.",0.0
2757,"Foram furtadas 8 latas de tinta, 3 rolos de fio (dois e meio), 40 metros de fio de 10 mm, 12 tomadas, parte de um forro, 20 kits de disjuntor, 2 perfis de descarga e 1 furadeira impacto.",0.0
2757,"A vítima tentou conversar com o vereador, mas não obteve resposta.",0.0
2757,As chaves do centro comunitário estavam constantemente com o vereador Marcream.,0.0
2757,Nada mais declarar.,0.0
12439,"**RELATÓRIO TÉCNICO RESUMIDO – BOLETIM DE OCORRÊNCIA**  
**DATA DOS FATOS:** 2024-11-08  
**HORA INICIAL DOS FATOS:** 18:40:00  
**LOCAL:** CUIABA/PASCOAL RAMOS  
**NATUREZA DA OCORRÊNCIA:** ESTELIONATO  
**RELATO SUCINTO DOS ACONTECIMENTOS:**  
No dia 08/11/2024, uma funcionária da loja Casas Bahias em Cuiabá foi contactada por uma pessoa que afirmou ter realizado uma compra de geladeira e solicitou o endereço de entrega.",0.0
12439,"Após reconhecer a compra, o comunicante desligou.",0.0
12439,"Pouco tempo depois, outro número (55) ligou, identificado como Fernanda, alertando sobre uma suposta compra realizada com o cartão do CPF da vítima, solicitando o bloqueio dos cartões.",0.0
12439,"O gerente da loja orientou a vítima a entregar os cartões apenas a um funcionário que identificasse o código 65 e a redigir uma declaração, colocando os cartões e o chip em um envelope.",0.0
12439,"Após a entrega, o delegado informou que já havia realizado o bloqueio e solicitou o retorno para perguntas.",0.0
12439,"No dia 09/11/2024, o genro da vítima alertou sobre o possível golpe, orientando a ida ao banco na segunda-feira.",0.0
12439,"No dia 12/11/2024, a vítima descobriu que se tratava de um golpe.",0.0
12439,"As instituições bancárias informaram ter tomado todas as medidas cabíveis e que a vítima foi alertada sobre a representação com prazo decadencial de 6 meses, sem necessidade de declarar algo adicional.",0.0
1871,"**RELATÓRIO TÉCNICO RESUMIDO – BOLETIM DE OCORRÊNCIA**  
**DATA DOS FATOS:** 2024-08-03  
**HORA INICIAL DOS FATOS:** 09:00 (observado desvio na data do campo ""HORA"", que apresenta valor inválido: 1970-01-01 09:00:00)  
**LOCAL:** CUIABA/PARQUE CUIABA  
**NATUREZA DA OCORRÊNCIA:** ESTELIONATO  
**RELATO SUCINTO DOS ACONTECIMENTOS:** Comunicante foi vítima de golpe, após ser solicitado a fornecer dados pessoais, senha e reconhecimento facial para bloquear uma compra de R$ 2.000.",0.0
1871,"Após realizar ações de saque e empréstimo em sua conta, constatou que estava envolvido em um esquema de estelionato.",0.0
697,"**RELATÓRIO TÉCNICO RESUMIDO – BOLETIM DE OCORRÊNCIA**  
**DATA DOS FATOS:** 13/11/2024  
**HORA INICIAL DOS FATOS:** 08:00  
**LOCAL:** CUIABA/JARDIM IMPERIAL  
**NATUREZA DA OCORRÊNCIA:** ESTELIONATO  
**RELATO SUCINTO DOS ACONTECIMENTOS:** O relato indica que o autor da ocorrência, identificado como irmão de Eder Braga, recebeu uma ligação de suspeito que afirmava ter deixado celular em loja para arrumar.",0.0
697,"O suspeito solicitou pagamento para devolver o valor, solicitando que o irmão realizasse o pagamento via boleto.",0.0
697,"Após contato com o oficial, foi descoberto que a solicitação era parte de um golpe, resultando no cancelamento do agendamento do pagamento.",0.0
697,Nada foi declarado formalmente.,0.0
9410,"**RELATÓRIO TÉCNICO RESUMIDO – BOLETIM DE OCORRÊNCIA**  
**DATA DOS FATOS:** 2024-07-14  
**HORA INICIAL DOS FATOS:** 1970-01-01 17:09:00  
**LOCAL:** CUIABA/TIJUCAL  
**NATUREZA DA OCORRÊNCIA:** ESTELIONATO  
**RELATO SUCINTO DOS ACONTECIMENTOS:** O relator informa ter sido vítima de golpe mediante propaganda enganosa.",0.0
9410,"O autor recebeu uma mensagem com suposta promoção, solicitando pagamento via PIX com prazo de validade até 15/07/2024.",0.0
9410,"O valor total da compra, incluindo produto ""poco azul"" (quantidade 1) e frete grátis, era de R$ 8.721,00.",0.0
9410,"A vítima foi induzida a realizar o pagamento, sendo alertada sobre a demora no processamento do PIX e a necessidade de acompanhar atualizações via e-mail.",0.0
9410,O protocolo virtual foi informado como nº 7.,0.0
9732,"**RELATÓRIO TÉCNICO RESUMIDO – BOLETIM DE OCORRÊNCIA**  
**DATA DOS FATOS:** 2024-11-15  
**HORA INICIAL DOS FATOS:** 1970-01-01 09:00:00  
**LOCAL:** CUIABA/JARDIM ACLIMACAO  
**NATUREZA DA OCORRÊNCIA:** OUTRAS FRAUDES  
**RELATO SUCINTO DOS ACONTECIMENTOS:** Comunicante denuncia que um criminoso, após desinstalar o aplicativo WhatsApp, passou a solicitar dinheiro via PIX, tentando aplicar golpes.",0.0
10584,"**RELATÓRIO TÉCNICO RESUMIDO – BOLETIM DE OCORRÊNCIA**  
**DATA DOS FATOS:** 2025-03-20  
**HORA INICIAL DOS FATOS:** 18:00  
**LOCAL:** CUIABA/TERCEIRO  
**NATUREZA DA OCORRÊNCIA:** ESTELIONATO  
**RELATO SUCINTO DOS ACONTECIMENTOS:** A vítima, Monica, relatou que seu WhatsApp foi hackeado em 20/03/2025, permitindo que um golpista, identificado como Catiane Cristine Oliveira Marques, acessasse sua conta e solicitasse dinheiro, falsificando pedidos de compra.",0.0
10584,"O golpista informou que estaria recebendo um valor e solicitou transferências via PIX, totalizando R$98.000,00.",0.0
10584,"A vítima alertou conhecidos e amigos, enquanto outra vítima, Ivonildo, percebeu comportamento suspeito relacionado ao golpista.",0.0
10584,O suspeito utilizou conta PIX/PicPay vinculada ao CPF [não especificado no relatório].,0.0
11614,"**RELATÓRIO TÉCNICO RESUMIDO – BOLETIM DE OCORRÊNCIA**  
**DATA DOS FATOS:** 2024-06-03  
**HORA INICIAL DOS FATOS:** 16:46  
**LOCAL:** CUIABA/PREJUDICADO  
**NATUREZA DA OCORRÊNCIA:** ESTELIONATO  
**RELATO SUCINTO DOS ACONTECIMENTOS:** O comunicante relatou ter recebido mensagem via WhatsApp de pessoa que se passava por advogada, solicitando fotos, documentos e dados do cartão bancário.",0.0
11614,"Após enviar os documentos, o comunicante suspeitou de fraude e realizou transferência via PIX ao nome ""Mendonça Santos"", CPF 11066587361.",0.0
11614,A vítima está preocupada com a possível falsificação dos documentos solicitados.,0.0
11306,"**RELATÓRIO TÉCNICO RESUMIDO – BOLETIM DE OCORRÊNCIA**  
**DATA DOS FATOS:** 2024-11-29  
**HORA INICIAL DOS FATOS:** 1970-01-01 16:17:00  
**LOCAL:** CUIABA/PARQUE ATALAIA  
**NATUREZA DA OCORRÊNCIA:** ESTELIONATO  
**RELATO SUCINTO DOS ACONTECIMENTOS:** O relator informa que realizou pagamento via PIX, através do app do Banco Sicoob, no valor de R$ 20.004,00, para uma empresa chamada ""Possou Empresa Investimento"".",0.0
11306,"Após receber um convite para participar de um aplicativo de investimento, o relator percebeu que a plataforma havia caído, deixando os investidores sem acesso.",0.0
11306,"A equipe do aplicativo, supostamente chamada ""Tel"", excluiu todos os usuários de grupos de WhatsApp e Instagram, com exceção de um grupo.",0.0
11306,"Tenta contato com o suporte do aplicativo, mas não obteve resposta.",0.0
11306,"Também tentou contato com o dono do aplicativo, que respondeu, mas não deu satisfação.",0.0
11306,"O relator afirma que foi vítima de estelionato, pois a equipe do aplicativo não cumpriu suas promessas e desapareceu.",0.0
7832,"**RELATÓRIO TÉCNICO RESUMIDO – BOLETIM DE OCORRÊNCIA**  
**DATA DOS FATOS:** 2024-04-15  
**HORA INICIAL DOS FATOS:** 12:06  
**LOCAL:** CUIABA/PASCOAL RAMOS  
**NATUREZA DA OCORRÊNCIA:** ESTELIONATO  
**RELATO SUCINTO DOS ACONTECIMENTOS:** A vítima entrou em contato via Facebook com um rapaz que vendia telhas.",0.0
7832,"Durante a conversa, o suspeito solicitou pagamento de frete e uma taxa de R$73.",0.0
7832,A vítima foi orientada a pagar o valor das telhas após a chegada da mercadoria ao endereço solicitado.,0.0
7832,"No entanto, a vítima desconfiou de um golpe e pediu esclarecimentos, mas o suspeito não respondeu.",0.0
7832,A vítima não declarou outros detalhes.,0.0
11056,"**RELATÓRIO TÉCNICO RESUMIDO – BOLETIM DE OCORRÊNCIA**  
**DATA DOS FATOS:** 2024-12-09  
**HORA INICIAL DOS FATOS:** 10:00  
**LOCAL:** CUIABA/MORADA DA SERRA  
**NATUREZA DA OCORRÊNCIA:** ESTELIONATO  
**RELATO SUCINTO DOS ACONTECIMENTOS:**  
O comunicante relatou que sua conta no Banco do Brasil (auxílio Brasil) foi bloqueada juntamente com o PIX.",0.0
11056,"Após contato com o banco, foi informado que uma nova conta no Banco Pag Seguro deveria ser criada para desbloqueio.",0.0
11056,"R$ 23 foram transferidos, mas o banco negou o desbloqueio após verificar procedimentos como reconhecimento facial com RG original.",0.0
11056,O comunicante afirma que o banco suspeitou do segundo nome e informou que a pessoa mora em Bahia.,0.0
11056,"Contato foi feito com Carla, via WhatsApp (0800 0 104), mas não houve resolução.",0.0
11056,O caso foi registrado como boletim de ocorrência.,0.0
4196,"**RELATÓRIO TÉCNICO RESUMIDO – BOLETIM DE OCORRÊNCIA**  
**DATA DOS FATOS:** 2024-11-04  
**HORA INICIAL DOS FATOS:** 1970-01-01 11:30:00  
**LOCAL:** CUIABA/CENTRO NORTE  
**NATUREZA DA OCORRÊNCIA:** ESTELIONATO  
**RELATO SUCINTO DOS ACONTECIMENTOS:** O comunicante relatou que estava no banco Itaú, localizado na rua Barão Melgaço, tentando sacar R$ 1.500,00.",0.0
4196,"Durante o processo, uma pessoa ofereceu ajuda para realizar o saque.",0.0
4196,"Após a operação, foi informado ao comunicante que o dinheiro não saiu, e que seriam direcionados para outro caixa.",0.0
4196,"Em seguida, outro rapaz chegou e retirou o dinheiro que havia sido sacado.",0.0
12415,"**RELATÓRIO TÉCNICO RESUMIDO – BOLETIM DE OCORRÊNCIA**  
**DATA DOS FATOS:** 2024-07-16  
**HORA INICIAL DOS FATOS:** 1970-01-01 17:30:00  
**LOCAL:** CUIABA/PREJUDICADO  
**NATUREZA DA OCORRÊNCIA:** OUTRAS FRAUDES  
**RELATO SUCINTO DOS ACONTECIMENTOS:** A vítima relata ter sido contatada por meio de um aplicativo WhatsApp (nº 28852), onde uma pessoa identificada como ""Washington Juvencio Souza Santos"" (e-mail: washingtonjuvencio.santos@gmail.com) informou que estaria vendendo uma plataforma usada.",0.2
12415,"Após contato, a vítima foi solicitada a passar um código para ""ativar"" um suposto WhatsApp clonado, o que resultou em mensagens indevidas sendo enviadas a seus contatos.",0.0
12415,"Posteriormente, a vítima recebeu uma mensagem solicitando a transferência de R$ 1.475,00 via PIX, utilizando o nome ""washtat06gmailcom"".",0.0
12415,A vítima relatou o ocorrido à Caixa Econômica Federal.,0.0
756,"**RELATÓRIO TÉCNICO RESUMIDO – BOLETIM DE OCORRÊNCIA**  
**DATA DOS FATOS:** 2024-04-17  
**HORA INICIAL DOS FATOS:** 1970-01-01 04:25:00  
**LOCAL:** CUIABA/JARDIM IMPERIAL  
**NATUREZA DA OCORRÊNCIA:** OUTRAS FRAUDES  
**RELATO SUCINTO DOS ACONTECIMENTOS:** Comunicante notificou que o banco Caixa informou a realização de uma transação de saque de valor R$ 37.500,00, data 25/04/24, sem que o comunicante tenha conhecimento da operação.",0.0
756,Não houve relato de outras ações ou detalhes adicionais sobre o caso.,0.0
12921,"**RELATÓRIO TÉCNICO RESUMIDO – BOLETIM DE OCORRÊNCIA**  
**DATA DOS FATOS:** 2024-06-12  
**HORA INICIAL DOS FATOS:** 20:39  
**LOCAL:** CUIABA/CIDADE VERDE  
**NATUREZA DA OCORRÊNCIA:** ESTELIONATO  
**RELATO SUCINTO DOS ACONTECIMENTOS:** A vítima recebeu uma ligação de uma pessoa que afirmou ser o filho falecido.",0.0
12921,"O criminoso solicitou que a vítima realizasse um pagamento de R$13 via PIX, posteriormente solicitando um valor de R$25.000,00.",0.0
12921,"A vítima efetuou o pagamento, mas percebeu o golpe após ser solicitada a realizar um empréstimo bancário com o CPF de Matheus Celestino.",0.0
12921,"Nenhum relato foi feito inicialmente, mas a vítima decidiu relatar o caso.",0.0
669,"**RELATÓRIO TÉCNICO RESUMIDO – BOLETIM DE OCORRÊNCIA**  
**DATA DOS FATOS:** 2024-07-12  
**HORA INICIAL DOS FATOS:** 18:41  
**LOCAL:** CUIABA/DOM AQUINO  
**NATUREZA DA OCORRÊNCIA:** ESTELIONATO  
**RELATO SUCINTO DOS ACONTECIMENTOS:** O comunicante entrou em contato com o senhor Hélio Pontes Silva Reis (RG: 9338012, CPF: 065.144.239-73), que se identificou como policial militar e solicitou o pagamento integral de R$ 30,00 para a compra de um container.",0.0
669,"O valor foi enviado via PicPay, mas o senhor Hélio diminuiu o valor para R$ 2.500,00, sugerindo que o restante seria cobrado posteriormente.",0.0
669,"O comunicante desconfiou e contactou amigos e advogados, que confirmaram que o senhor Hélio é realmente policial militar.",0.0
669,O comunicante foi orientado a comparecer à delegacia para registrar um boletim de ocorrência para denunciar o fato narrado.,0.0
669,Nenhum outro relato foi fornecido.,0.0
5785,"**RELATÓRIO TÉCNICO RESUMIDO – BOLETIM DE OCORRÊNCIA**  
**DATA DOS FATOS:** 2024-01-16  
**HORA INICIAL DOS FATOS:** 1970-01-01 00:00:00  
**LOCAL:** CUIABA/PREJUDICADO  
**NATUREZA DA OCORRÊNCIA:** OUTRAS FRAUDES  
**RELATO SUCINTO DOS ACONTECIMENTOS:** O relato indica que o autor afirma ter contratado um empréstimo em uma conta corrente no Agibank, mas desconhece a existência do contrato e não sabe se pode ter sido envolvido.",0.0
5785,"Nada foi relatado anteriormente, e o autor busca registrar a ocorrência.",0.0
5334,"**RELATÓRIO TÉCNICO RESUMIDO – BOLETIM DE OCORRÊNCIA**  
**DATA DOS FATOS:** 2024-04-17  
**HORA INICIAL DOS FATOS:** 1970-01-01 03:40:00  
**LOCAL:** CUIABA/JARDIM FLORIANOPOLIS  
**NATUREZA DA OCORRÊNCIA:** ESTELIONATO  
**RELATO SUCINTO DOS ACONTECIMENTOS:** A vítima relatou ter recebido mensagem via SMS de ativação de cadastro, com três códigos, e posteriormente mensagem via WhatsApp informando sobre cancelamento de benefício (Bolsa Família), exigindo atualização.",0.0
5334,"Relatou ter realizado transferência via PIX, com valores indicados como ""0708"" e ""r 69525"", e mencionou a ausência de retorno.",0.0
2821,"**RELATÓRIO TÉCNICO RESUMIDO – BOLETIM DE OCORRÊNCIA**  
**DATA DOS FATOS:** 2025-04-11  
**HORA INICIAL DOS FATOS:** 1970-01-01 20:47:00  
**LOCAL:** CUIABA/JARDIM DAS AMERICAS  
**NATUREZA DA OCORRÊNCIA:** ESTELIONATO  
**RELATO SUCINTO DOS ACONTECIMENTOS:**  
A vítima relata que, em 2025-04-11, foi vítima de fraude após participar de promoção falsa no Instagram da empresa Cacau Show.",0.0
2821,"A promoção, apresentada como jogo tipo ""jogo velha"", incentivava a compra de produtos (leite bytes e fone azul) por R$ 4.570,00 (incluindo frete de R$ 1.180,00).",0.0
2821,"Após a compra, descobriu-se que a promoção era falsa, e a página oficial da empresa também não era confiável.",0.0
2821,"A vítima entrou em contato com a empresa no dia 12/04/2025, solicitando cancelamento da compra via cartão de crédito Visa Caixa, conforme protocolo 4.",0.0
2821,A operação foi realizada através de propaganda falsa no Instagram.,0.0
14513,"**RELATÓRIO TÉCNICO RESUMIDO – BOLETIM DE OCORRÊNCIA**  
**DATA DOS FATOS:** 2025-04-02  
**HORA INICIAL DOS FATOS:** 1970-01-01 15:00:00 (dados inconsistentes, possivelmente erro de registro)  
**LOCAL:** CUIABA/MORADA DA SERRA  
**NATUREZA DA OCORRÊNCIA:** ESTELIONATO  
**RELATO SUCINTO DOS ACONTECIMENTOS:**  
O relato indica que o ofendido recebeu mensagens de um suposto representante de uma empresa em Curitiba, solicitando o uso de dados pessoais (CPF, RG, endereço e email) para realizar compras via link fraudulento.",0.0
14513,"Os dados fornecidos foram reconhecidos como seus, exceto o email e o número de celular.",0.0
14513,"Durante os meses de fevereiro e março de 2025, o ofendido recebeu mensagens informando que seus dados eram utilizados em diferentes regiões (Paraná e Santa Catarina).",0.0
14513,"O suspeito alegava que iria registrar um boletim de ocorrência e enviar documentos, mas não foi realizado.",0.0
14513,"A vítima também recebeu ligações afirmando que pessoas haviam tentado fraudar seu nome, com a mesma região mencionada.",0.0
14513,"No dia 05/04/2025, novas mensagens foram recebidas via WhatsApp, relatando tentativas de golpe usando o nome e dados fornecidos.",0.0
2867,"**RELATÓRIO TÉCNICO RESUMIDO – BOLETIM DE OCORRÊNCIA**  
**DATA DOS FATOS:** 2025-03-19  
**HORA INICIAL DOS FATOS:** 1970-01-01 15:40:00  
**LOCAL:** CUIABA/PEDRA 90  
**NATUREZA DA OCORRÊNCIA:** ESTELIONATO  
**RELATO SUCINTO DOS ACONTECIMENTOS:** Ocorreu golpe falso atendente banco, onde a vítima foi solicitada a realizar transferência via PIX no valor de R$ 6.000,00, posteriormente R$ 1.000,00 para um site relacionado ao Banco Brasil.",0.0
2867,"A vítima foi induzida a realizar depósito de R$ 2.000,00 via ligação telefônica, destinado a pessoa suspeita, conta PIX de Fabio.",0.0
10433,"**RELATÓRIO TÉCNICO RESUMIDO – BOLETIM DE OCORRÊNCIA**  
**DATA DOS FATOS:** 2025-01-22  
**HORA INICIAL DOS FATOS:** 1970-01-01 15:43:00  
**LOCAL:** CUIABA/PREJUDICADO  
**NATUREZA DA OCORRÊNCIA:** ESTELIONATO  
**RELATO SUCINTO DOS ACONTECIMENTOS:** O autor relatou que, em 22/01/2025, viu um perfil de rede social de uma empresa, interessou-se por confeções de roupas e recebeu mensagem via WhatsApp do número 9978583, identificado como Gabrielle, funcionária de uma loja.",0.0
10433,"A suposta funcionária enviau fotos, vídeos e solicitou dados de cartão, contato de taxista, informações do Nubank e um Pix de R$ 9.400,00 (nove mil trezentos e oitenta e quatro).",0.0
10433,"Após verificar a publicação da loja sobre golpes, entrou em contato com a empresa, conversou com o dono, Sr. Jaime, que informou que a rede social da loja foi hackeada.",0.0
10433,O autor relata ter sido vítima de estelionato por meio de fraude online.,0.0
7921,"**RELATÓRIO TÉCNICO RESUMIDO – BOLETIM DE OCORRÊNCIA**  
**DATA DOS FATOS:** 2025-02-14  
**HORA INICIAL DOS FATOS:** 1970-01-01 11:50:00 (possível erro de sistema)  
**LOCAL:** CUIABA/PREJUDICADO  
**NATUREZA DA OCORRÊNCIA:** ESTELIONATO  
**RELATO SUCINTO DOS ACONTECIMENTOS:**  
O comunicante, no dia 14/02/2025, acessou um site supostamente relacionado ao banco Volkswagen, clicou em um link que direcionou a uma página falsa e recebeu uma mensagem solicitando pagamento de boleto para quitação de financiamento de veículo.",0.0
7921,"Acreditando tratar-se de uma conta legítima, o comunicante enviou o pagamento (valor: R$ 51.170,53) ao destinatário ""Banco VWF Financiamentos Ltda.",0.0
7921,"(CNPJ: 59.402.916/0001-10)"".",0.0
7921,"Posteriormente, o banco intermediário entrou em contato informando que o valor foi creditado, mas o gravame do veículo ainda não havia sido baixado.",0.0
7921,Nenhuma declaração adicional foi feita pelo comunicante.,0.0
2462,"**RELATÓRIO TÉCNICO RESUMIDO – BOLETIM DE OCORRÊNCIA**  
**DATA DOS FATOS:** 2024-07-12  
**HORA INICIAL DOS FATOS:** 1970-01-01 16:30:00  
**LOCAL:** CUIABA/PREJUDICADO  
**NATUREZA DA OCORRÊNCIA:** ESTELIONATO  
**RELATO SUCINTO DOS ACONTECIMENTOS:**  
O comunicante relatou que comprou um terreno no distrito industrial, área exp urb ul, CEP n° 3, no dia em que o senhor Vilmo Peagudo Freitas, proprietário, o recebeu.",0.0
2462,"O pagamento foi realizado em dinheiro (R$ 5,00) e via transferência PIX (R$ 6,00) através da Bradesco SA, com CPF 585.421.000-00.",0.0
2462,"Após a transferência, o comunicante solicitou ao cartório que fosse feita a procuração para a empresa, visando o registro do terceiro.",0.0
2462,"No dia 1906, o comunicante encaminhou o pedido de registro, mas durante a entrada, a dona Jandira (esposa de Vilmo) assinou a documentação no dia 07/2024.",0.0
2462,"Posteriormente, o comunicante pagou R$ 75.000,00 (setenta e cinco mil) para a parcela do terreno, encaminhando o valor para o nome de Natal Junior, CNPJ 93.351.000/0001-00, via PIX.",0.0
2462,"Após um tempo, o filho de Vilmo denunciou o comunicante, alegando que a venda foi fraudulenta.",0.0
2462,O comunicante não declarou outros fatos.,0.0
2586,"**RELATÓRIO TÉCNICO RESUMIDO – BOLETIM DE OCORRÊNCIA**  
**DATA DOS FATOS:** 2024-02-19  
**HORA INICIAL DOS FATOS:** 1970-01-01 10:00:00 (informação inconsistente, possível erro de registro)  
**LOCAL:** CUIABA/CENTRO SUL  
**NATUREZA DA OCORRÊNCIA:** ESTELIONATO  
**RELATO SUCINTO DOS ACONTECIMENTOS:** A comunicante relata ter realizado empréstimo consignado em 2020 (quatro anos atrás) com os bancos Industrial e Daycoval.",0.0
2586,"Após quatro meses de aposentadoria, percebeu movimentações em sua conta, com depósitos referentes aos empréstimos solicitados.",0.0
2586,"Além disso, observou descontos no salário e valores recebidos apenas em cerca de R$ (valor não especificado).",0.0
2586,"Também reparou em descontos de cartão de crédito, apesar de não ter recebido o cartão nas mãos.",0.0
2586,"A comunicante acredita que seus dados foram apropriados para uso indevido, visando preservar seus direitos e obter ressarcimento das providências necessárias.",0.0
2586,Nada mais declarar.,0.0
8034,"**RELATÓRIO TÉCNICO RESUMIDO – BOLETIM DE OCORRÊNCIA**  
**DATA DOS FATOS:** 2024-06-21  
**HORA INICIAL DOS FATOS:** 1970-01-01 12:30:00  
**LOCAL:** CUIABA/CIDADE ALTA  
**NATUREZA DA OCORRÊNCIA:** OUTRAS FRAUDES  
**RELATO SUCINTO DOS ACONTECIMENTOS:**  
O comunicante suspeitou de uma fraude após realizar três compras de suplementos alimentares, totalizando R$ 614.000,00, mediante pagamentos via cartão de crédito.",0.0
8034,"O valor deveria ser liberado no dia 21/06/2024, mas a operadora do cartão informou que o pagamento estava sendo retido, suspeitando de fraude.",0.0
8034,"O comunicante buscou contestar o pagamento, mas ao tentar localizar o suposto suspeito, este afirmou estar envolvido em um golpe e sugeriu que o comunicante fosse à localidade para resolver a situação.",0.0
8034,"Após chegar ao local, o comunicante relatou que o suposto suspeito, identificado como ""nome desconhecido"", afirmou estar sendo vítima de golpe e que o pagamento seria liberado.",0.0
8034,"O comunicante, temendo reações violentas, acionou a polícia.",0.0
8034,"Posteriormente, o suposto suspeito negou o fato e informou que parte dos suplementos foi devolvida, mas o restante permanecia no local.",0.0
8034,"O comunicante relata que o suspeito prontificou-se a entregar o restante, mas não houve registro de entrega.",0.0
14299,"**RELATÓRIO TÉCNICO RESUMIDO – BOLETIM DE OCORRÊNCIA**  
**DATA DOS FATOS:** 2024-05-04  
**HORA INICIAL DOS FATOS:** 18:00:00 (Nota: Hora informada como 1970-01-01 18:00:00, possivelmente erro de formatação)  
**LOCAL:** CUIABA/JARDIM UBIRAJARA – RESIDÊNCIA PARTICULAR  
**NATUREZA DA OCORRÊNCIA:** ESTELIONATO  
**RELATO SUCINTO DOS ACONTECIMENTOS:**  
O comunicante relata que um trator esteira modelo D 7 B, ano 1981, com grade aradora 18x28, foi vendido a Felipe Carlos Ayres Costa em 04/05/2024, sem contrato, por confiança.",0.0
14299,"O caminhão responsável deixou o trator e a grade em cidade de Primavera, pois iria prestar serviço de desmatamento para terceiro.",0.0
14299,"Posteriormente, cheques foram devolvidos e protestados, e o paradeiro da máquina é desconhecido.",0.0
14299,O vendedor nega a responsabilidade e a ocorrência foi confeccionada pelo comunicante.,0.0
14778,"**RELATÓRIO TÉCNICO RESUMIDO – BOLETIM DE OCORRÊNCIA**  
**DATA DOS FATOS:** 2024-03-20  
**HORA INICIAL DOS FATOS:** 1970-01-01 10:36:00  
**LOCAL:** CUIABA/PREJUDICADO  
**NATUREZA DA OCORRÊNCIA:** OUTRAS FRAUDES  
**RELATO SUCINTO DOS ACONTECIMENTOS:** O comunicante recebeu, via WhatsApp, uma mensagem de um número identificado como 97559474, onde uma pessoa se identificava como ""Magal"", informando sobre o falecimento de uma irmã e a mãe, mencionando o endereço de uma filha chamada Magal.",0.0
14778,"A mensagem incluía a oferta de 125.000 reais, sugerindo que ""mulheres trabalhem"" e que o comunicante sofreria prejuízo.",0.0
14778,O comunicante percebeu que a situação poderia ser um golpe e relatou o caso.,0.0
8575,"**RELATÓRIO TÉCNICO RESUMIDO – BOLETIM DE OCORRÊNCIA**  
**DATA DOS FATOS:** 2025-03-18  
**HORA INICIAL DOS FATOS:** 2025-03-18 10:36:00  
**LOCAL:** CUIABA/MORADA DA SERRA  
**NATUREZA DA OCORRÊNCIA:** ESTELIONATO  
**RELATO SUCINTO DOS ACONTECIMENTOS:** O comunicante relatou que um suspeito utilizou fotos (código 65 1438824) para solicitar a quantia de R$ 99.850,00.",0.0
8575,"Ao negar o envio da quantia, o comunicante desconfiou da filha e entrou em contato com ela, descobrindo que o suspeito estava utilizando diversas fotos durante o dia, possivelmente com intuito de aplicar golpes a terceiros.",0.0
172,"**RELATÓRIO TÉCNICO RESUMIDO – BOLETIM DE OCORRÊNCIA**  
**DATA DOS FATOS:** 2024-09-30  
**HORA INICIAL DOS FATOS:** 1970-01-01 18:00:00  
**LOCAL:** CUIABA/PREJUDICADO  
**NATUREZA DA OCORRÊNCIA:** ESTELIONATO  
**RELATO SUCINTO DOS ACONTECIMENTOS:** A vítima relatou que adquiriu números em rifas promovidas pelo perfil Instagram ""cuiabanosorteios"", que divulgava sorteios online.",0.0
172,"Após a realização dos sorteios, as postagens foram apagadas, e a vítima percebeu irregularidades, já que não recebeu prêmios.",0.0
172,"Durante um mês, outras pessoas entraram em contato relatando a mesma situação, indicando que o perfil era uma fraude.",0.0
172,"O perfil parou de divulgar sorteios, mudou sua bio para outro nome (""reservacuiabanosorteios"") e direcionou a vítima a um suposto pagamento para participar de novos sorteios.",0.0
172,"A vítima investigou e encontrou uma razão social falsa (""A Pinheiro Ltda"", com nome fantasia ""Cuiabano""), endereço em Cuiabá (MT), e contatos como email ""carlosvitor09gmailcom"" e telefone 65 992371989.",0.0
172,"Nenhum valor foi recebido, e a vítima não relatou o caso, mas buscou orientação para denunciar.",0.0
15264,"**RELATÓRIO TÉCNICO RESUMIDO – BOLETIM DE OCORRÊNCIA**  
**DATA DOS FATOS:** 2024-07-29  
**HORA INICIAL DOS FATOS:** 1970-01-01 14:55:00  
**LOCAL:** CUIABA/JARDIM ITALIA  
**NATUREZA DA OCORRÊNCIA:** ESTELIONATO  
**RELATO SUCINTO DOS ACONTECIMENTOS:**  
O comunicante relatou que realizou um pedido via aplicativo iFood para aquisição de maçãs, mas ao tentar cancelar a compra após a confirmação de pagamento via cartão de débito, constatou que a transação foi realizada sob o nome ""Aires"".",0.0
15264,"Após contato com o estabelecimento ""Tucaflex Móveis"", localizado na Avenida Historiador Rubens Mendonça, 345, Cuiabá, foi informado que o filho do proprietário (nome não especificado) estava envolvido em atividades de estelionato, incluindo golpes contra outros cidadãos.",0.0
15264,"O proprietário mencionou que o filho vinha sendo advertido e que, apesar de morar com a família, costumava ausentar-se por dias, além de ter mensagens comprovando sua participação em uma gangue de estelionatários.",0.0
15264,"O comunicante solicita ações legais contra os envolvidos, bem como a remoção dos indivíduos do condomínio para garantir a segurança da família e dos vizinhos.",0.0
14217,"**RELATÓRIO TÉCNICO RESUMIDO – BOLETIM DE OCORRÊNCIA**  
**DATA DOS FATOS:** 2024-03-26  
**HORA INICIAL DOS FATOS:** 21:05  
**LOCAL:** CUIABA/PRÉDIO RESIDENCIAL  
**NATUREZA DA OCORRÊNCIA:** ESTELIONATO  
**RELATO SUCINTO DOS ACONTECIMENTOS:** A vítima realizou um investimento de R$200, após ser contactada por uma pessoa identificada como C6, que supostamente oferecia um ""investimento seguro"".",0.0
14217,"Após transferência bancária, a vítima recebeu instruções sobre o investimento, mas posteriormente descobriu que suas contas de Facebook e WhatsApp foram hackeadas, indicando uma fraude.",0.0
631,"**RELATÓRIO TÉCNICO RESUMIDO – BOLETIM DE OCORRÊNCIA**  
**DATA DOS FATOS:** 2024-09-03  
**HORA INICIAL DOS FATOS:** 12:20  
**LOCAL:** CUIABA/JARDIM DAS AMERICAS  
**NATUREZA DA OCORRÊNCIA:** ESTELIONATO  
**RELATO SUCINTO DOS ACONTECIMENTOS:**  
Pessoa do sexo feminino, Camila, recebeu ligação de suposto atendente do Banco Brasil, que simulou ser da central do banco e solicitou informações sobre um cartão virtual e acesso à senha de um aplicativo.",0.0
631,"Após negar o acesso, foi informada de um suposto valor de R$ 1880, com doisPIX programados (R$ 1 e R$ 20), sendo orientada a cancelar a transação via aplicativo.",0.0
631,"Após fornecer dados de conta, foi induzida a realizar operação de cancelamento, mas constatou que o sistema efetivou o cancelamento de um PIX de R$ 199.800,00.",0.0
631,"A vítima solicitou explicações, sendo informada de que o valor seria encaminhado ao gerente e posteriormente estornado.",0.0
631,"Após constatar o golpe, procurou a polícia e o Banco Brasil, que adotou medidas de contestação e responsabilidade civil/criminal.",0.0
631,"Dados fornecidos: CPF: Karen C. S. Furtado, PIX: 462866 92878, Banco Bradesco, CC 772216, Ag 2575.",0.0
13164,"**RELATÓRIO TÉCNICO RESUMIDO – BOLETIM DE OCORRÊNCIA**  
**DATA DOS FATOS:** 2024-06-12  
**HORA INICIAL DOS FATOS:** 2024-06-12 15:54:00  
**LOCAL:** CUIABA/PREJUDICADO  
**NATUREZA DA OCORRÊNCIA:** OUTRAS FRAUDES  
**RELATO SUCINTO DOS ACONTECIMENTOS:** A comunicação relatou que uma conta bancária foi acessada, resultando em transferência via PIX no valor de R$ 141,00, sem consentimento do titular.",0.0
13164,"Foram informados os dados da conta (agência 0001), mas não foram fornecidos detalhes adicionais sobre o acesso ou a origem da transação.",0.0
13164,"O comunicante não havia relatado o fato anteriormente, mas agora solicita a registro da ocorrência.",0.0
14041,"**RELATÓRIO TÉCNICO RESUMIDO – BOLETIM DE OCORRÊNCIA**  
**DATA DOS FATOS:** 2024-07-04  
**HORA INICIAL DOS FATOS:** 12:30:00  
**LOCAL:** CUIABA/SANTA ROSA  
**NATUREZA DA OCORRÊNCIA:** ESTELIONATO  
**RELATO SUCINTO DOS ACONTECIMENTOS:** A vítima recebeu mensagem no Facebook, supostamente de um funcionário do Mercado Pago, solicitando o aumento do limite da conta com o pagamento de R$1.",0.0
14041,"Após fornecer o número de telefone para iniciar conversa via WhatsApp, foi solicitado o envio de captura de tela da conta bancária, seguindo instruções para atualização de verificação e extrato.",0.0
14041,"Posteriormente, foi pedido novo envio de captura de tela, sendo fornecido um link para vincular cartão e criar senha.",0.0
14041,"Consequente ações, foram autorizados débitos de R$10, R$15.000, R$5 e R$590.",0.0
14041,O caso foi registrado em boletim de ocorrência.,0.0
1739,"**RELATÓRIO TÉCNICO RESUMIDO – BOLETIM DE OCORRÊNCIA**  
**DATA DOS FATOS:** 2025-03-19  
**HORA INICIAL DOS FATOS:** 1970-01-01 09:59:00  
**LOCAL:** CUIABA/JARDIM DAS AMERICANAS  
**NATUREZA DA OCORRÊNCIA:** ESTELIONATO  
**RELATO SUCINTO DOS ACONTECIMENTOS:** O comunicante relatou que foi vítima de estelionato via internet, onde um suspeito, utilizando o WhatsApp com o telefone 55, simulou uma conversa com o filho, alegando que estava em situação de necessidade.",0.0
1739,"O suspeito solicitou a transferência de duas parcelas de um consórcio, totalizando R$ 698.000,00, via PIX, para o nome de Henrique Macena, CPF 028.503.851-66, conta 39145, no Banco Bradesco.",0.0
1739,"O dinheiro foi destinado à conta mencionada, e o comunicante não narrou outros detalhes sobre o caso.",0.0
10408,"**RELATÓRIO TÉCNICO RESUMIDO – BOLETIM DE OCORRÊNCIA**  
**DATA DOS FATOS:** 2024-02-05  
**HORA INICIAL DOS FATOS:** 09:54  
**LOCAL:** CUIABA/TERRA NOVA  
**NATUREZA DA OCORRÊNCIA:** OUTRAS FRAUDES  
**RELATO SUCINTO DOS ACONTECIMENTOS:** O comunicante recebeu, por volta das 09h54, ligação e mensagens via WhatsApp de pessoa identificada como funcionário do banco C6, que ofereceu plano de redução de dívida.",0.0
10408,"Diante disso, o comunicante enviou fotos de documentos pessoais, comprovante de residência e dados da conta bancária Santander (agência 78, conta 02088536, valor R$ 236.734.500,00).",0.0
10408,O caso envolve possível fraude e uso de dados pessoais.,0.0
4251,"**RELATÓRIO TÉCNICO RESUMIDO – BOLETIM DE OCORRÊNCIA**  
**DATA DOS FATOS:** 2024-01-29  
**HORA INICIAL DOS FATOS:** 1970-01-01 11:18:00  
**LOCAL:** CUIABA/OSMAR CABRAL  
**NATUREZA DA OCORRÊNCIA:** ESTELIONATO  
**RELATO SUCINTO DOS ACONTECIMENTOS:** O comunicante relatou que realizou uma postagem no Facebook, sendo contato por um suspeito via WhatsApp, identificado como Paulo.",0.0
4251,"O suspeito demonstrou interesse em comprar uma máquina, mencionando que outra pessoa seria responsável por sua retirada.",0.0
4251,"O comunicante levantou suspeitas, realizou buscas em outras plataformas de venda e descobriu que a máquina estava sendo anunciada por outro usuário.",0.0
4251,"Percebeu-se que se tratava de uma tentativa de golpe, com o suspeito utilizando fotos da máquina para publicar anúncios falsos.",0.0
4251,"O golpe envolvia a falsa promessa de que o comprador iria até o comunicante para retirar a máquina, com pagamento realizado ao suspeito.",0.0
11406,"**RELATÓRIO TÉCNICO RESUMIDO – BOLETIM DE OCORRÊNCIA**  
**DATA DOS FATOS:** 2025-02-26  
**HORA INICIAL DOS FATOS:** 1970-01-01 09:56:00  
**LOCAL:** CUIABA/BOA ESPERANÇA  
**NATUREZA DA OCORRÊNCIA:** ESTELIONATO  
**RELATO SUCINTO DOS ACONTECIMENTOS:** Ocorreu tentativa de estelionato via internet, envolvendo informações de contato (WhatsApp 65 9461318), dados bancários (conta corrente 40 1218, agência 23639, Banco Brasil), CPF de Victor Santos (7001 179) e número de conta corrente 1076205.",0.0
11406,"A vítima foi solicitada a responder civil e criminalmente à ocorrência, possivelmente em decorrência de fraudes ou tentativas de obtenção de informações sensíveis.",0.0
10335,"**RELATÓRIO TÉCNICO RESUMIDO – BOLETIM DE OCORRÊNCIA**  
**DATA DOS FATOS:** 2024-11-04  
**HORA INICIAL DOS FATOS:** 15:11:00  
**LOCAL:** CUIABA/JARDIM PAULISTA  
**NATUREZA DA OCORRÊNCIA:** OUTRAS FRAUDES  
**RELATO SUCINTO DOS ACONTECIMENTOS:**  
No dia 04/11/2024, indivíduos desconhecidos tentaram fraudar o uso indevido do nome e identidade do escritório ""Barriento Advocacia"", com intuito de enganar sindicalizados da entidade SINTTCONTAS.",0.0
10335,"Durante a manhã, vários sindicalizados relataram ter recebido mensagens no WhatsApp, falsamente atribuídas ao departamento jurídico da SINTTCONTAS, informando sobre valores disponíveis para pagamento de processos referentes aos índices 317 e 2886, com base nas leis 82 e 8714 sobre URV.",0.0
10335,"As mensagens orientavam a contato com um indivíduo (OAB 6624MT, telefone 67930) para obter recolhimento de alvarás.",0.0
10335,"Na tarde, a fraude foi ampliada com uso da imagem, nome completo e dados do escritório, possivelmente extraídos de seu site oficial.",0.0
10335,"O declarante gravou um vídeo alertando sobre o golpe, distribuiu-o em grupos do WhatsApp e publicou em redes sociais para alertar clientes e pessoas próximas.",0.0
10335,"A ocorrência encerrou com a identificação e punição dos responsáveis pela tentativa de estelionato, envolvendo responsabilidade civil e criminal.",0.0
5594,"**RELATÓRIO TÉCNICO RESUMIDO – BOLETIM DE OCORRÊNCIA**  
**DATA DOS FATOS:** 2024-01-17  
**HORA INICIAL DOS FATOS:** 1970-01-01 14:00:00  
**LOCAL:** CUIABA/GOIABEIRA  
**NATUREZA DA OCORRÊNCIA:** FALSA IDENTIDADE  
**RELATO SUCINTO DOS ACONTECIMENTOS:** A vítima relatou o acesso ao WhatsApp utilizando uma conta falsa, com o objetivo de solicitar dinheiro.",0.0
5594,"Contatos foram fornecidos, e um depósito foi realizado via Pix ao nome de Jonatas Santos Silva, CPF 725828.",0.0
5594,"O caso envolveu ações de natureza civil e criminal, com referência a ""supportwhatsappcom"" e a conta 55.",0.0
2100,"**RELATÓRIO TÉCNICO RESUMIDO – BOLETIM DE OCORRÊNCIA**  
**DATA DOS FATOS:** 2025-02-15  
**HORA INICIAL DOS FATOS:** 1970-01-01 18:30:00  
**LOCAL:** CUIABA/JARDIM LEBLON  
**NATUREZA DA OCORRÊNCIA:** ESTELIONATO  
**RELATO SUCINTO DOS ACONTECIMENTOS:** O comunicante relatou que, na data mencionada, negociava a venda de um iPhone 16 via WhatsApp.",0.0
2100,"Dirigiu-se a um posto de serviço público em Jardim Leblon, Cuiabá, para entregar o aparelho a uma terceira pessoa, identificada como Silvinha, que afirmou ter enviado o celular para retirá-lo e solicitou que o comunicante aguardasse o retorno.",0.0
2100,"Posteriormente, Silvinha orientou o comunicante a dirigir-se ao Shopping Pantanal, alegando que sua esposa avaliaria o produto e retiraria o dinheiro necessário para efetuar o pagamento.",0.0
2100,"Ao chegar ao shopping, o comunicante percebeu que havia sido vítima de um golpe e realizou a representação criminal.",0.0
10115,"**RELATÓRIO TÉCNICO RESUMIDO – BOLETIM DE OCORRÊNCIA**  
**DATA DOS FATOS:** 2025-03-26  
**HORA INICIAL DOS FATOS:** 1970-01-01 12:00:00  
**LOCAL:** CUIABA/PORTO  
**NATUREZA DA OCORRÊNCIA:** ESTELIONATO  
**RELATO SUCINTO DOS ACONTECIMENTOS:** O comunicante informou que recebeu ligação via aplicativo WhatsApp de um número 65 5962, que envia mensagens com fotos pessoais e afirma que seu celular quebrou a tela, solicitando o uso do aparelho enquanto arrumava.",0.0
10115,"Posteriormente, o suposto ""pai"" pediu pagamento de R$ 289.900,00 via PIX, indicando CPF 545437 25875 e nome anexado a um boletim de ocorrência.",0.0
10115,"Solicitou comprovante de pagamento, mas o comunicante desconhece o CPF e o nome mencionados, pois não enviou mensagens.",0.0
10115,O pai do comunicante postou avisos em perfis informando que a informação pertence a ele.,0.0
11851,"**RELATÓRIO TÉCNICO RESUMIDO – BOLETIM DE OCORRÊNCIA**  
**DATA DOS FATOS:** 2025-01-05  
**HORA INICIAL DOS FATOS:** 1970-01-01 14:22:00  
**LOCAL:** CUIABA/PREJUDICADO  
**NATUREZA DA OCORRÊNCIA:** ESTELIONATO  
**RELATO SUCINTO DOS ACONTECIMENTOS:**  
O comunicante recebeu, em 01/02/2025, uma mensagem de um suposto advogado (Django Rivero Campos, telefone 66 99954), informando sobre um processo em andamento contra a Prefeitura de Várzea Grande, MT, relacionado a um vínculo empregatício de 10 anos atrás.",0.0
11851,"Após contato com a filha, confirmou a existência de um valor a receber (R$ 370.795,00).",0.0
11851,"Acreditando no tratamento do caso, o comunicante transferiu valores via PIX para uma conta do Banco Santander (beneficiária: Silva, agência 2968, conta corrente 633453), totalizando R$ 580,00, R$ 305,00 e R$ 498,00.",0.0
11851,O último envio ocorreu na data do registro.,0.0
11851,"O suspeito solicitou R$ 27.500,00, alegando que o comunicante possuía o dinheiro, e foi informado que o valor integral do salário seria enviado.",0.0
11851,"Após questionar sobre a possibilidade de ser vítima de golpe, o suspeito parou de responder.",0.0
11851,O comunicante percebeu que tratava-se de um golpe e tomou as devidas providências.,0.0
3863,"**RELATÓRIO TÉCNICO RESUMIDO – BOLETIM DE OCORRÊNCIA**  
**DATA DOS FATOS:** 2024-05-24  
**HORA INICIAL DOS FATOS:** 1970-01-01 14:30:00  
**LOCAL:** CUIABA/SANTA ISABEL  
**NATUREZA DA OCORRÊNCIA:** ESTELIONATO  
**RELATO SUCINTO DOS ACONTECIMENTOS:**  
O relator recebeu uma ligação de um atendente que se identificou como Banco do Brasil, informando ter sido realizada uma compra de cartão de crédito Visa final 8934, titularizado a Atacadão.",0.0
3863,"Após negar a compra, o atendente solicitou o cancelamento, pedindo confirmação de informações.",0.0
3863,"Nesse momento, o celular do relator apresentou falhas: a tela foi apagada, o aparelho começou a processar dados, e tentativas de desligamento foram bem-sucedidas.",0.0
3863,"Após alguns minutos, o celular travou.",0.0
3863,"O relator dirigiu-se imediatamente ao Banco do Brasil, Av.",0.0
3863,"Couto Magalhães, Várzea Grande, MT, no caixa eletrônico, onde inseriu o cartão e verificou a conta, constatando acesso não autorizado.",0.0
3863,"Relatou o fato ao atendente, informando que o celular havia sido roubado e que estava em um golpe.",0.0
3863,"O atendente orientou a registro da ocorrência no box de atendimento, emitiu dois extratos das contas CPF (AG 40436, CC 1357794) e CNPJ (AG 23639, CC 20759), e realizou conferência das movimentações do dia 05/05/2024.",0.0
3863,"Foram observadas movimentações fraudulentas, como pagamento de impostos SP, envio de PIX e TED.",0.0
3863,"O atendente, Endrique, solicitou o bloqueio das senhas das contas e orientou a criação de novas senhas.",0.0
3863,"O banco assegurou que ressarciria os desfalques ocorridos, com base na evidência de que se tratava de um golpe.",0.0
12585,"**RELATÓRIO TÉCNICO RESUMIDO – BOLETIM DE OCORRÊNCIA**  
**DATA DOS FATOS:** 2024-11-15  
**HORA INICIAL DOS FATOS:** 1970-01-01 18:00:00  
**LOCAL:** CUIABA/RECANTO DOS PASSAROS  
**NATUREZA DA OCORRÊNCIA:** ESTELIONATO  
**RELATO SUCINTO DOS ACONTECIMENTOS:**  
A empresa Promo Sob Gestão Kido, responsável por intermediar a venda de um pacote de viagem (ID 2574677) no valor de R$ 35.000,00, utilizou um agente de viagem (ag viagem) e a empresa Embarktur Viagens para captar clientes.",0.0
12585,"O pagamento foi realizado via cartão de crédito, com a promessa de repasse dos valores a hotéis, operadoras aéreas, passeios e transferências.",0.0
12585,"No entanto, a operação resultou no cancelamento de milhares de viagens, causando prejuízos significativos a agências e clientes.",0.0
12585,"As ações fraudulentas, que incluem apropriação indevida de valores e indução de vítimas por erro, caracterizam o crime previsto no art.",0.0
12585,171 do Código Penal.,0.0
12585,"Após contato com a empresa, que desapareceu sem retorno, foi aberto processo judicial, boletim de ocorrência e divulgação em meios de comunicação.",0.0
12585,"A empresa, apesar de consolidada, deixou agências e fornecedores sem serviço contratado, prejudicando clientes.",0.0
10917,"**RELATÓRIO TÉCNICO RESUMIDO – BOLETIM DE OCORRÊNCIA**  
**DATA DOS FATOS:** 2024-07-08  
**HORA INICIAL DOS FATOS:** 08:30  
**LOCAL:** CUIABA/JARDIM DAS AMERICAS  
**NATUREZA DA OCORRÊNCIA:** OUTRAS FRAUDES  
**RELATO SUCINTO DOS ACONTECIMENTOS:** No dia 08/07/2024, o autor conseguiu acesso à conta do Instagram, obtendo a senha e realizando postagens com a imagem e nome de terceiro.",0.0
10917,Amigos enviam prints da rede social com propaganda de investimentos.,0.0
10917,"Atualmente, a senha continua com erros e as postagens continuam sendo feitas com o nome e imagem do autor.",0.0
664,"**RELATÓRIO TÉCNICO RESUMIDO – BOLETIM DE OCORRÊNCIA**  
**DATA DOS FATOS:** 2024-08-02  
**HORA INICIAL DOS FATOS:** 1970-01-01 09:52:00  
**LOCAL:** CUIABA/RIBEIRAO DO LIPA  
**NATUREZA DA OCORRÊNCIA:** ESTELIONATO  
**RELATO SUCINTO DOS ACONTECIMENTOS:**  
O declarante relatou que acessou um site aparentemente seguro, divulgado por meio de um link no Instagram.",0.0
664,"O site apresentava conteúdo como filmagens, fotografias, promoções de outlet e informações de marcas oficiais, incluindo telefone e CNPJ.",0.0
664,"Após contato com um suposto representante da marca (Luiza Barcellos), foi confirmada a compra, com envio de confirmação por email e comprovante de pagamento via plataforma Owem Pay (CNPJ: 37839059/000188).",0.0
664,"O declarante percebeu que o site era falso, já que a empresa intermediadora (Owem Pay) não era confiável.",0.0
664,"O caso envolve possível fraude, com risco de responsabilidade civil e criminal.",0.0
6928,"**RELATÓRIO TÉCNICO RESUMIDO – BOLETIM DE OCORRÊNCIA**  
**DATA DOS FATOS:** 2025-03-14  
**HORA INICIAL DOS FATOS:** 1970-01-01 15:40:00  
**LOCAL:** CUIABA/PREJUDICADO  
**NATUREZA DA OCORRÊNCIA:** ESTELIONATO  
**RELATO SUCINTO DOS ACONTECIMENTOS:** Durante ligação via WhatsApp, suspeito fingiu ser representante do Banco Bradesco, solicitou ao declarante que compartilhasse imagem da tela do celular.",0.0
6928,"Após obtenção da informação, enviou boleto via WhatsApp, instruindo a realização de cinco transferências totais de R$ 994.500, alegando estorno de golpe anterior.",0.0
6928,"Durante o processo, o suspeito interrompeu transações ao esgotar o saldo disponível, sem que o declarante tenha realizado qualquer declaração.",0.0
6075,"**RELATÓRIO TÉCNICO RESUMIDO – BOLETIM DE OCORRÊNCIA**  
**DATA DOS FATOS:** 2025-01-06  
**HORA INICIAL DOS FATOS:** 00:00:00.000  
**LOCAL:** CUIABA/MORADA DA SERRA  
**NATUREZA DA OCORRÊNCIA:** OUTRAS FRAUDES  
**RELATO SUCINTO DOS ACONTECIMENTOS:** A vítima, Dina, recebeu ligação via WhatsApp de pessoa que se passou por seu filho, solicitando recursos financeiros sob pretexto de conta bloqueada e uso de foto da vítima.",0.0
6075,"A mãe da vítima, desconfiada, desligou imediatamente.",0.0
6075,"Dias depois, amiga da vítima, em Santa Catarina, recebeu ligação de mulher afirmando que mala da vítima foi extraviada, solicitando contato para entrega e enviando link de pagamento.",0.0
6075,"A amiga desconfiou e contactou a vítima, que negou o ocorrido.",0.0
6075,"Posteriormente, a vítima descobriu que dois perfis falsos foram criados em sua nome, utilizando dados e fotos verdadeiras no Facebook.",0.0
6075,"Os golpistas tentaram contato com pessoas com dados da vítima, sendo apresentados prints de conversas com o fraudador no WhatsApp.",0.0
4770,"**RELATÓRIO TÉCNICO RESUMIDO – BOLETIM DE OCORRÊNCIA**  
**DATA DOS FATOS:** 2025-04-13  
**HORA INICIAL DOS FATOS:** 04:11  
**LOCAL:** CUIABA/COOPHEMA  
**NATUREZA DA OCORRÊNCIA:** ESTELIONATO  
**RELATO SUCINTO DOS ACONTECIMENTOS:**  
O autor relatou que, no dia 13/04/2025, às 04h11, foi vítima de uma fraude em que foi seduzido por uma oferta falsa no Instagram (perfil ""ezpagoficial"") prometendo financiar um iPhone e oferecer uma casa, pagando apenas a primeira parcela.",0.0
4770,"Após acessar o site ""httpsezpagbrasilshop"", realizar uma compra e esperar por 24 horas, não recebeu o contrato de compra, apesar de ter sido informado que o documento seria enviado por e-mail.",0.0
4770,"Ao investigar a empresa, descobriu que a mesma é residente nos Estados Unidos, com perfil ""ezpagusa"" e site ""httpswwwezpagus"", sem vinculação com o Brasil.",0.0
4770,"O pagamento foi realizado via PIX, mas não houve retorno ou resolução do caso.",0.0
6146,"**RELATÓRIO TÉCNICO RESUMIDO – BOLETIM DE OCORRÊNCIA**  
**DATA DOS FATOS:** 2024-12-12  
**HORA INICIAL DOS FATOS:** 1970-01-01 15:00:00  
**LOCAL:** CUIABA/BOSQUE DA SAUDE  
**NATUREZA DA OCORRÊNCIA:** ESTELIONATO  
**RELATO SUCINTO DOS ACONTECIMENTOS:** O comunicante informou que, por meio do aplicativo Instagram, recebeu um anúncio verificado de uma empresa supostamente especializada em vendas de produtos Apple.",0.0
6146,"O perfil foi redirecionado para um WhatsApp de uma suposta loja (Pepeiphonesbr), onde iniciou uma negociação.",0.0
6146,"Em contato com a atendente Daniela, que identificou-se como esposa do senhor Pepe (suposto dono da loja), o comunicante demonstrou interesse em dois produtos (Mac Air e microfone).",0.0
6146,"Solicitou o valor do frete para a mercadoria e realizou pagamento de R$ 389.635,00 à senhora Daniela.",0.0
6146,"O atendente afirmou que o valor foi debitado e que seria estornado, mas nada foi feito.",0.0
6146,O aplicativo WhatsApp e o número da suposta loja foram bloqueados.,0.0
6146,Autores desconhecidos.,0.0
6146,Medidas cabíveis foram registradas.,0.0
10691,"**RELATÓRIO TÉCNICO RESUMIDO – BOLETIM DE OCORRÊNCIA**  
**DATA DOS FATOS:** 2025-02-06  
**HORA INICIAL DOS FATOS:** 17:50  
**LOCAL:** CUIABA/CIDADE VERDE  
**NATUREZA DA OCORRÊNCIA:** INVASÃO DE DISPOSITIVO INFORMÁTICO  
**RELATO SUCINTO DOS ACONTECIMENTOS:** A vítima relata que a conta ""99 motorista"" foi utilizada por outra pessoa, sendo impossível acessar o aplicativo.",0.0
10691,"Após tentativas, conseguiu reativar a conta, mas houve dificuldades no acesso inicial.",0.0
10691,"A ocorrência envolve possível invasão de dispositivo, com alteração de acesso a uma conta vinculada a um motorista.",0.0
10929,"**RELATÓRIO TÉCNICO RESUMIDO – BOLETIM DE OCORRÊNCIA**  
**DATA DOS FATOS:** 2024-05-13  
**HORA INICIAL DOS FATOS:** 09:40:00  
**LOCAL:** CUIABA/NOSSA SENHORA APARECIDA  
**NATUREZA DA OCORRÊNCIA:** ESTELIONATO  
**RELATO SUCINTO DOS ACONTECIMENTOS:**  
O comunicante recebeu, na manhã do dia 13/05/2024, contato via WhatsApp de um telefone com número 17938, que se identificou como Marília Menezes, secretária do escritório Macedo Castro Advocacia.",0.0
10929,O contato afirmou que um processo de aposentadoria e invalidez estava em andamento e que o comunicante deveria entrar em contato com o advogado Dr. 708912.,0.0
10929,"Após iniciar a conversa, foi informado que restava um valor de R$ 5.361.496,00 a ser recebido, mas que, para confirmar, era necessário efetuar uma transferência de R$ 199.990,00 para o CPF 09771630326, supostamente para pagar imposto de renda.",0.0
10929,"Após a transferência, o comunicante recebeu uma mensagem do telefone oficial do escritório (65 36224041) alertando que havia tentativas de golpe e que o nome Dr. Lindolfo não estava associado a nenhum contato realizado via aquele telefone.",0.0
10929,A ocorrência foi confeccionada pelo comunicante.,0.0
477,"**RELATÓRIO TÉCNICO RESUMIDO – BOLETIM DE OCORRÊNCIA**  
**DATA DOS FATOS:** 2024-07-15  
**HORA INICIAL DOS FATOS:** 12:00:00  
**LOCAL:** CUIABA/PREJUDICADO  
**NATUREZA DA OCORRÊNCIA:** ESTELIONATO  
**RELATO SUCINTO DOS ACONTECIMENTOS:** A comunicante relatou que, ao tentar pagar um boleto de carro, acessou um suposto site do DETRAN e foi solicitada a pagamento de um boleto falso via PIX QR Code.",0.0
477,"O boleto foi encaminhado por uma empresa fictícia, ""Rec Empresariais Ltda"", CNPJ 54.364.200.0124, associada a ""Stone Pagamentos SA"".",0.0
477,"Nenhuma providência foi tomada pelo comunicante, e não há declarações adicionais.",0.0
11809,"**RELATÓRIO TÉCNICO RESUMIDO – BOLETIM DE OCORRÊNCIA**  
**DATA DOS FATOS:** 2025-02-18  
**HORA INICIAL DOS FATOS:** 1970-01-01 09:00:00  
**LOCAL:** CUIABA/PREJUDICADO  
**NATUREZA DA OCORRÊNCIA:** ESTELIONATO  
**RELATO SUCINTO DOS ACONTECIMENTOS:** O declarante relatou que foi contatado por um suspeito, identificado como ""Mark JEO"", via aplicativo de mensagens.",0.0
11809,"O suspeito solicitou seu número do WhatsApp, informou residir em Londres e ofereceu presentes, exigindo pagamento de R$ 2 para liberar um pacote contendo os itens.",0.0
11809,"O declarante realizou o pagamento via Pix (CPF 198830 0 0, destinatário d1055gmailcom, Caixa Econômica Federal).",0.0
11809,"Posteriormente, o suspeito solicitou R$ 4.500, e o declarante tentou efetuar o pagamento, mas foi alertado pelos atendentes do banco sobre possível golpe.",0.0
11809,"Desde então, o declarante vem recebendo ameaças via WhatsApp, com números: 32 991616759 e 44 7747 070629.",0.0
11809,Nada mais foi declarado.,0.0
4626,"**RELATÓRIO TÉCNICO RESUMIDO – BOLETIM DE OCORRÊNCIA**  
**DATA DOS FATOS:** 2024-11-06  
**HORA INICIAL DOS FATOS:** 1970-01-01 12:41:00 (Possível erro de registro; conforme narrativa, o contato foi feito em 08/10/2024)  
**LOCAL:** CUIABA/PASCOAL RAMOS  
**NATUREZA DA OCORRÊNCIA:** ESTELIONATO  
**RELATO SUCINTO DOS ACONTECIMENTOS:**  
A vítima relata que um suspeito, usando identidade falsa com CPF 0382471 76, entrou em contato via WhatsApp para realizar um frete de soja de Corumbiara (MT) a Cuiabá (MT).",0.0
4626,"O suspeito informou ter interesse em transportar a carga e passou por fiscalização, fornecendo dados falsos sobre a empresa e o motorista.",0.0
4626,"A carga foi carregada na fazenda Tapyratynga, com saída em 04/10/2024 e chegada em 06/10/2024.",0.0
4626,"O suspeito contactou novamente em 08/10/2024, solicitando o manifesto de entrega.",0.0
4626,"A vítima informa que, em 11/11/2024, o suspeito ligou para a empresa FJ Santoro Transportes, onde supostamente trabalha Edemar, mas a empresa já havia sido alertada sobre o golpe, pois opera na rota de Rondônia.",0.0
4626,"A vítima foi orientada a contactar o dono da empresa, Gerônimo, para tomada de providências.",0.0
4626,Nada foi declarado como perdido ou danificado.,0.0
12836,"**RELATÓRIO TÉCNICO RESUMIDO – BOLETIM DE OCORRÊNCIA**  
**DATA DOS FATOS:** 2024-12-05  
**HORA INICIAL DOS FATOS:** 1970-01-01 15:00:00  
**LOCAL:** CUIABA/BOA ESPERANÇA  
**NATUREZA DA OCORRÊNCIA:** ESTELIONATO  
**RELATO SUCINTO DOS ACONTECIMENTOS:** O autor da ocorrência recebeu uma ligação informando sobre agendamento de PIX, com argumentos convincentes.",0.0
12836,"A vítima acessou o aplicativo da Caixa Econômica, tentou cancelar o PIX, mas acabou realizando uma transação.",0.0
12836,"Posteriormente, contactou a Caixa Econômica Federal, informou o gerente e realizou o protocolo bancário, sendo atendido por um funcionário da instituição.",0.0
4373,"**RELATÓRIO TÉCNICO RESUMIDO – BOLETIM DE OCORRÊNCIA**  
**DATA DOS FATOS:** 2025-03-27  
**HORA INICIAL DOS FATOS:** 2025-03-27 19:35:00  
**LOCAL:** CUIABA/NOVA ESPERANCA  
**NATUREZA DA OCORRÊNCIA:** ESTELIONATO  
**RELATO SUCINTO DOS ACONTECIMENTOS:**  
O comunicante compareceu ao dia 26 a uma concessionária Honda, após ver propaganda no Facebook oferecendo venda de motocicleta a preço acessível.",0.0
4373,"Conversou com suposto vendedor via WhatsApp, acordando valor total de R$ 5,00.",0.0
4373,"O suposto gerente do banco BV, Leandro Alves, informou que entraria em contato para autorizar o pagamento.",0.0
4373,"O comunicante efetuou dois pagamentos: R$ 4,00 via Pix no Nubank em 27/03/2025 e R$ 1.000,00 via Pix no Banco Ton, conforme combinado.",0.0
4373,A expectativa era a entrega da motocicleta no dia 27/03/2025.,0.0
4373,"No entanto, após a entrega, o suposto Leandro Alves informou que iria comentar com o banco para resolver a situação, mas o acordo não foi cumprido, e o comunicante não declarou nada.",0.0
1934,"**RELATÓRIO TÉCNICO RESUMIDO – BOLETIM DE OCORRÊNCIA**  
**DATA DOS FATOS:** 2024-04-18  
**HORA INICIAL DOS FATOS:** 1970-01-01 15:30:00  
**LOCAL:** CUIABA/PREJUDICADO  
**NATUREZA DA OCORRÊNCIA:** ESTELIONATO  
**RELATO SUCINTO DOS ACONTECIMENTOS:** O comunicante recebeu uma mensagem de uma pessoa identificada como ""Morgana Kamilla"", que se passava por advogada, com foto de perfil e contato via WhatsApp.",0.0
1934,"Através do aplicativo, foi solicitado acesso a informações sobre uma ação judicial, incluindo alvarás de liberação de pagamento.",0.0
1934,"O comunicante foi induzido a fornecer dados bancários (Banco Bradesco Next, agência 37, conta 8106843, CPF 053.39361) e um PIX.",0.0
1934,"Posteriormente, foi solicitado o pagamento de R$ 19.711,01, alegando que o valor ultrapassava o teto de imposto de renda e que a Receita exigia pagamento.",0.0
1934,"O comunicante, após desconfiar, tentou contato com a suposta advogada, mas foi informado de falsas informações, levando à comunicação da ocorrência.",0.0
1934,"Nenhum valor foi efetivamente pago, e o caso foi registrado como estelionato.",0.0
12483,"**RELATÓRIO TÉCNICO RESUMIDO – BOLETIM DE OCORRÊNCIA**  
**DATA DOS FATOS:** 2024-12-13  
**HORA INICIAL DOS FATOS:** 1970-01-01 14:00:00  
**LOCAL:** CUIABA/PREJUDICADO  
**NATUREZA DA OCORRÊNCIA:** ESTELIONATO  
**RELATO SUCINTO DOS ACONTECIMENTOS:**  
O comunicante recebeu mensagens de pessoa desconhecida, que afirmava que seu filho estaria aplicando golpes.",0.0
12483,"O autor solicitou dados bancários do Bradesco (agência 36, conta PIX 03 481) e orientou a utilização de conta vinculada ao banco Next.",0.0
12483,"Posteriormente, recebeu contato de pessoa com CPF 66158, que supostamente sabia informações pessoais (nome da mãe, pai) e solicitou transferência de R$3.000,00.",0.0
12483,"O comunicante acessou o aplicativo Next e constatou transações indevidas, envolvendo diversos beneficiários e valores, como Jhones Andrade Silva (R$5,00), JPS Intermediações Serviços Financeiros Ltda (CNPJ 477264...), Cartos SCD SA (R$...), Ezzepag Pagamento Ltda (CNPJ 377436...), Cooperativa Creditag (R$...), entre outros.",0.0
12483,"As transações ocorreram em datas variadas (14, 21, 23, 27, 28, 31/12/2024, 01/01/2025, etc.",0.2
12483,"), envolvendo diferentes plataformas (Mercado Pago, PicPay, Claro Pay, etc.).",0.0
12483,O comunicante desconhece todas as operações e não autorizou as transferências.,0.0
11000,"**RELATÓRIO TÉCNICO RESUMIDO – BOLETIM DE OCORRÊNCIA**  
**DATA DOS FATOS:** 2024-02-28  
**HORA INICIAL DOS FATOS:** 1970-01-01 16:30:00  
**LOCAL:** CUIABA/CPA 2  
**NATUREZA DA OCORRÊNCIA:** OUTRAS FRAUDES  
**RELATO SUCINTO DOS ACONTECIMENTOS:** O relator recebeu um e-mail fraudulento informando sobre suposto uso indevido de sua senha no banco Nubank, sendo instruído a ligar para o número 08 3235036 para realizar procedimento de segurança.",0.0
11000,"Após seguir as orientações, informou dados pessoais, incluindo senha, saldo e informações como sobrenome da mãe, via WhatsApp.",0.0
11000,"Percebeu que os dados foram utilizados para realizar transações fraudulentas, resultando na saque de R$ 2.442,00 via PIX e em um crédito de R$ 1.553,00 utilizando cartão, com comprovantes gerados com nome ""Trindade Filho"", CNPJ 54095434/41, agência 0001.",0.0
11000,"Após identificar a fraude, o relator reconheceu que a situação era uma tentativa de golpe.",0.0
5692,"**RELATÓRIO TÉCNICO RESUMIDO – BOLETIM DE OCORRÊNCIA**  
**DATA DOS FATOS:** 2024-02-02  
**HORA INICIAL DOS FATOS:** 1970-01-01 08:00:00  
**LOCAL:** CUIABA/PEDRA 90  
**NATUREZA DA OCORRÊNCIA:** ESTELIONATO  
**RELATO SUCINTO DOS ACONTECIMENTOS:** A vítima recebeu mensagens de uma pessoa identificada como Fernanda, gerente financeira do Agibank, que mencionou um cartão BMG com movimentação há nove anos.",0.0
5692,A vítima confirmou o cartão e solicitou cancelamento.,0.0
5692,Os suspeitos solicitaram fotos de documentos pessoais e uma selfie para validar o processo.,0.0
5692,"Posteriormente, pediram empréstimo em nome da vítima, no valor de R$ 8.876,00, e solicitaram a transferência do valor para uma conta bancária (Banco Pan623, CPF: xxx 320 377xx).",0.0
5692,"Foram realizadas duas transferências: uma via PIX no valor de R$ 7.500,00 e outra de R$ 130.400,00.",0.0
5692,"A vítima afirma que solicitou o empréstimo, mas desconhece o suspeito e seu paradeiro.",0.0
5692,O comunicante relata que não tem conhecimento sobre o suspeito.,0.0
14258,"**RELATÓRIO TÉCNICO RESUMIDO – BOLETIM DE OCORRÊNCIA**  
**DATA DOS FATOS:** 2024-05-24  
**HORA INICIAL DOS FATOS:** 09:30  
**LOCAL:** CUIABA/PREJUDICADO  
**NATUREZA DA OCORRÊNCIA:** ESTELIONATO  
**RELATO SUCINTO DOS ACONTECIMENTOS:** A vítima, que conhecia o suspeito há menos de 10 anos, relatou que o suspeito atuava como vendedor de veículos, repassando carros da concessionária Saga.",0.0
14258,O suspeito fornecia informações privilegiadas sobre preços e afirmava que reduziria o valor dos veículos para facilitar a compra.,0.0
14258,"A vítima estimou um prejuízo de R$225.000, referente a seis veículos, mas não conseguiu obter nenhum dos carros negociados.",0.0
14258,"O caso foi divulgado recentemente pela mídia, e a vítima aguarda a tomada das providências cabíveis.",0.0
14258,Nada mais foi declarado.,0.0
7085,"**RELATÓRIO TÉCNICO RESUMIDO – BOLETIM DE OCORRÊNCIA**  
**DATA DOS FATOS:** 2024-01-03  
**HORA INICIAL DOS FATOS:** 1970-01-01 11:00:00  
**LOCAL:** CUIABA/PREJUDICADO  
**NATUREZA DA OCORRÊNCIA:** ESTELIONATO  
**RELATO SUCINTO DOS ACONTECIMENTOS:** A vítima recebeu uma mensagem oferecendo empréstimo para micro e pequenas empresas, solicitando dados pessoais e empresariais.",0.0
7085,"Após aprovação fictícia da proposta, foi informada de que o score de crédito era baixo, impedindo a liberação.",0.0
7085,"Foi orientada a enviar R$ 300,00 para uma conta bancária (CPF 1860, conta 5519, ID da transação PIX e401031539x3wvgbldxvh).",0.0
7085,"Após enviar comprovante, foi informada de que o score ainda era baixo e solicitou nova transferência para ""aumentar"" o score.",0.0
7085,"Após aguardar, nada foi liberado e não houve declaração de resultados.",0.0
10236,"**RELATÓRIO TÉCNICO RESUMIDO – BOLETIM DE OCORRÊNCIA**  
**DATA DOS FATOS:** 2024-06-13  
**HORA INICIAL DOS FATOS:** 1970-01-01 08:00:00  
**LOCAL:** CUIABA/MORADA DA SERRA  
**NATUREZA DA OCORRÊNCIA:** ESTELIONATO  
**RELATO SUCINTO DOS ACONTECIMENTOS:** A vítima relatou que estava pagando parcelas mensais no valor de R$ 270,270,00 (duzentos e setenta reais) para uma dívida, com a última parcela quitada em dezembro de 2023.",0.0
10236,"Posteriormente, ao entrar em contato com o banco, informou que passou o nome de um advogado para regularizar a dívida.",0.0
10236,"A vítima mencionou que utilizou o número de transferência bancária 55fd9abca42a69ae61f10a6ad9c, referente a uma operação realizada em nome da empresa ""Citabank Participações Ltda"", vinculada ao Santander Brasil S.A. Ao tentar confirmar o status da dívida, a vítima não conseguiu obter informações claras sobre a quitação, suscitando dúvidas sobre a legitimidade do pagamento e a origem do valor.",0.0
11337,"**RELATÓRIO TÉCNICO RESUMIDO – BOLETIM DE OCORRÊNCIA**  
**DATA DOS FATOS:** 2024-04-04  
**HORA INICIAL DOS FATOS:** 1970-01-01 11:15:00 (possível inconsistência no formato)  
**LOCAL:** CUIABA/ALDEIA (DOM AQUINO)  
**NATUREZA DA OCORRÊNCIA:** ESTELIONATO  
**RELATO SUCINTO DOS ACONTECIMENTOS:**  
A vítima relata que foi vítima de golpe por meio de uma rede de mensagens no WhatsApp, onde uma colega de trabalho, Flávia Fialho, ofereceu uma ""super oferta"" envolvendo investimento via PIX.",0.0
11337,"Inicialmente, a vítima desconfiou e questionou a legitimidade do oferecimento, mas foi convencida após envio de prints de supostos resultados de investimento.",0.0
11337,"A vítima, sob pressão e confiança na colega, realizou um empréstimo de R$ 2,00 e enviou PIX para o protocolo 54526921 000111.",0.0
11337,"Posteriormente, tentou contato com Flávia, mas foi ignorada.",0.0
11337,"Ao descobrir que a colega havia migrado para Cuiabá e acessado seu celular, a vítima percebeu que suas informações foram roubadas.",0.0
11337,"Após reportar o caso ao Nubank, confirmou a fraude e agora busca reaver os valores.",0.0
11337,"O PIX foi revertido após 15 dias, mas a vítima busca esclarecimento sobre o retorno total do dinheiro.",0.0
8999,"**RELATÓRIO TÉCNICO RESUMIDO – BOLETIM DE OCORRÊNCIA**  
**DATA DOS FATOS:** 2025-03-19  
**HORA INICIAL DOS FATOS:** 19:00  
**LOCAL:** CUIABA/PREJUDICADO  
**NATUREZA DA OCORRÊNCIA:** ESTELIONATO  
**RELATO SUCINTO DOS ACONTECIMENTOS:**  
No dia 19 de março de 2025, o comunicante recebeu uma ligação de pessoa identificada como suposto funcionário do Banco do Brasil, que informou estar realizando uma compra com o nome do comunicante.",0.0
8999,"O golpista orientou a vítima a abrir o aplicativo do banco e impedir a compra, mas, ao seguir as instruções, o comunicante acabou solicitando um empréstimo de R$ 100, transferindo via PIX a quantia de R$ 40 para a conta poupança da Caixa Econômica Federal, titular de José S. Benigno Jr., número da conta 032025.",0.0
8999,A transferência foi realizada às 19h.,0.0
6516,"**RELATÓRIO TÉCNICO RESUMIDO – BOLETIM DE OCORRÊNCIA**  
**DATA DOS FATOS:** 2024-05-30  
**HORA INICIAL DOS FATOS:** 18:02:00  
**LOCAL:** CUIABA/MORADA DO OURO  
**NATUREZA DA OCORRÊNCIA:** OUTRAS FRAUDES  
**RELATO SUCINTO DOS ACONTECIMENTOS:**  
O declarante acessou, no dia 30/05/2024, o site **httpsdetranmtonlinecom** (site com aparência semelhante ao da SEFAZ), com a intenção de emitir guia IPVA de veículo.",0.0
6516,"Após identificar o site como suspeito, realizou pagamento via PIX no valor de R$ 2,00 em 30/05/2024.",0.0
6516,"Posteriormente, em 19/07/2024, constatou que a taxa IPVA ainda estava pendente e entrou em contato com a SEFAZ por telefone, confirmando o golpe.",0.0
6516,"Foi orientado a realizar boletim de ocorrência, informando o protocolo da ligação.",0.0
6516,"Após contato com o banco, foi informado sobre possibilidade de restituição do valor de R$ 216.587,00.",0.0
6516,Ocorrência foi confeccionada com responsabilidade civil e criminal.,0.0
7362,"**RELATÓRIO TÉCNICO RESUMIDO – BOLETIM DE OCORRÊNCIA**  
**DATA DOS FATOS:** 2024-07-01  
**HORA INICIAL DOS FATOS:** 1970-01-01 12:26:00  
**LOCAL:** CUIABA/JARDIM DAS PALMEIRAS  
**NATUREZA DA OCORRÊNCIA:** ESTELIONATO  
**RELATO SUCINTO DOS ACONTECIMENTOS:** O autor da ocorrência relatou ter recebido contato via WhatsApp, onde uma pessoa identificada como ""advogado"" informou sobre um processo trabalhista, mencionando a liberação de um alvara de pagamento na data informada.",0.0
7362,"Foi solicitado o pagamento de impostos (COFINS e DFR), resultando na efetivação de dois PIX: um no valor de R$ 3.900,00 para a empresa ""Happy Pago Ltda"" e outro no valor de R$ 199.805,00 via Bradesco, com o CPF/CNPJ 713231/40417, nomeando Cesar Lourenco Costa como beneficiário.",0.0
7362,A vítima informa que foi vítima de golpe.,0.0
7037,"**RELATÓRIO TÉCNICO RESUMIDO – BOLETIM DE OCORRÊNCIA**  
**DATA DOS FATOS:** 2024-03-14  
**HORA INICIAL DOS FATOS:** 1970-01-01 09:00:00  
**LOCAL:** CUIABA/PLANALTO  
**NATUREZA DA OCORRÊNCIA:** OUTRAS FRAUDES  
**RELATO SUCINTO DOS ACONTECIMENTOS:**  
No dia e horário mencionados, o autor da ocorrência envia mensagem à vítima, que prontamente o bloqueia.",0.0
7037,"Posteriormente, a irmã da vítima solicita dinheiro, sendo ameaçada pelo autor, que ameaça publicar fotos falsas da vítima.",0.0
7037,A irmã e o autor bloqueiam a vítima novamente.,0.0
7037,"Um novo contato é feito com a irmã da vítima, que também é ameaçada.",0.0
7037,"A vítima relata que dois bloqueios foram realizados, mas não informa detalhes adicionais.",0.0
9996,"**RELATÓRIO TÉCNICO RESUMIDO – BOLETIM DE OCORRÊNCIA**  
**DATA DOS FATOS:** 2024-01-12 13:00:00.000  
**HORA INICIAL DOS FATOS:** 1970-01-01 13:00:00  
**LOCAL:** CUIABA/CENTRO POLITICO ADMINISTRATIVO  
**NATUREZA DA OCORRÊNCIA:** OUTRAS FRAUDES  
**RELATO SUCINTO DOS ACONTECIMENTOS:** O relator informa que, no dia 12/01/2024, às 13h, seu celular (WhatsApp) foi hackeado, resultando na perda de acesso ao aplicativo de mensagens.",0.0
9996,"O dispositivo foi utilizado para enviar mensagens a contatos, solicitando transferências de dinheiro para contas de terceiros.",0.0
9996,O caso foi registrado com protocolo.,0.0
15007,"**RELATÓRIO TÉCNICO RESUMIDO – BOLETIM DE OCORRÊNCIA**  
**DATA DOS FATOS:** 2024-06-18  
**HORA INICIAL DOS FATOS:** 1970-01-01 19:14:00  
**LOCAL:** CUIABA/ALTOS DO COXIPO  
**NATUREZA DA OCORRÊNCIA:** ESTELIONATO  
**RELATO SUCINTO DOS ACONTECIMENTOS:** A vítima relatou ter realizado o pagamento do IPVA, acompanhando a data 28062024, quando recebeu informações de baixa da SEFAZ.",0.0
15007,"Durante o processo, foi possível ganhar tempo, envolvendo a CPA (Companhia de Proteção Ambiental) e o autor (I ali) tomou ciência de que havia caído em um golpe.",0.0
13285,"**RELATÓRIO TÉCNICO RESUMIDO – BOLETIM DE OCORRÊNCIA**  
**DATA DOS FATOS:** 2024-08-13  
**HORA INICIAL DOS FATOS:** 06:10  
**LOCAL:** CUIABA/JARDIM FLORIANOPOLIS – RESIDÊNCIA PARTICULAR  
**NATUREZA DA OCORRÊNCIA:** TRÁFICO ILÍCITO DE DROGAS  
**RELATO SUCINTO DOS ACONTECIMENTOS:**  
Foram cumpridos mandados de busca e apreensão expedidos pelo juiz de direito do núcleo de inquérito policiais, com a participação das equipes policiais compostas por DPC Vinicius Nazário, EPC Priscila Mayumi e IPC Deligeciaram.",0.0
13285,"Durante o cumprimento, foi constatada a presença da suspeita Milaine Paula, que tentou destruir um aparelho telefônico em mãos, desobedecendo ordens policiais.",0.0
13285,"Na residência localizada na rua 21, quadra 21, casa 10, bairro Florianópolis, foram apreendidos: um frasco verde com material análogo a pólvora, um invólucro com aproximadamente 300 gramas de substância aparentando analogia a skank, uma balança digital, e diversos eletrônicos (smartphones, tablets).",0.0
13285,"A residência é de propriedade de Luciano Oliveira, CPF 86162853187, há três meses.",0.0
13285,"A suspeita, identificada como Milaine Deborah, foi confirmada como alvo de busca e apreensão, com outros envolvidos no processo.",0.0
7837,"**RELATÓRIO TÉCNICO RESUMIDO – BOLETIM DE OCORRÊNCIA**  
**DATA DOS FATOS:** 2025-02-21  
**HORA INICIAL DOS FATOS:** 1970-01-01 11:00:00  
**LOCAL:** CUIABA/PREJUDICADO – POSTO DE GASOLINA  
**NATUREZA DA OCORRÊNCIA:** ESTELIONATO  
**RELATO SUCINTO DOS ACONTECIMENTOS:**  
O comunicante, que trabalha em um posto de gasolina da rede Amazônia em Cuiabá/MT, relatou que seu CPF foi utilizado para gerar notas fiscais de abastecimentos de diesel, sem seu consentimento.",0.0
7837,O veículo envolvido possui placa AJR0B e é frequentado pelo comunicante.,0.0
7837,"Durante a análise, foi constatado que o gerente do posto ""Br Várzea Grande"" autorizou a geração de três notas fiscais, bem como o acesso às imagens das câmeras do estabelecimento, sem a devida autorização judicial.",0.0
7837,"O comunicante também informou que, em 31/03/2025, às 19h, foi realizado um abastecimento de 450 litros de diesel (valor R$2.740,00) com placa AJR0B44, modelo identificado.",0.0
7837,"Posteriormente, o gerente direcionou o comunicante a outro posto da rede (Petrobras, localizado na Avenida Miguel Sutil), onde funcionários do setor RH informaram que os pedidos de notas fiscais e acesso às imagens requerem autorização judicial.",0.0
7837,A representação criminal foi formalizada com base na prática de estelionato.,0.0
4254,"**RELATÓRIO TÉCNICO RESUMIDO – BOLETIM DE OCORRÊNCIA**  
**DATA DOS FATOS:** 2024-09-25  
**HORA INICIAL DOS FATOS:** 1970-01-01 13:00:00  
**LOCAL:** CUIABA/PREJUDICADO  
**NATUREZA DA OCORRÊNCIA:** ESTELIONATO  
**RELATO SUCINTO DOS ACONTECIMENTOS:** A Receita Federal descobriu que o comunicante estava envolvido em uma pendência referente a uma pensão de valor R$ 3.000,00, resultando em obrigação de pagamento de imposto de renda.",0.0
4254,"O comunicante não relatou qualquer informação sobre o fato, mas foi realizado o relato da ocorrência.",0.0
2685,"**RELATÓRIO TÉCNICO RESUMIDO – BOLETIM DE OCORRÊNCIA**  
**DATA DOS FATOS:** 2024-08-08 20:21:00  
**HORA INICIAL DOS FATOS:** 1970-01-01 20:21:00  
**LOCAL:** CUIABA/CPA 1  
**NATUREZA DA OCORRÊNCIA:** OUTRAS FRAUDES  
**RELATO SUCINTO DOS ACONTECIMENTOS:** A vítima relata ter sido vítima de golpe virtual, onde foi seduzida com a promessa de retorno imediato de investimento.",0.0
2685,"Após transferir R$ 500,00, recebeu contato via WhatsApp solicitando emprestimo, alegando que a conta existia, mas não permitia o retorno do investimento.",0.0
2685,"Foi solicitado novamente o envio de valor para outra conta, com uso de PIX, conforme anexo com conversas e transferências nº 8.",0.0
7589,"**RELATÓRIO TÉCNICO RESUMIDO – BOLETIM DE OCORRÊNCIA**  
**DATA DOS FATOS:** 2024-03-02  
**HORA INICIAL DOS FATOS:** 1970-01-01 16:30:00  
**LOCAL:** CUIABA/JARDIM PETROPOLIS  
**NATUREZA DA OCORRÊNCIA:** OUTRAS FRAUDES  
**RELATO SUCINTO DOS ACONTECIMENTOS:** A vítima relatou que sua conta do Netflix foi invadida, com o perfil desconectado.",0.0
7589,"Após tentar cadastrar um novo usuário, entrou em contato com a operadora Vivo, que confirmou que tudo estava certo.",0.0
7589,"Posteriormente, ao contactar a Netflix, descobriu que a conta havia sido comprometida.",0.0
7589,"A vítima informou que o perfil Facebook ""Francine Andrade"" foi utilizado para vender produtos, passando a ela informações fraudulentas.",0.0
5656,"**RELATÓRIO TÉCNICO RESUMIDO – BOLETIM DE OCORRÊNCIA**  
**DATA DOS FATOS:** 2024-10-13  
**HORA INICIAL DOS FATOS:** 1970-01-01 15:00:00  
**LOCAL:** CUIABA/MORADA DA SERRA  
**NATUREZA DA OCORRÊNCIA:** ESTELIONATO  
**RELATO SUCINTO DOS ACONTECIMENTOS:** Ocorreu tentativa de estelionato via internet, onde suspeitos clonaram uma conta ou identidade e solicitaram dinheiro a pessoas listadas na agenda da vítima.",0.0
5656,"No momento da solicitação, ninguém realizou o depósito.",0.0
8008,"**RELATÓRIO TÉCNICO RESUMIDO – BOLETIM DE OCORRÊNCIA**  
**DATA DOS FATOS:** 2024-03-01  
**HORA INICIAL DOS FATOS:** 2024-03-01 11:38:00  
**LOCAL:** CUIABA/PREJUDICADO  
**NATUREZA DA OCORRÊNCIA:** ESTELIONATO  
**RELATO SUCINTO DOS ACONTECIMENTOS:** A vítima relata que, no dia 01/03/2024, recebeu uma mensagem de suposta funcionária do banco Caixa, que solicitou o envio de Pix no valor de R$ 1.600,00 para o nome de ""Luciano Moares Dutra"".",0.0
8008,"Após seguir as instruções para realizar a transferência, a vítima percebeu que se tratava de um golpe e não realizou o pagamento.",0.0
8008,"O suspeito solicitou que o aparelho fosse mexido por 15 minutos, mas a vítima desconfiou e envia mensagem a sua sobrinha, sem declarar nada.",0.0
10331,"**RELATÓRIO TÉCNICO RESUMIDO – BOLETIM DE OCORRÊNCIA**  
**DATA DOS FATOS:** 2024-10-26  
**HORA INICIAL DOS FATOS:** 18:47 (possível erro de registro, data original: 2024-10-26)  
**LOCAL:** CUIABA/TROPICAL VILLE  
**NATUREZA DA OCORRÊNCIA:** ESTELIONATO  
**RELATO SUCINTO DOS ACONTECIMENTOS:** A vítima, sr. João (nome fictício), informou que a sra.",0.0
10331,"Jessica Suelen Santos Silva publicou um anúncio em grupo de bairro oferecendo móveis para venda, motivada pela mudança para um novo apartamento.",0.0
10331,"Em 27/10/2024, foi combinado a visualização de um sofá, valorizado em R$8.",0.0
10331,"A vítima realizou transferência de R$500 via PIX (conta 044132 521, beneficiária: Jessica, financeira Neon).",0.0
10331,"Em 29/10/2024, foi acordado o levantamento do sofá, mas a sra.",0.0
10331,Jessica alegou que o móvel era pesado e não poderia ser transportado sozinha.,0.0
10331,"A vítima planejou retornar em outro dia, mas a acusada começou a inventar desculpas para não entregar o produto e devolver o dinheiro.",0.0
10331,A vítima relata que não recebeu o sofá e o valor.,0.0
14332,"**RELATÓRIO TÉCNICO RESUMIDO – BOLETIM DE OCORRÊNCIA**  
**DATA DOS FATOS:** 2024-04-10  
**HORA INICIAL DOS FATOS:** 12:05  
**LOCAL:** CUIABA/JARDIM SHANGRI-LA  
**NATUREZA DA OCORRÊNCIA:** OUTRAS FRAUDES  
**RELATO SUCINTO DOS ACONTECIMENTOS:**  
O relato refere-se a um golpe cibernético sofrido por um residente no endereço rua Malaia, n° 4, bairro Shangrilá, CEP 7800, Cuiabá.",0.0
14332,"A vítima, portadora de RG 361632/SSPMT e CPF 599525134, foi vítima de furto de dados e fraudes através de aplicativo de conversas (WhatsApp).",0.0
14332,"Durante meses, recebeu mensalidades referentes a plano de saúde Unimed Cuiabá (inscrito 6850).",0.0
14332,"Em 10/04/2024, efetuou pagamento via código de barras enviado pelo WhatsApp, que aparentava ser canal oficial da Unimed.",0.0
14332,"Após uma semana, a empresa entrou em contato via SMS solicitando pagamento do mês de abril, já realizado.",0.0
14332,"A vítima tentou contato via telefone e email, mas não obteve resposta sobre o golpe.",0.0
14332,"Após análise do boleto gerado, constatou-se descrepância nos dados bancários, revelando que o pagamento foi realizado por criminosos utilizando informações falsas.",0.0
14332,"O valor pago foi de R$ 1.129,75.",0.0
14332,"O caso envolve vazamento de dados, previsto na Lei 13.709/2018 (LGPD), configurando crime cibernético e uso indevido de dados.",0.0
1550,"**RELATÓRIO TÉCNICO RESUMIDO – BOLETIM DE OCORRÊNCIA**  
**DATA DOS FATOS:** 2024-05-31  
**HORA INICIAL DOS FATOS:** 1970-01-01 12:00:00  
**LOCAL:** CUIABA/RESIDENCIAL COXIPO  
**NATUREZA DA OCORRÊNCIA:** OUTRAS FRAUDES  
**RELATO SUCINTO DOS ACONTECIMENTOS:** O comunicante informa que realizaram um PIX de conta caixa, apropriando-se de dinheiro da Bolsa Família.",0.0
1550,"O beneficiário indicado foi Valmir Conceição Júnior, com números intermediários do CPF 859961.",0.0
1550,"O fato foi registrado, e a total responsabilidade é atribuída ao comunicante.",0.0
15579,"**RELATÓRIO TÉCNICO RESUMIDO – BOLETIM DE OCORRÊNCIA**  
**DATA DOS FATOS:** 2024-11-13  
**HORA INICIAL DOS FATOS:** 15:34  
**LOCAL:** CUIABA/PREJUDICADO  
**NATUREZA DA OCORRÊNCIA:** ESTELIONATO  
**RELATO SUCINTO DOS ACONTECIMENTOS:** A vítima, Marilia Gabriela, foi vítima de estelionato, onde uma pessoa solicitou dinheiro para pagar um boleto, solicitando o envio via PIX ao e-mail mariliagabi877@gmail.com.",0.0
15579,"Após tomar conhecimento através de contato com o filho, a vítima alegou que a suposta vítima não solicitou nada, assumindo responsabilidade civil e criminal.",0.0
15579,O declarante relata o ocorrido.,0.0
11575,"**RELATÓRIO TÉCNICO RESUMIDO – BOLETIM DE OCORRÊNCIA**  
**DATA DOS FATOS:** 2024-04-09  
**HORA INICIAL DOS FATOS:** 19:32  
**LOCAL:** CUIABA/JARDIM LEBLON  
**NATUREZA DA OCORRÊNCIA:** ESTELIONATO  
**RELATO SUCINTO DOS ACONTECIMENTOS:** A vítima foi vítima de golpe em março de 2024, quando uma colega solicitou empréstimo de R$ 1,00.",0.0
11575,"Posteriormente, a mesma colega pediu empréstimo de R$ 13.000,00, alegando necessidade de um cercado.",0.0
11575,"Após ser informada e ajudada, a vítima percebeu que a colega poderia arrumar o valor, mas, em momento suspeito, realizou a transação via maquininha de cartão.",0.0
11575,"Ao verificar o extrato, constatou que o valor sacado foi de R$ 2.500,00, identificando o engano.",0.0
11575,"Após o golpe, a vítima tentou contato com a colega, mas percebeu que ela havia removido perfis em redes sociais.",0.0
11575,As providências foram encaminhadas às autoridades competentes.,0.0
12313,"**RELATÓRIO TÉCNICO RESUMIDO – BOLETIM DE OCORRÊNCIA**  
**DATA DOS FATOS:** 2024-04-15  
**HORA INICIAL DOS FATOS:** 1970-01-01 18:03:00  
**LOCAL:** CUIABA/ALVORADA  
**NATUREZA DA OCORRÊNCIA:** OUTRAS FRAUDES  
**RELATO SUCINTO DOS ACONTECIMENTOS:**  
A advogada, titular de um escritório de advocacia, informa que recebeu, em data 15/04/2024, uma mensagem de cliente relatando ter recebido comunicação falsa sobre valores a serem liberados em processos judiciais (precatório, alvarás, RVP nº 9).",0.0
12313,"O contato solicitou a liberação de valores, mas a advogada afirma desconhecer a origem das mensagens e não ter autorizado ninguém a realizar tal solicitação.",0.0
12313,"Adicionalmente, outros clientes relataram ter recebido mensagens similares, indicando que o golpe envolveu a falsa comunicação de processos patrocinados, com a finalidade de solicitar pagamentos fraudulentos.",0.0
12313,"O local do crime é associado à internet, e a vítima não identifica o autor dos contatos.",0.0
11552,"**RELATÓRIO TÉCNICO RESUMIDO – BOLETIM DE OCORRÊNCIA**  
**DATA DOS FATOS:** 2024-09-03  
**HORA INICIAL DOS FATOS:** 15:10:00  
**LOCAL:** CUIABA/CIDADE ALTA  
**NATUREZA DA OCORRÊNCIA:** OUTRAS FRAUDES  
**RELATO SUCINTO DOS ACONTECIMENTOS:** A vítima precisava pagar boleto referente a parcela de financiamento de carro.",0.0
11552,"Solicitou atendimento no banco, mas todos os atendentes estavam ocupados.",0.0
11552,O próprio banco sugeriu emitir o boleto via site.,0.0
11552,"A vítima emitiu o boleto, realizou o pagamento e enviou o comprovante à advocacia.",0.0
11552,"O banco Bradesco informou que a transação foi identificada como golpe, pois o site utilizado não era oficial.",0.0
11552,O caso foi protocolado com número 7.,0.0
9841,"**RELATÓRIO TÉCNICO RESUMIDO – BOLETIM DE OCORRÊNCIA**  
**DATA DOS FATOS:** 2025-02-17  
**HORA INICIAL DOS FATOS:** 1970-01-01 12:30:00  
**LOCAL:** CUIABA/PREJUDICADO  
**NATUREZA DA OCORRÊNCIA:** ESTELIONATO  
**RELATO SUCINTO DOS ACONTECIMENTOS:** A vítima recebeu uma ligação da Bradesco informando sobre cancelamento de crédito consignado, sendo orientada a comparecer pessoalmente ao banco.",0.0
9841,"Em 17/02/2025, recebeu outra ligação sobre cancelamento de empréstimo, fornecendo dois números de WhatsApp.",0.0
9841,"Seguiu as orientações, acreditando que estava cancelando a solicitação, mas percebeu que o aplicativo bancário travou.",0.0
9841,"Dirigiu-se à agência e recebeu um extrato com transações PIX para o destinatário ""Fabiano"", revelando que o empréstimo foi refinanciado sem autorização.",0.0
5592,"**RELATÓRIO TÉCNICO RESUMIDO – BOLETIM DE OCORRÊNCIA**  
**DATA DOS FATOS:** 2024-03-11 10:00:00.000  
**HORA INICIAL DOS FATOS:** 1970-01-01 10:00:00  
**LOCAL:** CUIABA/DOUTOR FABIO LEITE  
**NATUREZA DA OCORRÊNCIA:** ESTELIONATO  
**RELATO SUCINTO DOS ACONTECIMENTOS:** O comunicante entrou em contato com uma loja virtual por meio de anúncio no Instagram, negociou a compra de câmeras fotográficas e efetuou pagamento via PIX no valor de R$ 3.400,00.",0.0
5592,"Após o pagamento, a loja deixou de responder e não enviou o produto.",0.0
5592,"O comunicante denunciou o caso via Instagram, resultando no bloqueio da loja.",0.0
5592,Protocolo nº 6 d0a.,0.0
10772,"**RELATÓRIO TÉCNICO RESUMIDO – BOLETIM DE OCORRÊNCIA**  
**DATA DOS FATOS:** 2024-12-31  
**HORA INICIAL DOS FATOS:** 1970-01-01 11:44:00  
**LOCAL:** CUIABA/DISTRITO INDUSTRIAL  
**NATUREZA DA OCORRÊNCIA:** ESTELIONATO  
**RELATO SUCINTO DOS ACONTECIMENTOS:** No dia 31/12/2024, o comunicante adquiriu uma cota de bolão da Mega Sena no valor de R$ 12.987,00, recebendo bilhetes via aplicativo Caixa.",0.0
10772,"Posteriormente, ao acessar aplicativos de loterias online, observou que as apostas realizadas não eram suas.",0.0
10772,"Ao verificar o comprovante, percebeu que o destinatário era a empresa Fly Payments Ltda, CNPJ 47082528, e o nome do destinatário era Voluti 011665.",0.0
10772,"Diante dos fatos, o comunicante solicita investigação sobre a fraude e complementa que há comportamento suspeito relacionado à oferta de bolão divulgada no Instagram com o nome ""boloesdacaixa"".",0.0
